Classe,Marqueur,Type,P(Classe),Freq_Globale,Entropie
Colère,critiquer,lemma,1.0,55,-0.0
Colère,colère,word,1.0,54,-0.0
Colère,colère,lemma,1.0,42,-0.0
Colère,réclamer,lemma,1.0,40,-0.0
Colère,manifester,lemma,1.0,35,-0.0
Colère,grève,word,1.0,35,-0.0
Colère,grève,lemma,1.0,27,-0.0
Colère,dénoncer,lemma,1.0,26,-0.0
Colère,tg,lemma,1.0,22,-0.0
Colère,tg,word,1.0,22,-0.0
Colère,critiqué,word,1.0,19,-0.0
Colère,protester,word,1.0,18,-0.0
Colère,manifesté,word,1.0,16,-0.0
Colère,mécontentement,lemma,1.0,16,-0.0
Colère,manifester,word,1.0,15,-0.0
Colère,manifestent,word,1.0,15,-0.0
Colère,manifestent,lemma,1.0,15,-0.0
Colère,réclamer,word,1.0,15,-0.0
Colère,reprocher,lemma,1.0,15,-0.0
Colère,injustice,lemma,1.0,15,-0.0
Dégoût,degouter,lemma,1.0,4,-0.0
Dégoût,dégoûter,lemma,1.0,3,-0.0
Dégoût,arabe,lemma,0.75,4,0.81
Dégoût,odeur,lemma,0.75,4,0.81
Dégoût,crasseuse,word,0.71,7,0.86
Dégoût,porc,lemma,0.67,9,1.22
Dégoût,porc,word,0.67,9,1.22
Dégoût,crasseuse,lemma,0.67,6,0.92
Dégoût,chienne,word,0.67,3,0.92
Dégoût,chienne,lemma,0.67,3,0.92
Dégoût,arabe,word,0.67,3,0.92
Dégoût,graisse,word,0.67,3,0.92
Dégoût,graisse,lemma,0.67,3,0.92
Dégoût,lesbiennes,word,0.67,3,0.92
Dégoût,cu,word,0.67,3,0.92
Dégoût,cu,lemma,0.67,3,0.92
Dégoût,crasseux,lemma,0.67,3,0.92
Dégoût,gouine,lemma,0.5,6,1.0
Dégoût,gouine,word,0.5,6,1.0
Dégoût,merd,lemma,0.5,4,1.0
Joie,heureux,lemma,1.0,36,-0.0
Joie,fête,lemma,1.0,32,-0.0
Joie,fête,word,1.0,30,-0.0
Joie,content,lemma,1.0,30,-0.0
Joie,heureux,word,1.0,27,-0.0
Joie,amuser,lemma,1.0,21,-0.0
Joie,joie,word,1.0,18,-0.0
Joie,joie,lemma,1.0,18,-0.0
Joie,heureusement,word,1.0,17,-0.0
Joie,heureusement,lemma,1.0,17,-0.0
Joie,contents,word,1.0,16,-0.0
Joie,bonheur,lemma,1.0,14,-0.0
Joie,bonheur,word,1.0,14,-0.0
Joie,amuser,word,1.0,12,-0.0
Joie,amuse,word,1.0,12,-0.0
Joie,amus,lemma,1.0,11,-0.0
Joie,contente,word,1.0,10,-0.0
Joie,réjouir,lemma,1.0,8,-0.0
Joie,enthousiasme,word,1.0,8,-0.0
Joie,ravir,lemma,1.0,8,-0.0
Peur,dangereu,lemma,1.0,36,-0.0
Peur,danger,lemma,1.0,36,-0.0
Peur,danger,word,1.0,34,-0.0
Peur,inquiéter,lemma,1.0,22,-0.0
Peur,craindre,lemma,1.0,20,-0.0
Peur,craignent,word,1.0,19,-0.0
Peur,dangereuse,word,1.0,15,-0.0
Peur,craignent,lemma,1.0,14,-0.0
Peur,inquiets,word,1.0,14,-0.0
Peur,risque,lemma,1.0,14,-0.0
Peur,inquiètent,word,1.0,14,-0.0
Peur,fui,word,1.0,13,-0.0
Peur,effrayer,lemma,1.0,11,-0.0
Peur,dangereuses,word,1.0,11,-0.0
Peur,inquiétude,lemma,1.0,11,-0.0
Peur,panique,word,1.0,11,-0.0
Peur,panique,lemma,1.0,11,-0.0
Peur,refuge,word,1.0,9,-0.0
Peur,refuge,lemma,1.0,9,-0.0
Peur,craint,word,1.0,8,-0.0
Surprise,étonner,lemma,1.0,17,-0.0
Surprise,découvert,word,1.0,14,-0.0
Surprise,surpris,word,1.0,11,-0.0
Surprise,surprendre,lemma,1.0,10,-0.0
Surprise,étonnante,word,1.0,10,-0.0
Surprise,étrange,lemma,1.0,10,-0.0
Surprise,surprenant,lemma,1.0,9,-0.0
Surprise,étrange,word,1.0,8,-0.0
Surprise,surpris,lemma,1.0,8,-0.0
Surprise,étonné,word,1.0,7,-0.0
Surprise,insolite,lemma,1.0,7,-0.0
Surprise,étonn,lemma,1.0,6,-0.0
Surprise,étonne,word,1.0,6,-0.0
Surprise,étonnés,word,1.0,6,-0.0
Surprise,incroyable,word,1.0,5,-0.0
Surprise,inédit,lemma,1.0,5,-0.0
Surprise,surprises,word,1.0,5,-0.0
Surprise,commun,word,1.0,5,-0.0
Surprise,commun,lemma,1.0,5,-0.0
Surprise,surprenant,word,1.0,4,-0.0
Tristesse,tristesse,lemma,1.0,10,-0.0
Tristesse,tristesse,word,1.0,10,-0.0
Tristesse,tristes,word,1.0,8,-0.0
Tristesse,dépression,lemma,1.0,7,-0.0
Tristesse,déçue,word,1.0,6,-0.0
Tristesse,déçu,lemma,1.0,6,-0.0
Tristesse,dépression,word,1.0,6,-0.0
Tristesse,malheureusement,lemma,1.0,6,-0.0
Tristesse,malheureusement,word,1.0,6,-0.0
Tristesse,déçu,word,1.0,5,-0.0
Tristesse,pleure,word,1.0,5,-0.0
Tristesse,embêtant,lemma,1.0,4,-0.0
Tristesse,embêtant,word,1.0,4,-0.0
Tristesse,déçue,lemma,1.0,4,-0.0
Tristesse,déçus,word,1.0,4,-0.0
Tristesse,deuil,word,1.0,4,-0.0
Tristesse,deuil,lemma,1.0,4,-0.0
Tristesse,désespérer,lemma,1.0,3,-0.0
Tristesse,attrister,lemma,1.0,3,-0.0
Tristesse,pénible,word,1.0,3,-0.0
Admiration,admirer,lemma,1.0,6,-0.0
Admiration,inspirer,lemma,1.0,4,-0.0
Admiration,idol,lemma,1.0,4,-0.0
Admiration,idole,word,1.0,4,-0.0
Admiration,prestigieux,word,1.0,3,-0.0
Admiration,admirer,word,1.0,3,-0.0
Admiration,admiration,lemma,1.0,3,-0.0
Admiration,admiration,word,1.0,3,-0.0
Admiration,formidable,lemma,1.0,3,-0.0
Admiration,formidable,word,1.0,3,-0.0
Admiration,icône,lemma,1.0,3,-0.0
Admiration,icône,word,1.0,3,-0.0
Admiration,impressionnantes,word,0.75,4,0.81
Admiration,fan,lemma,0.75,4,0.81
Admiration,merveilleux,word,0.71,7,1.15
Admiration,merveilleux,lemma,0.71,7,1.15
Admiration,héros,lemma,0.71,7,1.15
Admiration,héros,word,0.71,7,1.15
Admiration,prestigieux,lemma,0.67,6,1.25
Admiration,parfait,lemma,0.67,3,0.92
Culpabilité,coupable,word,0.75,4,0.81
Culpabilité,avouait,word,0.67,3,0.92
Culpabilité,faute,word,0.6,5,0.97
Culpabilité,excuse,lemma,0.6,5,1.37
Culpabilité,faute,lemma,0.5,6,1.0
Culpabilité,coupable,lemma,0.5,6,1.0
Culpabilité,avouer,lemma,0.5,4,1.0
Culpabilité,j'étais,word,0.5,4,1.0
Culpabilité,excuses,word,0.5,4,1.5
Culpabilité,volé,word,0.33,6,1.46
Culpabilité,pouvait,word,0.33,3,0.92
Culpabilité,tromper,lemma,0.33,3,1.58
Culpabilité,présenter,lemma,0.33,3,1.58
Culpabilité,doigt,lemma,0.33,3,1.58
Culpabilité,héroïque,lemma,0.33,3,1.58
Culpabilité,minable,lemma,0.25,4,1.5
Culpabilité,n'était,word,0.25,4,1.5
Culpabilité,nul,lemma,0.25,4,1.5
Culpabilité,minable,word,0.25,4,1.5
Culpabilité,conduite,word,0.25,4,2.0
Embarras,honte,word,1.0,11,-0.0
Embarras,hont,lemma,1.0,8,-0.0
Embarras,honte,lemma,1.0,3,-0.0
Embarras,oser,lemma,0.75,4,0.81
Embarras,humiliation,lemma,0.75,4,0.81
Embarras,humiliations,word,0.75,4,0.81
Embarras,insulté,word,0.71,7,0.86
Embarras,moquer,lemma,0.71,7,1.15
Embarras,insultes,word,0.7,20,1.46
Embarras,traiter,lemma,0.67,9,0.92
Embarras,moquerie,lemma,0.67,6,1.25
Embarras,moqueries,word,0.67,6,1.25
Embarras,revoir,lemma,0.67,3,0.92
Embarras,osent,word,0.67,3,0.92
Embarras,ose,lemma,0.67,3,0.92
Embarras,jasper,word,0.67,3,0.92
Embarras,jasper,lemma,0.67,3,0.92
Embarras,désolée,word,0.67,3,0.92
Embarras,timides,word,0.67,3,0.92
Embarras,insulte,lemma,0.64,28,1.5
Fierté,fier,lemma,1.0,17,-0.0
Fierté,fierté,word,1.0,8,-0.0
Fierté,fière,word,1.0,8,-0.0
Fierté,fier,word,1.0,7,-0.0
Fierté,fierté,lemma,1.0,5,-0.0
Fierté,fierter,lemma,1.0,3,-0.0
Fierté,compétition,word,0.67,6,1.25
Fierté,compétition,lemma,0.67,6,1.25
Fierté,fière,lemma,0.67,3,0.92
Fierté,musée,word,0.67,3,0.92
Fierté,fières,word,0.67,3,0.92
Fierté,sportif,lemma,0.67,3,0.92
Fierté,talent,word,0.67,3,0.92
Fierté,oscar,word,0.6,5,0.97
Fierté,raison,word,0.6,5,1.37
Fierté,bravo,word,0.6,5,1.37
Fierté,bravo,lemma,0.6,5,1.37
Fierté,avai,lemma,0.6,5,1.37
Fierté,meilleur,word,0.54,13,1.3
Fierté,récompense,lemma,0.5,12,1.0
Jalousie,jaloux,lemma,1.0,7,-0.0
Jalousie,jaloux,word,1.0,5,-0.0
Jalousie,jalousie,lemma,0.67,3,0.92
Jalousie,jalousies,word,0.67,3,0.92
Jalousie,joue,word,0.33,3,0.92
Jalousie,agités,word,0.33,3,0.92
Jalousie,tel,lemma,0.33,3,0.92
Jalousie,joue,lemma,0.25,4,1.5
Jalousie,atteindre,lemma,0.25,4,2.0
Jalousie,partie,word,0.17,6,1.92
Jalousie,partie,lemma,0.17,6,1.92
Jalousie,sent,word,0.11,9,2.42
Jalousie,sentir,lemma,0.04,26,2.66
