marker_value,marker_type,Comportementale,Désignée,Montrée,Suggérée,total_count,P(Comportementale),P(Désignée),P(Montrée),P(Suggérée),entropy,normalized_entropy
embête,lemma,2,3,1,1,7,0.29,0.43,0.14,0.14,1.84,0.92
insulter,lemma,6,6,2,2,16,0.38,0.38,0.12,0.12,1.81,0.91
',punctuation,70,46,153,192,461,0.15,0.10,0.33,0.42,1.80,0.90
fou,word,1,3,6,4,14,0.07,0.21,0.43,0.29,1.79,0.89
fou,lemma,2,3,9,10,24,0.08,0.12,0.38,0.42,1.73,0.87
yeux,word,4,1,1,4,10,0.40,0.10,0.10,0.40,1.72,0.86
blague,lemma,1,4,5,1,11,0.09,0.36,0.45,0.09,1.68,0.84
beaucoup,lemma,1,1,1,4,7,0.14,0.14,0.14,0.57,1.66,0.83
beaucoup,word,1,1,1,4,7,0.14,0.14,0.14,0.57,1.66,0.83
noir,lemma,3,1,1,6,11,0.27,0.09,0.09,0.55,1.62,0.81
s'en,word,2,1,7,2,12,0.17,0.08,0.58,0.17,1.61,0.81
air,word,1,0,1,1,3,0.33,0.00,0.33,0.33,1.58,0.79
toucher,lemma,1,1,0,1,3,0.33,0.33,0.00,0.33,1.58,0.79
montrer,lemma,2,0,2,2,6,0.33,0.00,0.33,0.33,1.58,0.79
demander,word,1,0,1,1,3,0.33,0.00,0.33,0.33,1.58,0.79
dommage,word,0,1,1,1,3,0.00,0.33,0.33,0.33,1.58,0.79
paix,lemma,1,0,1,1,3,0.33,0.00,0.33,0.33,1.58,0.79
noël,word,1,0,1,1,3,0.33,0.00,0.33,0.33,1.58,0.79
noël,lemma,1,0,1,1,3,0.33,0.00,0.33,0.33,1.58,0.79
coeur,word,1,1,1,0,3,0.33,0.33,0.33,0.00,1.58,0.79
homme,word,1,0,1,1,3,0.33,0.00,0.33,0.33,1.58,0.79
agace,lemma,1,1,1,0,3,0.33,0.33,0.33,0.00,1.58,0.79
sévèrement,word,1,0,1,1,3,0.33,0.00,0.33,0.33,1.58,0.79
plaît,word,0,1,1,1,3,0.00,0.33,0.33,0.33,1.58,0.79
seraient,word,1,0,1,1,3,0.33,0.00,0.33,0.33,1.58,0.79
paix,word,1,0,1,1,3,0.33,0.00,0.33,0.33,1.58,0.79
ouvert,word,1,0,1,1,3,0.33,0.00,0.33,0.33,1.58,0.79
coeur,lemma,1,1,1,0,3,0.33,0.33,0.33,0.00,1.58,0.79
gens,word,3,0,3,4,10,0.30,0.00,0.30,0.40,1.57,0.79
gens,lemma,3,0,3,4,10,0.30,0.00,0.30,0.40,1.57,0.79
peu,lemma,0,2,3,3,8,0.00,0.25,0.38,0.38,1.56,0.78
vite,lemma,3,0,2,3,8,0.38,0.00,0.25,0.38,1.56,0.78
vite,word,3,0,2,3,8,0.38,0.00,0.25,0.38,1.56,0.78
peu,word,0,2,3,3,8,0.00,0.25,0.38,0.38,1.56,0.78
mettre,word,3,0,2,2,7,0.43,0.00,0.29,0.29,1.56,0.78
idée,lemma,1,1,3,7,12,0.08,0.08,0.25,0.58,1.55,0.78
enfant,lemma,1,1,1,5,8,0.12,0.12,0.12,0.62,1.55,0.77
pays,lemma,3,0,2,4,9,0.33,0.00,0.22,0.44,1.53,0.77
peine,lemma,0,3,2,4,9,0.00,0.33,0.22,0.44,1.53,0.77
pays,word,3,0,2,4,9,0.33,0.00,0.22,0.44,1.53,0.77
arrêter,lemma,10,0,7,5,22,0.45,0.00,0.32,0.23,1.53,0.76
fêter,word,2,0,1,2,5,0.40,0.00,0.20,0.40,1.52,0.76
fêter,lemma,2,0,1,2,5,0.40,0.00,0.20,0.40,1.52,0.76
excuse,lemma,2,1,0,2,5,0.40,0.20,0.00,0.40,1.52,0.76
insulter,word,4,4,2,0,10,0.40,0.40,0.20,0.00,1.52,0.76
tête,word,2,1,0,2,5,0.40,0.20,0.00,0.40,1.52,0.76
mains,word,2,0,1,2,5,0.40,0.00,0.20,0.40,1.52,0.76
célébré,word,2,1,0,2,5,0.40,0.20,0.00,0.40,1.52,0.76
mot,word,2,0,1,2,5,0.40,0.00,0.20,0.40,1.52,0.76
pardon,lemma,0,1,2,2,5,0.00,0.20,0.40,0.40,1.52,0.76
pardon,word,0,1,2,2,5,0.00,0.20,0.40,0.40,1.52,0.76
place,lemma,2,0,1,2,5,0.40,0.00,0.20,0.40,1.52,0.76
s'est,word,2,2,0,1,5,0.40,0.40,0.00,0.20,1.52,0.76
œil,lemma,7,1,1,8,17,0.41,0.06,0.06,0.47,1.52,0.76
emporter,lemma,2,1,0,1,4,0.50,0.25,0.00,0.25,1.50,0.75
féliciter,lemma,1,2,0,1,4,0.25,0.50,0.00,0.25,1.50,0.75
vieux,lemma,1,0,1,2,4,0.25,0.00,0.25,0.50,1.50,0.75
avance,lemma,2,0,1,1,4,0.50,0.00,0.25,0.25,1.50,0.75
sauter,lemma,2,0,1,1,4,0.50,0.00,0.25,0.25,1.50,0.75
dommage,lemma,0,1,1,2,4,0.00,0.25,0.25,0.50,1.50,0.75
amusant,lemma,2,4,2,0,8,0.25,0.50,0.25,0.00,1.50,0.75
loin,lemma,1,0,1,2,4,0.25,0.00,0.25,0.50,1.50,0.75
loin,word,1,0,1,2,4,0.25,0.00,0.25,0.50,1.50,0.75
aime,word,1,0,1,2,4,0.25,0.00,0.25,0.50,1.50,0.75
ouvrir,lemma,2,0,1,1,4,0.50,0.00,0.25,0.25,1.50,0.75
polémique,lemma,1,1,0,2,4,0.25,0.25,0.00,0.50,1.50,0.75
peine,word,0,2,2,4,8,0.00,0.25,0.25,0.50,1.50,0.75
amusant,word,2,4,2,0,8,0.25,0.50,0.25,0.00,1.50,0.75
place,word,2,0,1,1,4,0.50,0.00,0.25,0.25,1.50,0.75
changer,lemma,1,0,2,1,4,0.25,0.00,0.50,0.25,1.50,0.75
polémique,word,1,1,0,2,4,0.25,0.25,0.00,0.50,1.50,0.75
homme,lemma,1,0,1,2,4,0.25,0.00,0.25,0.50,1.50,0.75
soeur,word,1,0,1,2,4,0.25,0.00,0.25,0.50,1.50,0.75
continue,word,1,0,1,2,4,0.25,0.00,0.25,0.50,1.50,0.75
tendu,lemma,2,5,0,5,12,0.17,0.42,0.00,0.42,1.48,0.74
fous,word,1,0,2,3,6,0.17,0.00,0.33,0.50,1.46,0.73
plaire,lemma,0,1,2,3,6,0.00,0.17,0.33,0.50,1.46,0.73
regarder,lemma,1,0,3,2,6,0.17,0.00,0.50,0.33,1.46,0.73
faute,lemma,0,3,1,2,6,0.00,0.50,0.17,0.33,1.46,0.73
air,lemma,3,0,1,3,7,0.43,0.00,0.14,0.43,1.45,0.72
tête,lemma,3,1,0,3,7,0.43,0.14,0.00,0.43,1.45,0.72
mettre,lemma,9,0,3,5,17,0.53,0.00,0.18,0.29,1.45,0.72
grand,word,2,0,3,6,11,0.18,0.00,0.27,0.55,1.44,0.72
trouver,lemma,3,0,3,8,14,0.21,0.00,0.21,0.57,1.41,0.71
mieux,lemma,0,1,3,4,8,0.00,0.12,0.38,0.50,1.41,0.70
honneur,lemma,3,4,0,1,8,0.38,0.50,0.00,0.12,1.41,0.70
main,lemma,4,0,1,3,8,0.50,0.00,0.12,0.38,1.41,0.70
parle,word,1,0,4,3,8,0.12,0.00,0.50,0.38,1.41,0.70
mieux,word,0,1,3,4,8,0.00,0.12,0.38,0.50,1.41,0.70
arrêter,word,3,0,4,1,8,0.38,0.00,0.50,0.12,1.41,0.70
croire,lemma,0,2,8,8,18,0.00,0.11,0.44,0.44,1.39,0.70
-,punctuation,4,1,31,24,60,0.07,0.02,0.52,0.40,1.38,0.69
énorme,lemma,0,4,1,2,7,0.00,0.57,0.14,0.29,1.38,0.69
juif,lemma,1,0,4,2,7,0.14,0.00,0.57,0.29,1.38,0.69
prend,word,2,0,1,4,7,0.29,0.00,0.14,0.57,1.38,0.69
incroyable,word,0,4,1,2,7,0.00,0.57,0.14,0.29,1.38,0.69
regarde,word,1,0,3,1,5,0.20,0.00,0.60,0.20,1.37,0.69
photos,word,1,0,3,1,5,0.20,0.00,0.60,0.20,1.37,0.69
croire,word,0,1,1,3,5,0.00,0.20,0.20,0.60,1.37,0.69
porter,word,3,0,1,1,5,0.60,0.00,0.20,0.20,1.37,0.69
conflit,word,6,2,0,2,10,0.60,0.20,0.00,0.20,1.37,0.69
langue,word,1,0,1,3,5,0.20,0.00,0.20,0.60,1.37,0.69
parler,lemma,4,0,12,4,20,0.20,0.00,0.60,0.20,1.37,0.69
trouvé,word,1,0,1,3,5,0.20,0.00,0.20,0.60,1.37,0.69
langue,lemma,1,0,1,3,5,0.20,0.00,0.20,0.60,1.37,0.69
réveiller,lemma,1,0,1,3,5,0.20,0.00,0.20,0.60,1.37,0.69
soeur,lemma,1,0,1,3,5,0.20,0.00,0.20,0.60,1.37,0.69
faute,word,0,3,1,1,5,0.00,0.60,0.20,0.20,1.37,0.69
embête,word,1,3,0,1,5,0.20,0.60,0.00,0.20,1.37,0.69
super,lemma,0,5,1,4,10,0.00,0.50,0.10,0.40,1.36,0.68
célébrer,lemma,5,1,0,4,10,0.50,0.10,0.00,0.40,1.36,0.68
super,word,0,5,1,4,10,0.00,0.50,0.10,0.40,1.36,0.68
pourquoi,word,1,0,5,3,9,0.11,0.00,0.56,0.33,1.35,0.68
mot,lemma,3,0,1,5,9,0.33,0.00,0.11,0.56,1.35,0.68
pourquoi,lemma,1,0,5,3,9,0.11,0.00,0.56,0.33,1.35,0.68
vie,lemma,1,1,10,16,28,0.04,0.04,0.36,0.57,1.34,0.67
conflit,lemma,8,2,0,3,13,0.62,0.15,0.00,0.23,1.33,0.67
vie,word,1,1,10,17,29,0.03,0.03,0.34,0.59,1.32,0.66
d'un,word,2,0,1,5,8,0.25,0.00,0.12,0.62,1.30,0.65
génial,lemma,0,10,4,2,16,0.00,0.62,0.25,0.12,1.30,0.65
génial,word,0,10,4,2,16,0.00,0.62,0.25,0.12,1.30,0.65
qu'on,word,1,0,5,2,8,0.12,0.00,0.62,0.25,1.30,0.65
battre,lemma,7,0,1,6,14,0.50,0.00,0.07,0.43,1.30,0.65
rendre,lemma,7,0,1,5,13,0.54,0.00,0.08,0.38,1.30,0.65
penser,lemma,1,0,3,6,10,0.10,0.00,0.30,0.60,1.30,0.65
aimer,lemma,1,0,9,8,18,0.06,0.00,0.50,0.44,1.25,0.63
énorme,word,0,4,1,1,6,0.00,0.67,0.17,0.17,1.25,0.63
rester,lemma,1,0,1,4,6,0.17,0.00,0.17,0.67,1.25,0.63
blessé,lemma,1,1,0,4,6,0.17,0.17,0.00,0.67,1.25,0.63
violence,word,2,0,2,8,12,0.17,0.00,0.17,0.67,1.25,0.63
photo,lemma,1,0,4,1,6,0.17,0.00,0.67,0.17,1.25,0.63
drôle,word,0,14,3,25,42,0.00,0.33,0.07,0.60,1.25,0.62
parler,word,3,0,7,1,11,0.27,0.00,0.64,0.09,1.24,0.62
idée,word,1,0,3,7,11,0.09,0.00,0.27,0.64,1.24,0.62
demander,lemma,1,0,4,8,13,0.08,0.00,0.31,0.62,1.24,0.62
laisser,lemma,1,0,10,7,18,0.06,0.00,0.56,0.39,1.23,0.62
drôle,lemma,0,16,3,28,47,0.00,0.34,0.06,0.60,1.23,0.61
temps,word,1,0,2,6,9,0.11,0.00,0.22,0.67,1.22,0.61
temps,lemma,1,0,2,6,9,0.11,0.00,0.22,0.67,1.22,0.61
ferme,lemma,1,0,6,2,9,0.11,0.00,0.67,0.22,1.22,0.61
ferme,word,1,0,6,2,9,0.11,0.00,0.67,0.22,1.22,0.61
soi,lemma,118,6,6,45,175,0.67,0.03,0.03,0.26,1.22,0.61
assez,lemma,1,12,0,13,26,0.04,0.46,0.00,0.50,1.20,0.60
fois,word,1,0,3,8,12,0.08,0.00,0.25,0.67,1.19,0.59
fois,lemma,1,0,3,8,12,0.08,0.00,0.25,0.67,1.19,0.59
grand,lemma,5,0,3,18,26,0.19,0.00,0.12,0.69,1.18,0.59
assez,word,1,12,0,16,29,0.03,0.41,0.00,0.55,1.17,0.58
prendre,lemma,7,0,1,13,21,0.33,0.00,0.05,0.62,1.17,0.58
bon,word,0,1,9,15,25,0.00,0.04,0.36,0.60,1.16,0.58
porter,lemma,7,0,1,2,10,0.70,0.00,0.10,0.20,1.16,0.58
arriver,lemma,1,0,2,7,10,0.10,0.00,0.20,0.70,1.16,0.58
sentir,lemma,2,0,1,7,10,0.20,0.00,0.10,0.70,1.16,0.58
menacé,word,2,7,0,1,10,0.20,0.70,0.00,0.10,1.16,0.58
incroyable,lemma,0,7,1,2,10,0.00,0.70,0.10,0.20,1.16,0.58
venir,lemma,2,0,1,7,10,0.20,0.00,0.10,0.70,1.16,0.58
suffire,lemma,0,1,1,5,7,0.00,0.14,0.14,0.71,1.15,0.57
enfants,word,1,0,1,5,7,0.14,0.00,0.14,0.71,1.15,0.57
suffit,word,0,1,1,5,7,0.00,0.14,0.14,0.71,1.15,0.57
",",punctuation,4,0,42,14,60,0.07,0.00,0.70,0.23,1.11,0.56
horrible,lemma,0,11,2,2,15,0.00,0.73,0.13,0.13,1.10,0.55
fête,word,20,0,1,9,30,0.67,0.00,0.03,0.30,1.07,0.54
bon,lemma,0,2,11,30,43,0.00,0.05,0.26,0.70,1.07,0.54
dormir,lemma,1,0,1,6,8,0.12,0.00,0.12,0.75,1.06,0.53
fête,lemma,22,0,1,9,32,0.69,0.00,0.03,0.28,1.04,0.52
.,punctuation,0,1,9,2,12,0.00,0.08,0.75,0.17,1.04,0.52
horrible,word,0,9,2,1,12,0.00,0.75,0.17,0.08,1.04,0.52
sourire,word,9,1,0,2,12,0.75,0.08,0.00,0.17,1.04,0.52
gros,word,2,0,21,5,28,0.07,0.00,0.75,0.18,1.03,0.51
crier,lemma,14,0,1,4,19,0.74,0.00,0.05,0.21,1.02,0.51
regard,word,2,0,0,2,4,0.50,0.00,0.00,0.50,1.00,0.50
expulser,word,2,0,0,2,4,0.50,0.00,0.00,0.50,1.00,0.50
expulser,lemma,2,0,0,2,4,0.50,0.00,0.00,0.50,1.00,0.50
exceptionnel,word,0,2,0,2,4,0.00,0.50,0.00,0.50,1.00,0.50
amusé,lemma,2,2,0,0,4,0.50,0.50,0.00,0.00,1.00,0.50
excellent,lemma,0,0,2,2,4,0.00,0.00,0.50,0.50,1.00,0.50
oreille,lemma,2,0,0,2,4,0.50,0.00,0.00,0.50,1.00,0.50
conflits,word,2,0,0,2,4,0.50,0.00,0.00,0.50,1.00,0.50
timidement,word,2,2,0,0,4,0.50,0.50,0.00,0.00,1.00,0.50
laisser,word,0,0,4,4,8,0.00,0.00,0.50,0.50,1.00,0.50
l'air,word,2,0,0,2,4,0.50,0.00,0.00,0.50,1.00,0.50
timidement,lemma,2,2,0,0,4,0.50,0.50,0.00,0.00,1.00,0.50
persécutions,word,0,2,0,2,4,0.00,0.50,0.00,0.50,1.00,0.50
pile,lemma,0,0,5,5,10,0.00,0.00,0.50,0.50,1.00,0.50
piles,word,0,0,4,4,8,0.00,0.00,0.50,0.50,1.00,0.50
persécution,lemma,0,2,0,2,4,0.00,0.50,0.00,0.50,1.00,0.50
boum,word,0,0,2,2,4,0.00,0.00,0.50,0.50,1.00,0.50
punir,word,3,0,0,3,6,0.50,0.00,0.00,0.50,1.00,0.50
gagnera,lemma,2,0,0,2,4,0.50,0.00,0.00,0.50,1.00,0.50
arracher,lemma,2,0,0,2,4,0.50,0.00,0.00,0.50,1.00,0.50
voix,lemma,3,0,0,3,6,0.50,0.00,0.00,0.50,1.00,0.50
voix,word,3,0,0,3,6,0.50,0.00,0.00,0.50,1.00,0.50
enfermer,lemma,3,0,0,3,6,0.50,0.00,0.00,0.50,1.00,0.50
voulaient,word,0,2,0,2,4,0.00,0.50,0.00,0.50,1.00,0.50
gagnera,word,2,0,0,2,4,0.50,0.00,0.00,0.50,1.00,0.50
s'amuse,word,2,2,0,0,4,0.50,0.50,0.00,0.00,1.00,0.50
frustrant,word,0,2,0,2,4,0.00,0.50,0.00,0.50,1.00,0.50
frustrant,lemma,0,2,0,2,4,0.00,0.50,0.00,0.50,1.00,0.50
énerve,word,2,2,0,0,4,0.50,0.50,0.00,0.00,1.00,0.50
encore,lemma,0,0,6,6,12,0.00,0.00,0.50,0.50,1.00,0.50
encore,word,0,0,6,6,12,0.00,0.00,0.50,0.50,1.00,0.50
gêné,lemma,0,2,0,2,4,0.00,0.50,0.00,0.50,1.00,0.50
cru,word,0,0,2,2,4,0.00,0.00,0.50,0.50,1.00,0.50
croit,word,0,0,3,3,6,0.00,0.00,0.50,0.50,1.00,0.50
humiliation,lemma,0,2,0,2,4,0.00,0.50,0.00,0.50,1.00,0.50
humeur,word,0,2,0,2,4,0.00,0.50,0.00,0.50,1.00,0.50
proteste,word,2,0,2,0,4,0.50,0.00,0.50,0.00,1.00,0.50
humiliations,word,0,2,0,2,4,0.00,0.50,0.00,0.50,1.00,0.50
interdire,lemma,2,0,0,2,4,0.50,0.00,0.00,0.50,1.00,0.50
jeter,lemma,2,0,0,2,4,0.50,0.00,0.00,0.50,1.00,0.50
bonbons,word,0,0,2,2,4,0.00,0.00,0.50,0.50,1.00,0.50
humeur,lemma,0,2,0,2,4,0.00,0.50,0.00,0.50,1.00,0.50
d'être,word,0,0,2,2,4,0.00,0.00,0.50,0.50,1.00,0.50
danser,lemma,2,0,0,2,4,0.50,0.00,0.00,0.50,1.00,0.50
falloir,lemma,0,0,9,8,17,0.00,0.00,0.53,0.47,1.00,0.50
attaqué,word,6,0,0,7,13,0.46,0.00,0.00,0.54,1.00,0.50
amuse,lemma,7,6,0,0,13,0.54,0.46,0.00,0.00,1.00,0.50
protéger,word,11,0,0,13,24,0.46,0.00,0.00,0.54,0.99,0.50
voir,word,0,0,5,6,11,0.00,0.00,0.45,0.55,0.99,0.50
tension,lemma,0,5,0,4,9,0.00,0.56,0.00,0.44,0.99,0.50
silence,lemma,5,0,0,4,9,0.56,0.00,0.00,0.44,0.99,0.50
tensions,word,0,5,0,4,9,0.00,0.56,0.00,0.44,0.99,0.50
silence,word,5,0,0,4,9,0.56,0.00,0.00,0.44,0.99,0.50
menacer,word,1,7,0,1,9,0.11,0.78,0.00,0.11,0.99,0.49
histoire,lemma,0,0,3,4,7,0.00,0.00,0.43,0.57,0.99,0.49
tirer,lemma,3,0,0,4,7,0.43,0.00,0.00,0.57,0.99,0.49
pris,word,3,0,0,4,7,0.43,0.00,0.00,0.57,0.99,0.49
occuper,lemma,3,0,0,4,7,0.43,0.00,0.00,0.57,0.99,0.49
réjouir,lemma,4,3,0,0,7,0.57,0.43,0.00,0.00,0.99,0.49
avis,lemma,0,0,4,3,7,0.00,0.00,0.57,0.43,0.99,0.49
tenir,lemma,0,0,4,3,7,0.00,0.00,0.57,0.43,0.99,0.49
insulte,word,4,3,0,0,7,0.57,0.43,0.00,0.00,0.99,0.49
condamner,lemma,3,0,0,4,7,0.43,0.00,0.00,0.57,0.99,0.49
protéger,lemma,11,0,0,15,26,0.42,0.00,0.00,0.58,0.98,0.49
réjouit,word,3,2,0,0,5,0.60,0.40,0.00,0.00,0.97,0.49
battre,word,3,0,0,2,5,0.60,0.00,0.00,0.40,0.97,0.49
fort,word,2,0,0,3,5,0.40,0.00,0.00,0.60,0.97,0.49
avis,word,0,0,3,2,5,0.00,0.00,0.60,0.40,0.97,0.49
drôles,word,0,2,0,3,5,0.00,0.40,0.00,0.60,0.97,0.49
feu,lemma,2,0,0,3,5,0.40,0.00,0.00,0.60,0.97,0.49
feu,word,2,0,0,3,5,0.40,0.00,0.00,0.60,0.97,0.49
fille,lemma,0,0,2,3,5,0.00,0.00,0.40,0.60,0.97,0.49
tas,lemma,0,0,3,2,5,0.00,0.00,0.60,0.40,0.97,0.49
tas,word,0,0,3,2,5,0.00,0.00,0.60,0.40,0.97,0.49
quitté,word,3,0,0,2,5,0.60,0.00,0.00,0.40,0.97,0.49
immense,lemma,2,0,0,3,5,0.40,0.00,0.00,0.60,0.97,0.49
problème,word,0,0,2,3,5,0.00,0.00,0.40,0.60,0.97,0.49
immense,word,2,0,0,3,5,0.40,0.00,0.00,0.60,0.97,0.49
punir,lemma,3,0,0,2,5,0.60,0.00,0.00,0.40,0.97,0.49
qu'il,word,0,0,4,6,10,0.00,0.00,0.40,0.60,0.97,0.49
jouer,word,0,0,3,2,5,0.00,0.00,0.60,0.40,0.97,0.49
cacher,word,2,0,0,3,5,0.40,0.00,0.00,0.60,0.97,0.49
célébrer,word,3,0,0,2,5,0.60,0.00,0.00,0.40,0.97,0.49
laisse,word,0,0,2,3,5,0.00,0.00,0.40,0.60,0.97,0.49
pauvre,word,0,0,3,2,5,0.00,0.00,0.60,0.40,0.97,0.49
partir,word,2,0,0,3,5,0.40,0.00,0.00,0.60,0.97,0.49
amuse,word,6,4,0,0,10,0.60,0.40,0.00,0.00,0.97,0.49
noir,word,2,0,0,3,5,0.40,0.00,0.00,0.60,0.97,0.49
moment,word,0,0,2,3,5,0.00,0.00,0.40,0.60,0.97,0.49
étrange,lemma,0,6,0,4,10,0.00,0.60,0.00,0.40,0.97,0.49
contre,word,9,0,0,6,15,0.60,0.00,0.00,0.40,0.97,0.49
énerve,lemma,2,3,0,0,5,0.40,0.60,0.00,0.00,0.97,0.49
explosé,word,0,0,3,2,5,0.00,0.00,0.60,0.40,0.97,0.49
exploits,word,0,2,0,3,5,0.00,0.40,0.00,0.60,0.97,0.49
enthousiasme,word,2,3,0,0,5,0.40,0.60,0.00,0.00,0.97,0.49
vrai,word,0,0,2,3,5,0.00,0.00,0.40,0.60,0.97,0.49
menace,word,4,16,0,1,21,0.19,0.76,0.00,0.05,0.96,0.48
contre,lemma,8,0,0,5,13,0.62,0.00,0.00,0.38,0.96,0.48
vu,word,0,0,3,5,8,0.00,0.00,0.38,0.62,0.95,0.48
exploser,lemma,0,0,3,5,8,0.00,0.00,0.38,0.62,0.95,0.48
traité,word,3,5,0,0,8,0.38,0.62,0.00,0.00,0.95,0.48
étrange,word,0,5,0,3,8,0.00,0.62,0.00,0.38,0.95,0.48
tomber,lemma,0,0,3,5,8,0.00,0.00,0.38,0.62,0.95,0.48
servir,lemma,0,0,5,3,8,0.00,0.00,0.62,0.38,0.95,0.48
attaquer,lemma,9,0,0,15,24,0.38,0.00,0.00,0.62,0.95,0.48
cacher,lemma,5,0,0,3,8,0.62,0.00,0.00,0.38,0.95,0.48
traité,lemma,3,5,0,0,8,0.38,0.62,0.00,0.00,0.95,0.48
sourire,lemma,11,1,0,2,14,0.79,0.07,0.00,0.14,0.95,0.47
bonne,word,0,1,2,11,14,0.00,0.07,0.14,0.79,0.95,0.47
faut,word,0,0,7,4,11,0.00,0.00,0.64,0.36,0.95,0.47
insulte,lemma,9,16,0,0,25,0.36,0.64,0.00,0.00,0.94,0.47
rire,word,19,3,0,2,24,0.79,0.12,0.00,0.08,0.94,0.47
passer,lemma,0,0,5,9,14,0.00,0.00,0.36,0.64,0.94,0.47
juste,word,1,0,23,6,30,0.03,0.00,0.77,0.20,0.92,0.46
menacer,lemma,4,36,0,5,45,0.09,0.80,0.00,0.11,0.92,0.46
adorer,lemma,0,0,1,2,3,0.00,0.00,0.33,0.67,0.92,0.46
continuer,lemma,2,0,0,4,6,0.33,0.00,0.00,0.67,0.92,0.46
consterné,word,1,2,0,0,3,0.33,0.67,0.00,0.00,0.92,0.46
consterner,lemma,1,2,0,0,3,0.33,0.67,0.00,0.00,0.92,0.46
mordre,lemma,0,2,0,1,3,0.00,0.67,0.00,0.33,0.92,0.46
montre,word,0,0,2,1,3,0.00,0.00,0.67,0.33,0.92,0.46
affaire,lemma,0,0,2,1,3,0.00,0.00,0.67,0.33,0.92,0.46
affaires,word,0,0,2,1,3,0.00,0.00,0.67,0.33,0.92,0.46
agir,lemma,0,0,1,2,3,0.00,0.00,0.33,0.67,0.92,0.46
entrer,lemma,1,0,0,2,3,0.33,0.00,0.00,0.67,0.92,0.46
entrez,lemma,0,0,1,2,3,0.00,0.00,0.33,0.67,0.92,0.46
entrez,word,0,0,1,2,3,0.00,0.00,0.33,0.67,0.92,0.46
désolée,word,0,1,2,0,3,0.00,0.33,0.67,0.00,0.92,0.46
esprit,lemma,2,0,0,1,3,0.67,0.00,0.00,0.33,0.92,0.46
adore,word,0,0,1,2,3,0.00,0.00,0.33,0.67,0.92,0.46
admiration,lemma,1,2,0,0,3,0.33,0.67,0.00,0.00,0.92,0.46
voulu,word,1,0,0,2,3,0.33,0.00,0.00,0.67,0.92,0.46
n'ai,word,0,0,2,1,3,0.00,0.00,0.67,0.33,0.92,0.46
n'est,word,0,0,4,2,6,0.00,0.00,0.67,0.33,0.92,0.46
complètement,lemma,0,0,1,2,3,0.00,0.00,0.33,0.67,0.92,0.46
complètement,word,0,0,1,2,3,0.00,0.00,0.33,0.67,0.92,0.46
mesure,lemma,1,0,0,2,3,0.33,0.00,0.00,0.67,0.92,0.46
muslim,lemma,0,0,2,1,3,0.00,0.00,0.67,0.33,0.92,0.46
mériter,lemma,0,0,1,2,3,0.00,0.00,0.33,0.67,0.92,0.46
muslim,word,0,0,2,1,3,0.00,0.00,0.67,0.33,0.92,0.46
mec,lemma,0,0,2,1,3,0.00,0.00,0.67,0.33,0.92,0.46
maison,lemma,3,0,0,6,9,0.33,0.00,0.00,0.67,0.92,0.46
venir,word,2,0,0,4,6,0.33,0.00,0.00,0.67,0.92,0.46
trouver,word,2,0,0,4,6,0.33,0.00,0.00,0.67,0.92,0.46
alerte,word,2,1,0,0,3,0.67,0.33,0.00,0.00,0.92,0.46
alerte,lemma,2,1,0,0,3,0.67,0.33,0.00,0.00,0.92,0.46
couleur,lemma,2,0,0,1,3,0.67,0.00,0.00,0.33,0.92,0.46
couleurs,word,2,0,0,1,3,0.67,0.00,0.00,0.33,0.92,0.46
aise,lemma,0,6,0,3,9,0.00,0.67,0.00,0.33,0.92,0.46
alarme,lemma,2,0,0,1,3,0.67,0.00,0.00,0.33,0.92,0.46
magnifique,lemma,0,2,0,1,3,0.00,0.67,0.00,0.33,0.92,0.46
main,word,2,0,0,1,3,0.67,0.00,0.00,0.33,0.92,0.46
lutter,lemma,2,0,0,1,3,0.67,0.00,0.00,0.33,0.92,0.46
monstre,lemma,0,0,2,1,3,0.00,0.00,0.67,0.33,0.92,0.46
misère,word,0,2,0,1,3,0.00,0.67,0.00,0.33,0.92,0.46
misère,lemma,0,2,0,1,3,0.00,0.67,0.00,0.33,0.92,0.46
millions,word,0,0,1,2,3,0.00,0.00,0.33,0.67,0.92,0.46
million,lemma,0,0,1,2,3,0.00,0.00,0.33,0.67,0.92,0.46
ntm,word,2,0,1,0,3,0.67,0.00,0.33,0.00,0.92,0.46
ntm,lemma,2,0,1,0,3,0.67,0.00,0.33,0.00,0.92,0.46
excellent,word,0,0,2,1,3,0.00,0.00,0.67,0.33,0.92,0.46
fabuleux,lemma,0,2,1,0,3,0.00,0.67,0.33,0.00,0.92,0.46
effet,lemma,0,1,0,2,3,0.00,0.33,0.00,0.67,0.92,0.46
effets,word,0,1,0,2,3,0.00,0.33,0.00,0.67,0.92,0.46
amusé,word,1,2,0,0,3,0.33,0.67,0.00,0.00,0.92,0.46
original,lemma,0,1,0,2,3,0.00,0.33,0.00,0.67,0.92,0.46
originale,word,0,1,0,2,3,0.00,0.33,0.00,0.67,0.92,0.46
chouette,lemma,0,1,2,0,3,0.00,0.33,0.67,0.00,0.92,0.46
chouette,word,0,1,2,0,3,0.00,0.33,0.67,0.00,0.92,0.46
combat,lemma,1,0,0,2,3,0.33,0.00,0.00,0.67,0.92,0.46
paris,lemma,1,0,0,2,3,0.33,0.00,0.00,0.67,0.92,0.46
paris,word,1,0,0,2,3,0.33,0.00,0.00,0.67,0.92,0.46
partir,lemma,2,0,0,4,6,0.33,0.00,0.00,0.67,0.92,0.46
pavé,lemma,0,0,2,1,3,0.00,0.00,0.67,0.33,0.92,0.46
course,word,1,0,0,2,3,0.33,0.00,0.00,0.67,0.92,0.46
jouer,lemma,0,0,3,6,9,0.00,0.00,0.33,0.67,0.92,0.46
lettre,lemma,0,0,1,2,3,0.00,0.00,0.33,0.67,0.92,0.46
l'histoire,word,0,0,1,2,3,0.00,0.00,0.33,0.67,0.92,0.46
courir,word,1,0,0,2,3,0.33,0.00,0.00,0.67,0.92,0.46
pensé,word,0,0,1,2,3,0.00,0.00,0.33,0.67,0.92,0.46
interdits,word,1,0,0,2,3,0.33,0.00,0.00,0.67,0.92,0.46
intrigué,lemma,0,2,0,1,3,0.00,0.67,0.00,0.33,0.92,0.46
inventer,lemma,0,0,1,2,3,0.00,0.00,0.33,0.67,0.92,0.46
interdire,word,2,0,0,1,3,0.67,0.00,0.00,0.33,0.92,0.46
insulté,word,2,4,0,0,6,0.33,0.67,0.00,0.00,0.92,0.46
insulté,lemma,2,4,0,0,6,0.33,0.67,0.00,0.00,0.92,0.46
insécurité,lemma,0,1,0,2,3,0.00,0.33,0.00,0.67,0.92,0.46
insécurité,word,0,1,0,2,3,0.00,0.33,0.00,0.67,0.92,0.46
pire,word,0,0,1,2,3,0.00,0.00,0.33,0.67,0.92,0.46
insultent,word,1,0,0,2,3,0.33,0.00,0.00,0.67,0.92,0.46
pied,lemma,1,0,0,2,3,0.33,0.00,0.00,0.67,0.92,0.46
jolies,word,0,0,1,2,3,0.00,0.00,0.33,0.67,0.92,0.46
jeune,lemma,0,0,2,1,3,0.00,0.00,0.67,0.33,0.92,0.46
courir,lemma,1,0,0,2,3,0.33,0.00,0.00,0.67,0.92,0.46
pavé,word,0,0,2,1,3,0.00,0.00,0.67,0.33,0.92,0.46
payer,lemma,0,0,2,1,3,0.00,0.00,0.67,0.33,0.92,0.46
prendre,word,2,0,0,4,6,0.33,0.00,0.00,0.67,0.92,0.46
train,lemma,1,0,0,2,3,0.33,0.00,0.00,0.67,0.92,0.46
c'était,word,0,0,2,1,3,0.00,0.00,0.67,0.33,0.92,0.46
pourrait,word,0,0,2,1,3,0.00,0.00,0.67,0.33,0.92,0.46
porc,lemma,0,0,6,3,9,0.00,0.00,0.67,0.33,0.92,0.46
cu,word,0,0,2,1,3,0.00,0.00,0.67,0.33,0.92,0.46
cu,lemma,0,0,2,1,3,0.00,0.00,0.67,0.33,0.92,0.46
porc,word,0,0,6,3,9,0.00,0.00,0.67,0.33,0.92,0.46
insolites,word,0,2,0,1,3,0.00,0.67,0.00,0.33,0.92,0.46
danser,word,2,0,0,1,3,0.67,0.00,0.00,0.33,0.92,0.46
indigné,lemma,0,0,1,2,3,0.00,0.00,0.33,0.67,0.92,0.46
d'argent,word,0,0,1,2,3,0.00,0.00,0.33,0.67,0.92,0.46
pure,word,0,0,2,1,3,0.00,0.00,0.67,0.33,0.92,0.46
pur,lemma,0,0,2,1,3,0.00,0.00,0.67,0.33,0.92,0.46
brûlés,word,1,0,0,2,3,0.33,0.00,0.00,0.67,0.92,0.46
boum,lemma,0,0,2,1,3,0.00,0.00,0.67,0.33,0.92,0.46
prestigieuse,word,0,1,0,2,3,0.00,0.33,0.00,0.67,0.92,0.46
prestigieuse,lemma,0,1,0,2,3,0.00,0.33,0.00,0.67,0.92,0.46
incapable,lemma,1,0,0,2,3,0.33,0.00,0.00,0.67,0.92,0.46
inattendu,lemma,0,2,0,1,3,0.00,0.67,0.00,0.33,0.92,0.46
impressionnante,word,0,2,0,1,3,0.00,0.67,0.00,0.33,0.92,0.46
impatiente,lemma,0,2,0,1,3,0.00,0.67,0.00,0.33,0.92,0.46
horribles,word,0,2,0,1,3,0.00,0.67,0.00,0.33,0.92,0.46
relation,lemma,2,0,0,1,3,0.67,0.00,0.00,0.33,0.92,0.46
bonbon,lemma,0,0,2,1,3,0.00,0.00,0.67,0.33,0.92,0.46
raconter,lemma,1,0,2,0,3,0.33,0.00,0.67,0.00,0.92,0.46
r,word,0,0,1,2,3,0.00,0.00,0.33,0.67,0.92,0.46
pire,lemma,0,0,1,2,3,0.00,0.00,0.33,0.67,0.92,0.46
peut-être,word,0,0,1,2,3,0.00,0.00,0.33,0.67,0.92,0.46
train,word,1,0,0,2,3,0.33,0.00,0.00,0.67,0.92,0.46
lettre,word,0,0,1,2,3,0.00,0.00,0.33,0.67,0.92,0.46
course,lemma,1,0,0,2,3,0.33,0.00,0.00,0.67,0.92,0.46
histoire,word,0,0,1,2,3,0.00,0.00,0.33,0.67,0.92,0.46
quel,word,0,0,2,1,3,0.00,0.00,0.67,0.33,0.92,0.46
question,lemma,0,0,1,2,3,0.00,0.00,0.33,0.67,0.92,0.46
question,word,0,0,1,2,3,0.00,0.00,0.33,0.67,0.92,0.46
r,lemma,0,0,1,2,3,0.00,0.00,0.33,0.67,0.92,0.46
gronder,lemma,1,0,0,2,3,0.33,0.00,0.00,0.67,0.92,0.46
gronder,word,1,0,0,2,3,0.33,0.00,0.00,0.67,0.92,0.46
habits,word,0,0,1,2,3,0.00,0.00,0.33,0.67,0.92,0.46
réfugié,lemma,2,0,0,1,3,0.67,0.00,0.00,0.33,0.92,0.46
récupérer,word,1,0,0,2,3,0.33,0.00,0.00,0.67,0.92,0.46
rouler,lemma,2,0,0,1,3,0.67,0.00,0.00,0.33,0.92,0.46
récupérer,lemma,1,0,0,2,3,0.33,0.00,0.00,0.67,0.92,0.46
risquer,lemma,0,2,0,1,3,0.00,0.67,0.00,0.33,0.92,0.46
remettre,lemma,1,0,0,2,3,0.33,0.00,0.00,0.67,0.92,0.46
gâteau,lemma,0,0,1,2,3,0.00,0.00,0.33,0.67,0.92,0.46
habit,lemma,0,0,1,2,3,0.00,0.00,0.33,0.67,0.92,0.46
gagne,word,0,0,2,4,6,0.00,0.00,0.33,0.67,0.92,0.46
relations,word,2,0,0,1,3,0.67,0.00,0.00,0.33,0.92,0.46
doigt,lemma,1,2,0,0,3,0.33,0.67,0.00,0.00,0.92,0.46
drame,word,0,2,0,1,3,0.00,0.67,0.00,0.33,0.92,0.46
avance,word,2,0,1,0,3,0.67,0.00,0.33,0.00,0.92,0.46
sacré,word,0,0,2,1,3,0.00,0.00,0.67,0.33,0.92,0.46
sacrer,lemma,0,0,2,1,3,0.00,0.00,0.67,0.33,0.92,0.46
drame,lemma,0,2,0,1,3,0.00,0.67,0.00,0.33,0.92,0.46
s'emporte,word,2,1,0,0,3,0.67,0.33,0.00,0.00,0.92,0.46
banal,word,0,1,0,2,3,0.00,0.33,0.00,0.67,0.92,0.46
révoltée,word,2,1,0,0,3,0.67,0.33,0.00,0.00,0.92,0.46
banal,lemma,0,1,0,2,3,0.00,0.33,0.00,0.67,0.92,0.46
révoltée,lemma,2,1,0,0,3,0.67,0.33,0.00,0.00,0.92,0.46
révolté,lemma,2,1,0,0,3,0.67,0.33,0.00,0.00,0.92,0.46
grands,word,1,0,0,2,3,0.33,0.00,0.00,0.67,0.92,0.46
guerres,word,1,0,0,2,3,0.33,0.00,0.00,0.67,0.92,0.46
arraché,word,1,0,0,2,3,0.33,0.00,0.00,0.67,0.92,0.46
arrivent,word,1,0,0,2,3,0.33,0.00,0.00,0.67,0.92,0.46
siffler,lemma,2,0,1,0,3,0.67,0.00,0.33,0.00,0.92,0.46
sortir,word,0,0,1,2,3,0.00,0.00,0.33,0.67,0.92,0.46
force,lemma,0,0,1,2,3,0.00,0.00,0.33,0.67,0.92,0.46
décider,lemma,0,0,1,2,3,0.00,0.00,0.33,0.67,0.92,0.46
fermer,lemma,2,0,1,0,3,0.67,0.00,0.33,0.00,0.92,0.46
senti,word,2,0,0,1,3,0.67,0.00,0.00,0.33,0.92,0.46
table,lemma,0,0,2,1,3,0.00,0.00,0.67,0.33,0.92,0.46
animaux,word,0,0,1,2,3,0.00,0.00,0.33,0.67,0.92,0.46
angoissé,word,0,2,1,0,3,0.00,0.67,0.33,0.00,0.92,0.46
supprimer,lemma,0,0,1,2,3,0.00,0.00,0.33,0.67,0.92,0.46
subir,word,0,2,0,1,3,0.00,0.67,0.00,0.33,0.92,0.46
spectacle,lemma,1,0,0,2,3,0.33,0.00,0.00,0.67,0.92,0.46
arrête,word,1,0,2,0,3,0.33,0.00,0.67,0.00,0.92,0.46
voiture,lemma,2,0,0,1,3,0.67,0.00,0.00,0.33,0.92,0.46
désolé,lemma,0,2,1,0,3,0.00,0.67,0.33,0.00,0.92,0.46
désespérer,lemma,0,2,1,0,3,0.00,0.67,0.33,0.00,0.92,0.46
tellement,word,0,0,2,1,3,0.00,0.00,0.67,0.33,0.92,0.46
tendues,word,2,0,0,4,6,0.33,0.00,0.00,0.67,0.92,0.46
tel,lemma,0,0,1,2,3,0.00,0.00,0.33,0.67,0.92,0.46
voir,lemma,0,0,10,20,30,0.00,0.00,0.33,0.67,0.92,0.46
viol,lemma,0,0,1,2,3,0.00,0.00,0.33,0.67,0.92,0.46
tellement,lemma,0,0,2,1,3,0.00,0.00,0.67,0.33,0.92,0.46
viens,word,0,0,2,1,3,0.00,0.00,0.67,0.33,0.92,0.46
vien,lemma,0,0,2,1,3,0.00,0.00,0.67,0.33,0.92,0.46
vidéo,lemma,0,0,2,1,3,0.00,0.00,0.67,0.33,0.92,0.46
fabuleux,word,0,2,1,0,3,0.00,0.67,0.33,0.00,0.92,0.46
accuser,word,2,0,0,1,3,0.67,0.00,0.00,0.33,0.92,0.46
abri,lemma,2,0,0,1,3,0.67,0.00,0.00,0.33,0.92,0.46
évacuer,lemma,2,0,0,1,3,0.67,0.00,0.00,0.33,0.92,0.46
évacuer,word,2,0,0,1,3,0.67,0.00,0.00,0.33,0.92,0.46
première,word,1,0,2,12,15,0.07,0.00,0.13,0.80,0.91,0.45
menace,lemma,5,22,0,1,28,0.18,0.79,0.00,0.04,0.89,0.44
exceptionnel,lemma,0,7,0,3,10,0.00,0.70,0.00,0.30,0.88,0.44
vraiment,lemma,0,0,7,3,10,0.00,0.00,0.70,0.30,0.88,0.44
casse,lemma,0,0,7,3,10,0.00,0.00,0.70,0.30,0.88,0.44
vraiment,word,0,0,7,3,10,0.00,0.00,0.70,0.30,0.88,0.44
casse,word,0,0,7,3,10,0.00,0.00,0.70,0.30,0.88,0.44
violence,lemma,3,0,2,22,27,0.11,0.00,0.07,0.81,0.87,0.44
juste,lemma,1,0,23,5,29,0.03,0.00,0.79,0.17,0.87,0.43
savoir,lemma,0,0,10,4,14,0.00,0.00,0.71,0.29,0.86,0.43
arrete,word,2,0,5,0,7,0.29,0.00,0.71,0.00,0.86,0.43
arrete,lemma,2,0,5,0,7,0.29,0.00,0.71,0.00,0.86,0.43
sortir,lemma,0,0,2,5,7,0.00,0.00,0.29,0.71,0.86,0.43
vrai,lemma,0,0,2,5,7,0.00,0.00,0.29,0.71,0.86,0.43
impressionner,lemma,0,5,0,2,7,0.00,0.71,0.00,0.29,0.86,0.43
dansé,lemma,2,0,0,5,7,0.29,0.00,0.00,0.71,0.86,0.43
moment,lemma,0,0,2,5,7,0.00,0.00,0.29,0.71,0.86,0.43
merveilleux,word,0,5,0,2,7,0.00,0.71,0.00,0.29,0.86,0.43
marre,word,0,5,2,0,7,0.00,0.71,0.29,0.00,0.86,0.43
marre,lemma,0,5,2,0,7,0.00,0.71,0.29,0.00,0.86,0.43
merveilleux,lemma,0,5,0,2,7,0.00,0.71,0.00,0.29,0.86,0.43
malade,word,0,0,2,5,7,0.00,0.00,0.29,0.71,0.86,0.43
paul,lemma,2,0,5,0,7,0.29,0.00,0.71,0.00,0.86,0.43
ca,word,0,0,5,2,7,0.00,0.00,0.71,0.29,0.86,0.43
mourir,word,0,0,2,5,7,0.00,0.00,0.29,0.71,0.86,0.43
paul,word,2,0,5,0,7,0.29,0.00,0.71,0.00,0.86,0.43
étonné,word,2,5,0,0,7,0.29,0.71,0.00,0.00,0.86,0.43
j'ai,word,0,0,5,2,7,0.00,0.00,0.71,0.29,0.86,0.43
dansé,word,2,0,0,5,7,0.29,0.00,0.00,0.71,0.86,0.43
demande,word,0,0,2,5,7,0.00,0.00,0.29,0.71,0.86,0.43
pauvre,lemma,0,0,3,8,11,0.00,0.00,0.27,0.73,0.85,0.42
chose,lemma,0,0,3,8,11,0.00,0.00,0.27,0.73,0.85,0.42
attentat,lemma,4,0,0,11,15,0.27,0.00,0.00,0.73,0.84,0.42
argent,lemma,1,0,2,14,17,0.06,0.00,0.12,0.82,0.83,0.42
premier,lemma,1,0,3,18,22,0.05,0.00,0.14,0.82,0.83,0.42
tué,word,3,0,1,18,22,0.14,0.00,0.05,0.82,0.83,0.42
tuer,lemma,4,0,2,29,35,0.11,0.00,0.06,0.83,0.82,0.41
argent,word,1,0,1,10,12,0.08,0.00,0.08,0.83,0.82,0.41
encourager,word,1,0,0,3,4,0.25,0.00,0.00,0.75,0.81,0.41
blessés,word,1,0,0,3,4,0.25,0.00,0.00,0.75,0.81,0.41
tombe,word,0,0,3,1,4,0.00,0.00,0.75,0.25,0.81,0.41
entendre,lemma,0,0,2,6,8,0.00,0.00,0.25,0.75,0.81,0.41
tenter,lemma,3,0,0,1,4,0.75,0.00,0.00,0.25,0.81,0.41
enthousiasme,lemma,2,6,0,0,8,0.25,0.75,0.00,0.00,0.81,0.41
tranquille,lemma,0,0,6,2,8,0.00,0.00,0.75,0.25,0.81,0.41
tiré,word,1,0,0,3,4,0.25,0.00,0.00,0.75,0.81,0.41
drole,lemma,0,3,1,0,4,0.00,0.75,0.25,0.00,0.81,0.41
brûler,lemma,1,0,0,3,4,0.25,0.00,0.00,0.75,0.81,0.41
problème,lemma,0,0,3,9,12,0.00,0.00,0.25,0.75,0.81,0.41
pk,lemma,1,0,3,0,4,0.25,0.00,0.75,0.00,0.81,0.41
parfait,lemma,0,0,1,3,4,0.00,0.00,0.25,0.75,0.81,0.41
combats,word,1,0,0,3,4,0.25,0.00,0.00,0.75,0.81,0.41
comment,lemma,0,0,3,1,4,0.00,0.00,0.75,0.25,0.81,0.41
pauvreté,lemma,1,0,0,3,4,0.25,0.00,0.00,0.75,0.81,0.41
noire,word,0,0,1,3,4,0.00,0.00,0.25,0.75,0.81,0.41
grandes,word,1,0,0,3,4,0.25,0.00,0.00,0.75,0.81,0.41
gloire,lemma,1,0,0,3,4,0.25,0.00,0.00,0.75,0.81,0.41
gloire,word,1,0,0,3,4,0.25,0.00,0.00,0.75,0.81,0.41
condamné,word,1,0,0,3,4,0.25,0.00,0.00,0.75,0.81,0.41
menaçait,word,0,3,0,1,4,0.00,0.75,0.00,0.25,0.81,0.41
crie,word,3,0,1,0,4,0.75,0.00,0.25,0.00,0.81,0.41
meme,word,0,0,3,1,4,0.00,0.00,0.75,0.25,0.81,0.41
jours,word,0,0,1,3,4,0.00,0.00,0.25,0.75,0.81,0.41
idole,lemma,0,1,0,3,4,0.00,0.25,0.00,0.75,0.81,0.41
descendu,lemma,3,0,0,1,4,0.75,0.00,0.00,0.25,0.81,0.41
idole,word,0,1,0,3,4,0.00,0.25,0.00,0.75,0.81,0.41
descendus,word,3,0,0,1,4,0.75,0.00,0.00,0.25,0.81,0.41
importer,lemma,0,0,1,3,4,0.00,0.00,0.25,0.75,0.81,0.41
deuil,lemma,3,1,0,0,4,0.75,0.25,0.00,0.00,0.81,0.41
deuil,word,3,1,0,0,4,0.75,0.25,0.00,0.00,0.81,0.41
coupable,lemma,0,3,0,1,4,0.00,0.75,0.00,0.25,0.81,0.41
joli,lemma,0,0,1,3,4,0.00,0.00,0.25,0.75,0.81,0.41
juive,word,0,0,3,1,4,0.00,0.00,0.75,0.25,0.81,0.41
coupable,word,0,3,0,1,4,0.00,0.75,0.00,0.25,0.81,0.41
comment,word,0,0,3,1,4,0.00,0.00,0.75,0.25,0.81,0.41
contestation,word,6,0,0,2,8,0.75,0.00,0.00,0.25,0.81,0.41
mots,word,1,0,0,3,4,0.25,0.00,0.00,0.75,0.81,0.41
n'en,word,0,1,0,3,4,0.00,0.25,0.00,0.75,0.81,0.41
dur,word,0,0,3,9,12,0.00,0.00,0.25,0.75,0.81,0.41
drole,word,0,3,1,0,4,0.00,0.75,0.25,0.00,0.81,0.41
folle,word,0,0,1,3,4,0.00,0.00,0.25,0.75,0.81,0.41
point,lemma,0,0,3,1,4,0.00,0.00,0.75,0.25,0.81,0.41
fort,lemma,2,0,0,6,8,0.25,0.00,0.00,0.75,0.81,0.41
petits,word,1,0,0,3,4,0.25,0.00,0.00,0.75,0.81,0.41
point,word,0,0,3,1,4,0.00,0.00,0.75,0.25,0.81,0.41
pauvreté,word,1,0,0,3,4,0.25,0.00,0.00,0.75,0.81,0.41
odeur,lemma,0,0,1,3,4,0.00,0.00,0.25,0.75,0.81,0.41
comprendre,lemma,0,0,1,3,4,0.00,0.00,0.25,0.75,0.81,0.41
revendiquer,lemma,3,0,0,1,4,0.75,0.00,0.00,0.25,0.81,0.41
faudrait,word,0,0,1,3,4,0.00,0.00,0.25,0.75,0.81,0.41
bah,word,1,0,3,0,4,0.25,0.00,0.75,0.00,0.81,0.41
exceptionnelle,word,0,3,0,1,4,0.00,0.75,0.00,0.25,0.81,0.41
râler,word,3,0,1,0,4,0.75,0.00,0.25,0.00,0.81,0.41
bah,lemma,1,0,3,0,4,0.25,0.00,0.75,0.00,0.81,0.41
détresse,lemma,0,3,0,1,4,0.00,0.75,0.00,0.25,0.81,0.41
animal,lemma,0,0,1,3,4,0.00,0.00,0.25,0.75,0.81,0.41
angoisser,lemma,0,3,1,0,4,0.00,0.75,0.25,0.00,0.81,0.41
aurait,word,0,0,1,3,4,0.00,0.00,0.25,0.75,0.81,0.41
détresse,word,0,3,0,1,4,0.00,0.75,0.00,0.25,0.81,0.41
souffrir,word,0,9,0,3,12,0.00,0.75,0.00,0.25,0.81,0.41
souci,lemma,0,3,0,1,4,0.00,0.75,0.00,0.25,0.81,0.41
droit,lemma,0,0,1,3,4,0.00,0.00,0.25,0.75,0.81,0.41
arabe,lemma,0,0,3,1,4,0.00,0.00,0.75,0.25,0.81,0.41
agréable,lemma,0,3,0,1,4,0.00,0.75,0.00,0.25,0.81,0.41
agression,word,1,0,0,3,4,0.25,0.00,0.00,0.75,0.81,0.41
empêcher,lemma,2,0,0,6,8,0.25,0.00,0.00,0.75,0.81,0.41
agréable,word,0,3,0,1,4,0.00,0.75,0.00,0.25,0.81,0.41
amusent,lemma,3,1,0,0,4,0.75,0.25,0.00,0.00,0.81,0.41
effondrée,word,0,1,0,3,4,0.00,0.25,0.00,0.75,0.81,0.41
tuées,word,1,0,0,3,4,0.25,0.00,0.00,0.75,0.81,0.41
menaçant,word,1,3,0,0,4,0.25,0.75,0.00,0.00,0.81,0.41
petite,word,1,0,0,3,4,0.25,0.00,0.00,0.75,0.81,0.41
pk,word,1,0,3,0,4,0.25,0.00,0.75,0.00,0.81,0.41
cauchemar,word,0,3,1,0,4,0.00,0.75,0.25,0.00,0.81,0.41
gros,lemma,2,0,38,6,46,0.04,0.00,0.83,0.13,0.81,0.40
rire,lemma,26,3,0,2,31,0.84,0.10,0.00,0.06,0.79,0.40
;,punctuation,44,1,35,441,521,0.08,0.00,0.07,0.85,0.78,0.39
dur,lemma,0,0,3,10,13,0.00,0.00,0.23,0.77,0.78,0.39
travail,word,2,0,0,7,9,0.22,0.00,0.00,0.78,0.76,0.38
amuser,word,7,2,0,0,9,0.78,0.22,0.00,0.00,0.76,0.38
quitter,lemma,14,0,0,4,18,0.78,0.00,0.00,0.22,0.76,0.38
heureusement,word,0,14,4,0,18,0.00,0.78,0.22,0.00,0.76,0.38
crié,word,7,0,0,2,9,0.78,0.00,0.00,0.22,0.76,0.38
jour,lemma,0,0,2,7,9,0.00,0.00,0.22,0.78,0.76,0.38
contestation,lemma,7,0,0,2,9,0.78,0.00,0.00,0.22,0.76,0.38
heureusement,lemma,0,14,4,0,18,0.00,0.78,0.22,0.00,0.76,0.38
quitter,word,7,0,0,2,9,0.78,0.00,0.00,0.22,0.76,0.38
attentats,word,3,0,0,11,14,0.21,0.00,0.00,0.79,0.75,0.37
c'est,word,0,0,37,10,47,0.00,0.00,0.79,0.21,0.75,0.37
plaisir,word,0,22,1,3,26,0.00,0.85,0.04,0.12,0.74,0.37
plaisir,lemma,0,22,1,3,26,0.00,0.85,0.04,0.12,0.74,0.37
n'a,word,0,0,4,15,19,0.00,0.00,0.21,0.79,0.74,0.37
impressionnant,lemma,0,18,2,1,21,0.00,0.86,0.10,0.05,0.72,0.36
repas,lemma,0,0,1,4,5,0.00,0.00,0.20,0.80,0.72,0.36
chasser,lemma,2,0,0,8,10,0.20,0.00,0.00,0.80,0.72,0.36
chien,lemma,0,0,4,1,5,0.00,0.00,0.80,0.20,0.72,0.36
pd,lemma,0,0,4,1,5,0.00,0.00,0.80,0.20,0.72,0.36
premier,word,0,0,1,4,5,0.00,0.00,0.20,0.80,0.72,0.36
cauchemar,lemma,0,4,1,0,5,0.00,0.80,0.20,0.00,0.72,0.36
nouvelle,word,1,0,0,4,5,0.20,0.00,0.00,0.80,0.72,0.36
oser,lemma,1,0,0,4,5,0.20,0.00,0.00,0.80,0.72,0.36
moquerie,lemma,0,1,0,4,5,0.00,0.20,0.00,0.80,0.72,0.36
terrible,word,0,12,0,3,15,0.00,0.80,0.00,0.20,0.72,0.36
effrayé,word,1,4,0,0,5,0.20,0.80,0.00,0.00,0.72,0.36
dû,word,0,0,1,4,5,0.00,0.00,0.20,0.80,0.72,0.36
«,punctuation,1,0,0,4,5,0.20,0.00,0.00,0.80,0.72,0.36
vivre,word,0,0,1,4,5,0.00,0.00,0.20,0.80,0.72,0.36
empêcher,word,1,0,0,4,5,0.20,0.00,0.00,0.80,0.72,0.36
travail,lemma,2,0,0,8,10,0.20,0.00,0.00,0.80,0.72,0.36
bravo,lemma,0,0,4,1,5,0.00,0.00,0.80,0.20,0.72,0.36
rage,lemma,0,1,0,4,5,0.00,0.20,0.00,0.80,0.72,0.36
défendre,word,4,0,0,1,5,0.80,0.00,0.00,0.20,0.72,0.36
émerveillée,word,1,4,0,0,5,0.20,0.80,0.00,0.00,0.72,0.36
échapper,lemma,4,0,0,1,5,0.80,0.00,0.00,0.20,0.72,0.36
»,punctuation,1,0,0,4,5,0.20,0.00,0.00,0.80,0.72,0.36
échapper,word,4,0,0,1,5,0.80,0.00,0.00,0.20,0.72,0.36
york,word,0,0,1,4,5,0.00,0.00,0.20,0.80,0.72,0.36
york,lemma,0,0,1,4,5,0.00,0.00,0.20,0.80,0.72,0.36
rendre,word,4,0,0,1,5,0.80,0.00,0.00,0.20,0.72,0.36
rendu,word,1,0,0,4,5,0.20,0.00,0.00,0.80,0.72,0.36
défendre,lemma,4,0,0,1,5,0.80,0.00,0.00,0.20,0.72,0.36
repas,word,0,0,1,4,5,0.00,0.00,0.20,0.80,0.72,0.36
rare,lemma,0,0,1,4,5,0.00,0.00,0.20,0.80,0.72,0.36
droit,word,0,0,1,4,5,0.00,0.00,0.20,0.80,0.72,0.36
surveiller,lemma,1,0,0,4,5,0.20,0.00,0.00,0.80,0.72,0.36
sais,word,0,0,4,1,5,0.00,0.00,0.80,0.20,0.72,0.36
blagues,word,1,4,0,0,5,0.20,0.80,0.00,0.00,0.72,0.36
belle,word,0,0,1,4,5,0.00,0.00,0.20,0.80,0.72,0.36
rigole,word,4,0,0,1,5,0.80,0.00,0.00,0.20,0.72,0.36
rigole,lemma,4,0,0,1,5,0.80,0.00,0.00,0.20,0.72,0.36
rage,word,0,1,0,4,5,0.00,0.20,0.00,0.80,0.72,0.36
brice,word,1,0,4,0,5,0.20,0.00,0.80,0.00,0.72,0.36
brice,lemma,1,0,4,0,5,0.20,0.00,0.80,0.00,0.72,0.36
bravo,word,0,0,4,1,5,0.00,0.00,0.80,0.20,0.72,0.36
harcèlement,lemma,0,0,1,4,5,0.00,0.00,0.20,0.80,0.72,0.36
moqueries,word,0,1,0,4,5,0.00,0.20,0.00,0.80,0.72,0.36
moquer,word,1,0,0,4,5,0.20,0.00,0.00,0.80,0.72,0.36
mis,word,4,0,0,1,5,0.80,0.00,0.00,0.20,0.72,0.36
école,word,0,0,1,4,5,0.00,0.00,0.20,0.80,0.72,0.36
jour,word,0,0,1,4,5,0.00,0.00,0.20,0.80,0.72,0.36
honneur,word,1,4,0,0,5,0.20,0.80,0.00,0.00,0.72,0.36
d'accord,word,0,0,2,8,10,0.00,0.00,0.20,0.80,0.72,0.36
malgré,word,0,0,4,1,5,0.00,0.00,0.80,0.20,0.72,0.36
malade,lemma,0,0,2,8,10,0.00,0.00,0.20,0.80,0.72,0.36
maltraités,word,0,1,0,4,5,0.00,0.20,0.00,0.80,0.72,0.36
pd,word,0,0,4,1,5,0.00,0.00,0.80,0.20,0.72,0.36
choquant,lemma,0,4,0,1,5,0.00,0.80,0.00,0.20,0.72,0.36
choquant,word,0,4,0,1,5,0.00,0.80,0.00,0.20,0.72,0.36
chien,word,0,0,4,1,5,0.00,0.00,0.80,0.20,0.72,0.36
commun,lemma,0,1,0,4,5,0.00,0.20,0.00,0.80,0.72,0.36
parent,lemma,0,0,1,4,5,0.00,0.00,0.20,0.80,0.72,0.36
parents,word,0,0,1,4,5,0.00,0.00,0.20,0.80,0.72,0.36
passe,word,0,0,4,1,5,0.00,0.00,0.80,0.20,0.72,0.36
commun,word,0,1,0,4,5,0.00,0.20,0.00,0.80,0.72,0.36
new,word,0,0,1,4,5,0.00,0.00,0.20,0.80,0.72,0.36
cadeaux,word,1,0,0,4,5,0.20,0.00,0.00,0.80,0.72,0.36
insultes,word,3,13,0,0,16,0.19,0.81,0.00,0.00,0.70,0.35
travailler,lemma,9,0,0,2,11,0.82,0.00,0.00,0.18,0.68,0.34
étonner,lemma,4,18,0,0,22,0.18,0.82,0.00,0.00,0.68,0.34
pu,word,0,0,2,9,11,0.00,0.00,0.18,0.82,0.68,0.34
qu'est-ce,word,0,0,9,2,11,0.00,0.00,0.82,0.18,0.68,0.34
sale,word,0,0,9,2,11,0.00,0.00,0.82,0.18,0.68,0.34
impressionnant,word,0,9,2,0,11,0.00,0.82,0.18,0.00,0.68,0.34
panique,lemma,2,9,0,0,11,0.18,0.82,0.00,0.00,0.68,0.34
panique,word,2,9,0,0,11,0.18,0.82,0.00,0.00,0.68,0.34
sale,lemma,0,0,9,2,11,0.00,0.00,0.82,0.18,0.68,0.34
souffrir,lemma,0,14,0,3,17,0.00,0.82,0.00,0.18,0.67,0.34
terrible,lemma,0,14,0,3,17,0.00,0.82,0.00,0.18,0.67,0.34
joie,lemma,1,14,0,1,16,0.06,0.88,0.00,0.06,0.67,0.33
joie,word,1,14,0,1,16,0.06,0.88,0.00,0.06,0.67,0.33
attaques,word,1,0,0,5,6,0.17,0.00,0.00,0.83,0.65,0.33
choqué,word,0,25,0,5,30,0.00,0.83,0.00,0.17,0.65,0.33
souvenir,word,1,0,0,5,6,0.17,0.00,0.00,0.83,0.65,0.33
blague,word,0,0,5,1,6,0.00,0.00,0.83,0.17,0.65,0.33
amuser,lemma,10,2,0,0,12,0.83,0.17,0.00,0.00,0.65,0.33
violentes,word,1,0,0,5,6,0.17,0.00,0.00,0.83,0.65,0.33
détruire,word,0,1,0,5,6,0.00,0.17,0.00,0.83,0.65,0.33
accusée,word,5,0,0,1,6,0.83,0.00,0.00,0.17,0.65,0.33
encourager,lemma,1,0,0,5,6,0.17,0.00,0.00,0.83,0.65,0.33
arrêté,word,5,0,0,1,6,0.83,0.00,0.00,0.17,0.65,0.33
râler,lemma,5,0,1,0,6,0.83,0.00,0.17,0.00,0.65,0.33
réduire,lemma,0,0,1,5,6,0.00,0.00,0.17,0.83,0.65,0.33
injuste,word,0,0,2,10,12,0.00,0.00,0.17,0.83,0.65,0.33
dictature,word,1,0,0,5,6,0.17,0.00,0.00,0.83,0.65,0.33
chose,word,0,0,2,10,12,0.00,0.00,0.17,0.83,0.65,0.33
mort,word,3,0,0,15,18,0.17,0.00,0.00,0.83,0.65,0.33
dictature,lemma,1,0,0,5,6,0.17,0.00,0.00,0.83,0.65,0.33
moquer,lemma,1,0,0,5,6,0.17,0.00,0.00,0.83,0.65,0.33
devenir,lemma,0,0,1,5,6,0.00,0.00,0.17,0.83,0.65,0.33
hausse,lemma,1,0,0,5,6,0.17,0.00,0.00,0.83,0.65,0.33
hors,word,0,1,0,5,6,0.00,0.17,0.00,0.83,0.65,0.33
hors,lemma,0,1,0,5,6,0.00,0.17,0.00,0.83,0.65,0.33
hausse,word,1,0,0,5,6,0.17,0.00,0.00,0.83,0.65,0.33
mauvaise,word,0,1,0,5,6,0.00,0.17,0.00,0.83,0.65,0.33
émerveiller,lemma,1,5,0,0,6,0.17,0.83,0.00,0.00,0.65,0.33
guerre,lemma,6,0,0,31,37,0.16,0.00,0.00,0.84,0.64,0.32
exploit,lemma,0,4,0,21,25,0.00,0.16,0.00,0.84,0.63,0.32
?,punctuation,3,0,89,9,101,0.03,0.00,0.88,0.09,0.62,0.31
chance,word,0,0,2,11,13,0.00,0.00,0.15,0.85,0.62,0.31
chance,lemma,0,0,2,11,13,0.00,0.00,0.15,0.85,0.62,0.31
déjà,word,0,0,17,3,20,0.00,0.00,0.85,0.15,0.61,0.30
déjà,lemma,0,0,17,3,20,0.00,0.00,0.85,0.15,0.61,0.30
confiance,word,0,0,1,6,7,0.00,0.00,0.14,0.86,0.59,0.30
bonheur,lemma,0,12,0,2,14,0.00,0.86,0.00,0.14,0.59,0.30
bonheur,word,0,12,0,2,14,0.00,0.86,0.00,0.14,0.59,0.30
ans,word,0,0,1,6,7,0.00,0.00,0.14,0.86,0.59,0.30
menacent,word,0,6,0,1,7,0.00,0.86,0.00,0.14,0.59,0.30
maltraité,lemma,0,1,0,6,7,0.00,0.14,0.00,0.86,0.59,0.30
cp,lemma,0,0,6,1,7,0.00,0.00,0.86,0.14,0.59,0.30
insolite,lemma,0,6,0,1,7,0.00,0.86,0.00,0.14,0.59,0.30
risques,word,0,6,0,1,7,0.00,0.86,0.00,0.14,0.59,0.30
manifestation,word,6,0,0,1,7,0.86,0.00,0.00,0.14,0.59,0.30
cp,word,0,0,6,1,7,0.00,0.00,0.86,0.14,0.59,0.30
an,lemma,0,0,1,6,7,0.00,0.00,0.14,0.86,0.59,0.30
confiance,lemma,0,0,1,6,7,0.00,0.00,0.14,0.86,0.59,0.30
cadeau,lemma,1,0,0,6,7,0.14,0.00,0.00,0.86,0.59,0.30
aise,word,0,6,0,1,7,0.00,0.86,0.00,0.14,0.59,0.30
maison,word,1,0,0,6,7,0.14,0.00,0.00,0.86,0.59,0.30
quel,lemma,0,0,6,1,7,0.00,0.00,0.86,0.14,0.59,0.30
rare,word,0,0,1,6,7,0.00,0.00,0.14,0.86,0.59,0.30
cool,lemma,0,6,1,0,7,0.00,0.86,0.14,0.00,0.59,0.30
rue,word,6,0,0,1,7,0.86,0.00,0.00,0.14,0.59,0.30
cool,word,0,6,1,0,7,0.00,0.86,0.14,0.00,0.59,0.30
malheureusement,lemma,0,6,1,0,7,0.00,0.86,0.14,0.00,0.59,0.30
malheureusement,word,0,6,1,0,7,0.00,0.86,0.14,0.00,0.59,0.30
injuste,lemma,0,0,2,12,14,0.00,0.00,0.14,0.86,0.59,0.30
dormir,word,1,0,0,6,7,0.14,0.00,0.00,0.86,0.59,0.30
tranquille,word,0,0,6,1,7,0.00,0.00,0.86,0.14,0.59,0.30
menaces,word,1,6,0,0,7,0.14,0.86,0.00,0.00,0.59,0.30
guerre,word,5,0,0,31,36,0.14,0.00,0.00,0.86,0.58,0.29
remporter,word,0,0,2,13,15,0.00,0.00,0.13,0.87,0.57,0.28
jusqu,word,1,0,7,0,8,0.12,0.00,0.88,0.00,0.54,0.27
choquer,lemma,0,35,0,5,40,0.00,0.88,0.00,0.12,0.54,0.27
petit,lemma,2,0,0,14,16,0.12,0.00,0.00,0.88,0.54,0.27
marrant,word,0,7,1,0,8,0.00,0.88,0.12,0.00,0.54,0.27
effrayer,lemma,1,7,0,0,8,0.12,0.88,0.00,0.00,0.54,0.27
marrant,lemma,0,7,1,0,8,0.00,0.88,0.12,0.00,0.54,0.27
fierté,word,1,7,0,0,8,0.12,0.88,0.00,0.00,0.54,0.27
accusé,word,21,0,0,3,24,0.88,0.00,0.00,0.12,0.54,0.27
recevoir,lemma,1,0,0,7,8,0.12,0.00,0.00,0.88,0.54,0.27
amour,lemma,0,1,0,7,8,0.00,0.12,0.00,0.88,0.54,0.27
spectaculaire,word,0,7,0,1,8,0.00,0.88,0.00,0.12,0.54,0.27
spectaculaire,lemma,0,7,0,1,8,0.00,0.88,0.00,0.12,0.54,0.27
souvenir,lemma,1,0,0,7,8,0.12,0.00,0.00,0.88,0.54,0.27
sûr,lemma,0,0,7,1,8,0.00,0.00,0.88,0.12,0.54,0.27
graves,word,0,0,1,7,8,0.00,0.00,0.12,0.88,0.54,0.27
critique,word,7,0,0,1,8,0.88,0.00,0.00,0.12,0.54,0.27
t'es,word,0,0,7,1,8,0.00,0.00,0.88,0.12,0.54,0.27
mauvaises,word,1,0,0,7,8,0.12,0.00,0.00,0.88,0.54,0.27
sûr,word,0,0,7,1,8,0.00,0.00,0.88,0.12,0.54,0.27
plainte,word,7,0,0,1,8,0.88,0.00,0.00,0.12,0.54,0.27
famille,lemma,0,0,1,7,8,0.00,0.00,0.12,0.88,0.54,0.27
plaindre,lemma,7,0,0,1,8,0.88,0.00,0.00,0.12,0.54,0.27
new,lemma,0,0,1,7,8,0.00,0.00,0.12,0.88,0.54,0.27
grande,word,1,0,0,7,8,0.12,0.00,0.00,0.88,0.54,0.27
danger,word,0,29,0,4,33,0.00,0.88,0.00,0.12,0.53,0.27
danger,lemma,0,31,0,4,35,0.00,0.89,0.00,0.11,0.51,0.26
rejeter,lemma,1,0,0,8,9,0.11,0.00,0.00,0.89,0.50,0.25
école,lemma,0,0,1,8,9,0.00,0.00,0.11,0.89,0.50,0.25
refuge,word,8,0,0,1,9,0.89,0.00,0.00,0.11,0.50,0.25
refuge,lemma,8,0,0,1,9,0.89,0.00,0.00,0.11,0.50,0.25
grave,lemma,0,0,4,32,36,0.00,0.00,0.11,0.89,0.50,0.25
affronter,lemma,8,0,0,1,9,0.89,0.00,0.00,0.11,0.50,0.25
gueule,word,1,0,8,0,9,0.11,0.00,0.89,0.00,0.50,0.25
gueule,lemma,1,0,8,0,9,0.11,0.00,0.89,0.00,0.50,0.25
subir,lemma,0,8,0,1,9,0.00,0.89,0.00,0.11,0.50,0.25
dérange,word,0,8,1,0,9,0.00,0.89,0.11,0.00,0.50,0.25
révolte,word,8,0,0,1,9,0.89,0.00,0.00,0.11,0.50,0.25
révolte,lemma,8,0,0,1,9,0.89,0.00,0.00,0.11,0.50,0.25
mourir,lemma,0,0,2,16,18,0.00,0.00,0.11,0.89,0.50,0.25
dérange,lemma,0,8,1,0,9,0.00,0.89,0.11,0.00,0.50,0.25
agression,lemma,1,0,0,8,9,0.11,0.00,0.00,0.89,0.50,0.25
attaque,lemma,1,0,0,8,9,0.11,0.00,0.00,0.89,0.50,0.25
plainte,lemma,8,0,0,1,9,0.89,0.00,0.00,0.11,0.50,0.25
mauvais,lemma,1,1,0,22,24,0.04,0.04,0.00,0.92,0.50,0.25
grave,word,0,0,3,26,29,0.00,0.00,0.10,0.90,0.48,0.24
mort,lemma,3,0,0,26,29,0.10,0.00,0.00,0.90,0.48,0.24
attendre,lemma,1,0,0,9,10,0.10,0.00,0.00,0.90,0.47,0.23
t'as,word,0,0,9,1,10,0.00,0.00,0.90,0.10,0.47,0.23
cher,word,0,0,1,9,10,0.00,0.00,0.10,0.90,0.47,0.23
honte,lemma,0,9,1,0,10,0.00,0.90,0.10,0.00,0.47,0.23
nouveau,lemma,1,0,0,9,10,0.10,0.00,0.00,0.90,0.47,0.23
honte,word,0,9,1,0,10,0.00,0.90,0.10,0.00,0.47,0.23
problèmes,word,0,0,1,9,10,0.00,0.00,0.10,0.90,0.47,0.23
travailler,word,9,0,0,1,10,0.90,0.00,0.00,0.10,0.47,0.23
effondrer,lemma,0,1,0,9,10,0.00,0.10,0.00,0.90,0.47,0.23
accord,lemma,0,0,2,19,21,0.00,0.00,0.10,0.90,0.45,0.23
désaccord,word,1,0,0,10,11,0.09,0.00,0.00,0.91,0.44,0.22
hommage,lemma,30,0,0,3,33,0.91,0.00,0.00,0.09,0.44,0.22
deux,word,0,0,1,10,11,0.00,0.00,0.09,0.91,0.44,0.22
vs,word,0,0,10,1,11,0.00,0.00,0.91,0.09,0.44,0.22
vs,lemma,0,0,10,1,11,0.00,0.00,0.91,0.09,0.44,0.22
merci,word,0,1,10,0,11,0.00,0.09,0.91,0.00,0.44,0.22
rue,lemma,10,0,0,1,11,0.91,0.00,0.00,0.09,0.44,0.22
bande,lemma,0,0,10,1,11,0.00,0.00,0.91,0.09,0.44,0.22
exploit,word,0,2,0,20,22,0.00,0.09,0.00,0.91,0.44,0.22
bande,word,0,0,10,1,11,0.00,0.00,0.91,0.09,0.44,0.22
cher,lemma,0,0,1,10,11,0.00,0.00,0.09,0.91,0.44,0.22
deux,lemma,0,0,1,10,11,0.00,0.00,0.09,0.91,0.44,0.22
merci,lemma,0,1,10,0,11,0.00,0.09,0.91,0.00,0.44,0.22
coups,word,1,0,0,11,12,0.08,0.00,0.00,0.92,0.41,0.21
beau,lemma,0,0,2,22,24,0.00,0.00,0.08,0.92,0.41,0.21
rêve,lemma,0,0,1,11,12,0.00,0.00,0.08,0.92,0.41,0.21
pourtant,word,0,0,11,1,12,0.00,0.00,0.92,0.08,0.41,0.21
rêve,word,0,0,1,11,12,0.00,0.00,0.08,0.92,0.41,0.21
désaccord,lemma,1,0,0,11,12,0.08,0.00,0.00,0.92,0.41,0.21
morts,word,1,0,0,11,12,0.08,0.00,0.00,0.92,0.41,0.21
pourtant,lemma,0,0,11,1,12,0.00,0.00,0.92,0.08,0.41,0.21
inquiète,word,0,22,0,2,24,0.00,0.92,0.00,0.08,0.41,0.21
vivre,lemma,0,0,1,12,13,0.00,0.00,0.08,0.92,0.39,0.20
protester,lemma,25,0,2,0,27,0.93,0.00,0.07,0.00,0.38,0.19
détruire,lemma,0,1,0,13,14,0.00,0.07,0.00,0.93,0.37,0.19
risque,lemma,0,13,0,1,14,0.00,0.93,0.00,0.07,0.37,0.19
critique,lemma,13,0,0,1,14,0.93,0.00,0.00,0.07,0.37,0.19
malheur,word,0,14,1,0,15,0.00,0.93,0.07,0.00,0.35,0.18
malheur,lemma,0,14,1,0,15,0.00,0.93,0.07,0.00,0.35,0.18
étonnant,word,0,14,1,0,15,0.00,0.93,0.07,0.00,0.35,0.18
beau,word,0,0,1,14,15,0.00,0.00,0.07,0.93,0.35,0.18
refuser,lemma,15,0,0,1,16,0.94,0.00,0.00,0.06,0.34,0.17
monde,lemma,0,0,1,15,16,0.00,0.00,0.06,0.94,0.34,0.17
monde,word,0,0,1,15,16,0.00,0.00,0.06,0.94,0.34,0.17
grosse,word,0,0,15,1,16,0.00,0.00,0.94,0.06,0.34,0.17
surprise,word,1,39,0,1,41,0.02,0.95,0.00,0.02,0.33,0.16
décevoir,lemma,0,16,0,1,17,0.00,0.94,0.00,0.06,0.32,0.16
difficile,word,0,0,1,16,17,0.00,0.00,0.06,0.94,0.32,0.16
accuser,lemma,82,0,0,5,87,0.94,0.00,0.00,0.06,0.32,0.16
violent,lemma,1,0,0,17,18,0.06,0.00,0.00,0.94,0.31,0.15
violences,word,1,0,0,17,18,0.06,0.00,0.00,0.94,0.31,0.15
gagner,lemma,0,0,2,35,37,0.00,0.00,0.05,0.95,0.30,0.15
surprise,lemma,1,44,0,1,46,0.02,0.96,0.00,0.02,0.30,0.15
harcèlement,word,0,0,1,18,19,0.00,0.00,0.05,0.95,0.30,0.15
craignent,word,1,18,0,0,19,0.05,0.95,0.00,0.00,0.30,0.15
pleurer,word,18,1,0,0,19,0.95,0.05,0.00,0.00,0.30,0.15
remporter,lemma,0,0,2,36,38,0.00,0.00,0.05,0.95,0.30,0.15
coup,lemma,1,0,0,18,19,0.05,0.00,0.00,0.95,0.30,0.15
critiqué,word,19,0,0,1,20,0.95,0.00,0.00,0.05,0.29,0.14
victimes,word,1,0,0,20,21,0.05,0.00,0.00,0.95,0.28,0.14
fuir,word,21,1,0,0,22,0.95,0.05,0.00,0.00,0.27,0.13
triste,word,0,21,0,1,22,0.00,0.95,0.00,0.05,0.27,0.13
étonnant,lemma,0,24,1,0,25,0.00,0.96,0.04,0.00,0.24,0.12
dénoncer,lemma,25,0,0,1,26,0.96,0.00,0.00,0.04,0.24,0.12
heureux,word,0,26,0,1,27,0.00,0.96,0.00,0.04,0.23,0.11
difficile,lemma,0,0,1,26,27,0.00,0.00,0.04,0.96,0.23,0.11
colère,lemma,2,52,0,0,54,0.04,0.96,0.00,0.00,0.23,0.11
colère,word,2,52,0,0,54,0.04,0.96,0.00,0.00,0.23,0.11
triste,lemma,0,28,0,1,29,0.00,0.97,0.00,0.03,0.22,0.11
inquiéter,lemma,0,56,0,2,58,0.00,0.97,0.00,0.03,0.22,0.11
manifestation,lemma,68,0,1,1,70,0.97,0.00,0.01,0.01,0.22,0.11
hommage,word,30,0,0,1,31,0.97,0.00,0.00,0.03,0.21,0.10
pleurer,lemma,31,1,0,0,32,0.97,0.03,0.00,0.00,0.20,0.10
heureux,lemma,0,31,0,1,32,0.00,0.97,0.00,0.03,0.20,0.10
craindre,lemma,1,36,0,0,37,0.03,0.97,0.00,0.00,0.18,0.09
peur,word,1,128,0,2,131,0.01,0.98,0.00,0.02,0.18,0.09
peur,lemma,1,128,0,2,131,0.01,0.98,0.00,0.02,0.18,0.09
victime,lemma,1,0,0,44,45,0.02,0.00,0.00,0.98,0.15,0.08
critiquer,lemma,48,0,0,1,49,0.98,0.00,0.00,0.02,0.14,0.07
fuir,lemma,52,1,0,0,53,0.98,0.02,0.00,0.00,0.14,0.07
!,punctuation,0,0,696,13,709,0.00,0.00,0.98,0.02,0.13,0.07
dangereux,word,0,55,0,1,56,0.00,0.98,0.00,0.02,0.13,0.06
manifestations,word,62,0,1,0,63,0.98,0.00,0.02,0.00,0.12,0.06
dangereux,lemma,0,79,0,1,80,0.00,0.99,0.00,0.01,0.10,0.05
…,punctuation,0,0,284,2,286,0.00,0.00,0.99,0.01,0.06,0.03
découvre,word,0,0,0,8,8,0.00,0.00,0.00,1.00,-0.00,-0.00
découvrir,lemma,0,0,0,26,26,0.00,0.00,0.00,1.00,-0.00,-0.00
défense,lemma,0,0,0,4,4,0.00,0.00,0.00,1.00,-0.00,-0.00
dégoût,lemma,0,3,0,0,3,0.00,1.00,0.00,0.00,-0.00,-0.00
dégoût,word,0,3,0,0,3,0.00,1.00,0.00,0.00,-0.00,-0.00
riant,lemma,4,0,0,0,4,1.00,0.00,0.00,0.00,-0.00,-0.00
riant,word,3,0,0,0,3,1.00,0.00,0.00,0.00,-0.00,-0.00
rigolo,lemma,0,3,0,0,3,0.00,1.00,0.00,0.00,-0.00,-0.00
agressés,word,0,0,0,4,4,0.00,0.00,0.00,1.00,-0.00,-0.00
rigolé,lemma,3,0,0,0,3,1.00,0.00,0.00,0.00,-0.00,-0.00
agressées,word,0,0,0,8,8,0.00,0.00,0.00,1.00,-0.00,-0.00
risque,word,0,7,0,0,7,0.00,1.00,0.00,0.00,-0.00,-0.00
agressé,lemma,0,0,0,4,4,0.00,0.00,0.00,1.00,-0.00,-0.00
battu,word,0,0,0,4,4,0.00,0.00,0.00,1.00,-0.00,-0.00
agressions,word,0,0,0,6,6,0.00,0.00,0.00,1.00,-0.00,-0.00
violents,word,0,0,0,4,4,0.00,0.00,0.00,1.00,-0.00,-0.00
beaux,word,0,0,0,3,3,0.00,0.00,0.00,1.00,-0.00,-0.00
bille,lemma,0,0,0,4,4,0.00,0.00,0.00,1.00,-0.00,-0.00
billes,word,0,0,0,4,4,0.00,0.00,0.00,1.00,-0.00,-0.00
rigolé,word,3,0,0,0,3,1.00,0.00,0.00,0.00,-0.00,-0.00
ailey,lemma,0,0,0,6,6,0.00,0.00,0.00,1.00,-0.00,-0.00
aider,lemma,0,0,0,3,3,0.00,0.00,0.00,1.00,-0.00,-0.00
revendication,lemma,4,0,0,0,4,1.00,0.00,0.00,0.00,-0.00,-0.00
aide,lemma,0,0,0,3,3,0.00,0.00,0.00,1.00,-0.00,-0.00
revendications,word,4,0,0,0,4,1.00,0.00,0.00,0.00,-0.00,-0.00
revendique,word,3,0,0,0,3,1.00,0.00,0.00,0.00,-0.00,-0.00
revenir,lemma,0,0,0,3,3,0.00,0.00,0.00,1.00,-0.00,-0.00
ah,word,0,0,5,0,5,0.00,0.00,1.00,0.00,-0.00,-0.00
ah,lemma,0,0,5,0,5,0.00,0.00,1.00,0.00,-0.00,-0.00
reçu,word,0,0,0,10,10,0.00,0.00,0.00,1.00,-0.00,-0.00
découverte,word,0,0,0,5,5,0.00,0.00,0.00,1.00,-0.00,-0.00
ri,word,3,0,0,0,3,1.00,0.00,0.00,0.00,-0.00,-0.00
famille,word,0,0,0,6,6,0.00,0.00,0.00,1.00,-0.00,-0.00
famine,lemma,0,0,0,6,6,0.00,0.00,0.00,1.00,-0.00,-0.00
famine,word,0,0,0,5,5,0.00,0.00,0.00,1.00,-0.00,-0.00
fan,lemma,0,4,0,0,4,0.00,1.00,0.00,0.00,-0.00,-0.00
fausses,word,0,0,0,3,3,0.00,0.00,0.00,1.00,-0.00,-0.00
découvert,word,0,0,0,14,14,0.00,0.00,0.00,1.00,-0.00,-0.00
retrouver,lemma,0,0,0,6,6,0.00,0.00,0.00,1.00,-0.00,-0.00
responsable,lemma,0,0,0,3,3,0.00,0.00,0.00,1.00,-0.00,-0.00
rit,word,4,0,0,0,4,1.00,0.00,0.00,0.00,-0.00,-0.00
découverte,lemma,0,0,0,5,5,0.00,0.00,0.00,1.00,-0.00,-0.00
ri,lemma,3,0,0,0,3,1.00,0.00,0.00,0.00,-0.00,-0.00
réfugier,lemma,7,0,0,0,7,1.00,0.00,0.00,0.00,-0.00,-0.00
réfugier,word,7,0,0,0,7,1.00,0.00,0.00,0.00,-0.00,-0.00
rétorque,word,4,0,0,0,4,1.00,0.00,0.00,0.00,-0.00,-0.00
rétorquer,lemma,4,0,0,0,4,1.00,0.00,0.00,0.00,-0.00,-0.00
réussi,word,0,0,0,14,14,0.00,0.00,0.00,1.00,-0.00,-0.00
réussir,lemma,0,0,0,21,21,0.00,0.00,0.00,1.00,-0.00,-0.00
réussir,word,0,0,0,3,3,0.00,0.00,0.00,1.00,-0.00,-0.00
réussit,word,0,0,0,4,4,0.00,0.00,0.00,1.00,-0.00,-0.00
réussite,lemma,0,0,0,3,3,0.00,0.00,0.00,1.00,-0.00,-0.00
réussite,word,0,0,0,3,3,0.00,0.00,0.00,1.00,-0.00,-0.00
responsables,word,0,0,0,3,3,0.00,0.00,0.00,1.00,-0.00,-0.00
emploi,lemma,0,0,0,3,3,0.00,0.00,0.00,1.00,-0.00,-0.00
révolter,lemma,3,0,0,0,3,1.00,0.00,0.00,0.00,-0.00,-0.00
embêtant,word,0,4,0,0,4,0.00,1.00,0.00,0.00,-0.00,-0.00
avant,word,0,0,0,6,6,0.00,0.00,0.00,1.00,-0.00,-0.00
avouait,lemma,0,0,0,3,3,0.00,0.00,0.00,1.00,-0.00,-0.00
avouait,word,0,0,0,3,3,0.00,0.00,0.00,1.00,-0.00,-0.00
aïe,word,0,0,3,0,3,0.00,0.00,1.00,0.00,-0.00,-0.00
baise,lemma,0,0,4,0,4,0.00,0.00,1.00,0.00,-0.00,-0.00
baise,word,0,0,4,0,4,0.00,0.00,1.00,0.00,-0.00,-0.00
baissant,lemma,3,0,0,0,3,1.00,0.00,0.00,0.00,-0.00,-0.00
emprisonner,lemma,0,0,0,4,4,0.00,0.00,0.00,1.00,-0.00,-0.00
route,lemma,10,0,0,0,10,1.00,0.00,0.00,0.00,-0.00,-0.00
routes,word,10,0,0,0,10,1.00,0.00,0.00,0.00,-0.00,-0.00
violente,word,0,0,0,3,3,0.00,0.00,0.00,1.00,-0.00,-0.00
violente,lemma,0,0,0,3,3,0.00,0.00,0.00,1.00,-0.00,-0.00
rues,word,4,0,0,0,4,1.00,0.00,0.00,0.00,-0.00,-0.00
rupture,lemma,0,0,0,3,3,0.00,0.00,0.00,1.00,-0.00,-0.00
rupture,word,0,0,0,3,3,0.00,0.00,0.00,1.00,-0.00,-0.00
réaliser,lemma,0,0,0,4,4,0.00,0.00,0.00,1.00,-0.00,-0.00
violent,word,0,0,0,9,9,0.00,0.00,0.00,1.00,-0.00,-0.00
réclamaient,lemma,4,0,0,0,4,1.00,0.00,0.00,0.00,-0.00,-0.00
réduites,word,0,0,0,3,3,0.00,0.00,0.00,1.00,-0.00,-0.00
réclamait,word,4,0,0,0,4,1.00,0.00,0.00,0.00,-0.00,-0.00
réclame,word,12,0,0,0,12,1.00,0.00,0.00,0.00,-0.00,-0.00
réclament,lemma,10,0,0,0,10,1.00,0.00,0.00,0.00,-0.00,-0.00
réclament,word,10,0,0,0,10,1.00,0.00,0.00,0.00,-0.00,-0.00
emprisonné,word,0,0,0,4,4,0.00,0.00,0.00,1.00,-0.00,-0.00
réclamer,lemma,37,0,0,0,37,1.00,0.00,0.00,0.00,-0.00,-0.00
réclamer,word,14,0,0,0,14,1.00,0.00,0.00,0.00,-0.00,-0.00
réclamé,word,4,0,0,0,4,1.00,0.00,0.00,0.00,-0.00,-0.00
récompense,lemma,0,0,0,8,8,0.00,0.00,0.00,1.00,-0.00,-0.00
récompense,word,0,0,0,10,10,0.00,0.00,0.00,1.00,-0.00,-0.00
réclamaient,word,4,0,0,0,4,1.00,0.00,0.00,0.00,-0.00,-0.00
rater,lemma,0,0,0,4,4,0.00,0.00,0.00,1.00,-0.00,-0.00
ravager,lemma,0,0,0,5,5,0.00,0.00,0.00,1.00,-0.00,-0.00
ravi,lemma,0,11,0,0,11,0.00,1.00,0.00,0.00,-0.00,-0.00
ravi,word,0,4,0,0,4,0.00,1.00,0.00,0.00,-0.00,-0.00
ravie,word,0,5,0,0,5,0.00,1.00,0.00,0.00,-0.00,-0.00
admirer,lemma,0,6,0,0,6,0.00,1.00,0.00,0.00,-0.00,-0.00
accusés,word,6,0,0,0,6,1.00,0.00,0.00,0.00,-0.00,-0.00
record,lemma,0,0,0,23,23,0.00,0.00,0.00,1.00,-0.00,-0.00
record,word,0,0,0,18,18,0.00,0.00,0.00,1.00,-0.00,-0.00
records,word,0,0,0,5,5,0.00,0.00,0.00,1.00,-0.00,-0.00
respecté,word,0,0,0,3,3,0.00,0.00,0.00,1.00,-0.00,-0.00
redoute,word,0,5,0,0,5,0.00,1.00,0.00,0.00,-0.00,-0.00
redoutent,lemma,0,3,0,0,3,0.00,1.00,0.00,0.00,-0.00,-0.00
bloquant,lemma,4,0,0,0,4,1.00,0.00,0.00,0.00,-0.00,-0.00
bloquant,word,4,0,0,0,4,1.00,0.00,0.00,0.00,-0.00,-0.00
bloquent,word,4,0,0,0,4,1.00,0.00,0.00,0.00,-0.00,-0.00
bloquer,lemma,15,0,0,0,15,1.00,0.00,0.00,0.00,-0.00,-0.00
bloquer,word,5,0,0,0,5,1.00,0.00,0.00,0.00,-0.00,-0.00
vécue,word,0,0,0,4,4,0.00,0.00,0.00,1.00,-0.00,-0.00
effondrement,word,0,0,0,3,3,0.00,0.00,0.00,1.00,-0.00,-0.00
bloqué,word,5,0,0,0,5,1.00,0.00,0.00,0.00,-0.00,-0.00
âïe,lemma,0,0,3,0,3,0.00,0.00,1.00,0.00,-0.00,-0.00
bée,word,3,0,0,0,3,1.00,0.00,0.00,0.00,-0.00,-0.00
bée,lemma,3,0,0,0,3,1.00,0.00,0.00,0.00,-0.00,-0.00
puissants,word,0,0,0,3,3,0.00,0.00,0.00,1.00,-0.00,-0.00
putain,lemma,0,0,3,0,3,0.00,0.00,1.00,0.00,-0.00,-0.00
putain,word,0,0,3,0,3,0.00,0.00,1.00,0.00,-0.00,-0.00
pute,lemma,0,0,15,0,15,0.00,0.00,1.00,0.00,-0.00,-0.00
"""",punctuation,0,0,3,0,3,0.00,0.00,1.00,0.00,-0.00,-0.00
pute,word,0,0,15,0,15,0.00,0.00,1.00,0.00,-0.00,-0.00
pyjama,lemma,0,0,0,3,3,0.00,0.00,0.00,1.00,-0.00,-0.00
émue,word,0,3,0,0,3,0.00,1.00,0.00,0.00,-0.00,-0.00
rate,word,0,0,0,3,3,0.00,0.00,0.00,1.00,-0.00,-0.00
pyjama,word,0,0,0,3,3,0.00,0.00,0.00,1.00,-0.00,-0.00
pénible,lemma,0,3,0,0,3,0.00,1.00,0.00,0.00,-0.00,-0.00
pénible,word,0,3,0,0,3,0.00,1.00,0.00,0.00,-0.00,-0.00
émotion,word,0,0,0,3,3,0.00,0.00,0.00,1.00,-0.00,-0.00
quelle,word,0,0,4,0,4,0.00,0.00,1.00,0.00,-0.00,-0.00
quelqu'un,word,0,0,3,0,3,0.00,0.00,1.00,0.00,-0.00,-0.00
quittent,word,4,0,0,0,4,1.00,0.00,0.00,0.00,-0.00,-0.00
raciste,lemma,0,0,0,3,3,0.00,0.00,0.00,1.00,-0.00,-0.00
raison,lemma,0,0,0,3,3,0.00,0.00,0.00,1.00,-0.00,-0.00
raison,word,0,0,0,3,3,0.00,0.00,0.00,1.00,-0.00,-0.00
émotion,lemma,0,0,0,4,4,0.00,0.00,0.00,1.00,-0.00,-0.00
émue,lemma,0,3,0,0,3,0.00,1.00,0.00,0.00,-0.00,-0.00
voler,word,0,0,0,3,3,0.00,0.00,0.00,1.00,-0.00,-0.00
remporté,word,0,0,0,24,24,0.00,0.00,0.00,1.00,-0.00,-0.00
remportée,word,0,0,0,3,3,0.00,0.00,0.00,1.00,-0.00,-0.00
renforcer,lemma,0,0,0,4,4,0.00,0.00,0.00,1.00,-0.00,-0.00
voler,lemma,0,0,0,8,8,0.00,0.00,0.00,1.00,-0.00,-0.00
voit,word,0,0,0,3,3,0.00,0.00,0.00,1.00,-0.00,-0.00
renvoyer,lemma,0,0,0,7,7,0.00,0.00,0.00,1.00,-0.00,-0.00
voient,word,0,0,0,3,3,0.00,0.00,0.00,1.00,-0.00,-0.00
renvoyé,word,0,0,0,5,5,0.00,0.00,0.00,1.00,-0.00,-0.00
vivent,word,0,0,0,4,4,0.00,0.00,0.00,1.00,-0.00,-0.00
bombardement,lemma,0,0,0,4,4,0.00,0.00,0.00,1.00,-0.00,-0.00
reprochaient,lemma,4,0,0,0,4,1.00,0.00,0.00,0.00,-0.00,-0.00
ailleurs,lemma,0,0,5,0,5,0.00,0.00,1.00,0.00,-0.00,-0.00
ailey,word,0,0,0,6,6,0.00,0.00,0.00,1.00,-0.00,-0.00
reprochaient,word,4,0,0,0,4,1.00,0.00,0.00,0.00,-0.00,-0.00
reproche,word,11,0,0,0,11,1.00,0.00,0.00,0.00,-0.00,-0.00
reprochent,word,11,0,0,0,11,1.00,0.00,0.00,0.00,-0.00,-0.00
reprocher,lemma,23,0,0,0,23,1.00,0.00,0.00,0.00,-0.00,-0.00
respecter,lemma,0,0,0,10,10,0.00,0.00,0.00,1.00,-0.00,-0.00
respecter,word,0,0,0,5,5,0.00,0.00,0.00,1.00,-0.00,-0.00
baissant,word,3,0,0,0,3,1.00,0.00,0.00,0.00,-0.00,-0.00
ailleurs,word,0,0,4,0,4,0.00,0.00,1.00,0.00,-0.00,-0.00
bombardements,word,0,0,0,4,4,0.00,0.00,0.00,1.00,-0.00,-0.00
bombe,word,0,0,0,3,3,0.00,0.00,0.00,1.00,-0.00,-0.00
bombes,word,0,0,0,3,3,0.00,0.00,0.00,1.00,-0.00,-0.00
effondrement,lemma,0,0,0,3,3,0.00,0.00,0.00,1.00,-0.00,-0.00
eau,lemma,0,0,0,4,4,0.00,0.00,0.00,1.00,-0.00,-0.00
redoutent,word,0,3,0,0,3,0.00,1.00,0.00,0.00,-0.00,-0.00
redouter,lemma,0,8,0,0,8,0.00,1.00,0.00,0.00,-0.00,-0.00
dîner,word,0,0,0,3,3,0.00,0.00,0.00,1.00,-0.00,-0.00
dîner,lemma,0,0,0,3,3,0.00,0.00,0.00,1.00,-0.00,-0.00
refuse,word,9,0,0,0,9,1.00,0.00,0.00,0.00,-0.00,-0.00
volé,word,0,0,0,4,4,0.00,0.00,0.00,1.00,-0.00,-0.00
refusé,word,3,0,0,0,3,1.00,0.00,0.00,0.00,-0.00,-0.00
regrette,word,0,8,0,0,8,0.00,1.00,0.00,0.00,-0.00,-0.00
regretter,lemma,0,8,0,0,8,0.00,1.00,0.00,0.00,-0.00,-0.00
déçue,word,0,6,0,0,6,0.00,1.00,0.00,0.00,-0.00,-0.00
déçu,word,0,5,0,0,5,0.00,1.00,0.00,0.00,-0.00,-0.00
détruites,word,0,0,0,6,6,0.00,0.00,0.00,1.00,-0.00,-0.00
rejetés,word,0,0,0,4,4,0.00,0.00,0.00,1.00,-0.00,-0.00
religion,lemma,0,0,3,0,3,0.00,0.00,1.00,0.00,-0.00,-0.00
remporte,word,0,0,0,17,17,0.00,0.00,0.00,1.00,-0.00,-0.00
étonnés,word,0,5,0,0,5,0.00,1.00,0.00,0.00,-0.00,-0.00
étonnement,word,0,4,0,0,4,0.00,1.00,0.00,0.00,-0.00,-0.00
déçus,word,0,4,0,0,4,0.00,1.00,0.00,0.00,-0.00,-0.00
trois,lemma,0,0,0,3,3,0.00,0.00,0.00,1.00,-0.00,-0.00
tristesse,word,0,10,0,0,10,0.00,1.00,0.00,0.00,-0.00,-0.00
tristesse,lemma,0,10,0,0,10,0.00,1.00,0.00,0.00,-0.00,-0.00
envie,lemma,0,0,0,3,3,0.00,0.00,0.00,1.00,-0.00,-0.00
envie,word,0,0,0,3,3,0.00,0.00,0.00,1.00,-0.00,-0.00
tristes,word,0,7,0,0,7,0.00,1.00,0.00,0.00,-0.00,-0.00
tribunal,word,0,0,0,3,3,0.00,0.00,0.00,1.00,-0.00,-0.00
espionner,lemma,0,0,0,5,5,0.00,0.00,0.00,1.00,-0.00,-0.00
espionner,word,0,0,0,4,4,0.00,0.00,0.00,1.00,-0.00,-0.00
essayer,lemma,0,0,0,4,4,0.00,0.00,0.00,1.00,-0.00,-0.00
embêtant,lemma,0,4,0,0,4,0.00,1.00,0.00,0.00,-0.00,-0.00
etes,word,0,0,4,0,4,0.00,0.00,1.00,0.00,-0.00,-0.00
tribunal,lemma,0,0,0,3,3,0.00,0.00,0.00,1.00,-0.00,-0.00
euro,lemma,0,0,0,4,4,0.00,0.00,0.00,1.00,-0.00,-0.00
travers,word,0,0,0,3,3,0.00,0.00,0.00,1.00,-0.00,-0.00
surpris,word,0,11,0,0,11,0.00,1.00,0.00,0.00,-0.00,-0.00
travers,lemma,0,0,0,3,3,0.00,0.00,0.00,1.00,-0.00,-0.00
torturés,word,0,0,0,3,3,0.00,0.00,0.00,1.00,-0.00,-0.00
torturer,lemma,0,0,0,3,3,0.00,0.00,0.00,1.00,-0.00,-0.00
tomber,word,0,0,0,4,4,0.00,0.00,0.00,1.00,-0.00,-0.00
surprises,word,0,5,0,0,5,0.00,1.00,0.00,0.00,-0.00,-0.00
ete,lemma,0,0,4,0,4,0.00,0.00,1.00,0.00,-0.00,-0.00
stressé,word,0,3,0,0,3,0.00,1.00,0.00,0.00,-0.00,-0.00
stupide,word,0,0,0,3,3,0.00,0.00,0.00,1.00,-0.00,-0.00
stupéfait,lemma,0,4,0,0,4,0.00,1.00,0.00,0.00,-0.00,-0.00
ami,lemma,0,0,0,6,6,0.00,0.00,0.00,1.00,-0.00,-0.00
subissent,word,0,3,0,0,3,0.00,1.00,0.00,0.00,-0.00,-0.00
succès,lemma,0,0,0,3,3,0.00,0.00,0.00,1.00,-0.00,-0.00
succès,word,0,0,0,3,3,0.00,0.00,0.00,1.00,-0.00,-0.00
alvin,word,0,0,0,6,6,0.00,0.00,0.00,1.00,-0.00,-0.00
suicider,lemma,3,0,0,0,3,1.00,0.00,0.00,0.00,-0.00,-0.00
suicider,word,3,0,0,0,3,1.00,0.00,0.00,0.00,-0.00,-0.00
trois,word,0,0,0,3,3,0.00,0.00,0.00,1.00,-0.00,-0.00
suivre,lemma,0,0,0,5,5,0.00,0.00,0.00,1.00,-0.00,-0.00
supporter,lemma,0,0,0,5,5,0.00,0.00,0.00,1.00,-0.00,-0.00
surprenant,lemma,0,9,0,0,9,0.00,1.00,0.00,0.00,-0.00,-0.00
alvin,lemma,0,0,0,6,6,0.00,0.00,0.00,1.00,-0.00,-0.00
alarmant,lemma,0,3,0,0,3,0.00,1.00,0.00,0.00,-0.00,-0.00
surprenant,word,0,4,0,0,4,0.00,1.00,0.00,0.00,-0.00,-0.00
surprenante,word,0,4,0,0,4,0.00,1.00,0.00,0.00,-0.00,-0.00
surprendre,lemma,0,14,0,0,14,0.00,1.00,0.00,0.00,-0.00,-0.00
aimer,word,0,0,0,3,3,0.00,0.00,0.00,1.00,-0.00,-0.00
troupe,word,0,0,0,9,9,0.00,0.00,0.00,1.00,-0.00,-0.00
troupe,lemma,0,0,0,9,9,0.00,0.00,0.00,1.00,-0.00,-0.00
suivie,word,0,0,0,4,4,0.00,0.00,0.00,1.00,-0.00,-0.00
dénonçaient,word,4,0,0,0,4,1.00,0.00,0.00,0.00,-0.00,-0.00
dénonçaient,lemma,4,0,0,0,4,1.00,0.00,0.00,0.00,-0.00,-0.00
tempête,lemma,0,0,0,5,5,0.00,0.00,0.00,1.00,-0.00,-0.00
tempête,word,0,0,0,3,3,0.00,0.00,0.00,1.00,-0.00,-0.00
tendue,word,0,4,0,0,4,0.00,1.00,0.00,0.00,-0.00,-0.00
terrorisme,lemma,0,0,0,3,3,0.00,0.00,0.00,1.00,-0.00,-0.00
dénoncer,word,8,0,0,0,8,1.00,0.00,0.00,0.00,-0.00,-0.00
terrorisme,word,0,0,0,3,3,0.00,0.00,0.00,1.00,-0.00,-0.00
ensemble,word,0,0,0,3,3,0.00,0.00,0.00,1.00,-0.00,-0.00
ensemble,lemma,0,0,0,3,3,0.00,0.00,0.00,1.00,-0.00,-0.00
surtout,lemma,0,0,4,0,4,0.00,0.00,1.00,0.00,-0.00,-0.00
enfin,word,0,0,3,0,3,0.00,0.00,1.00,0.00,-0.00,-0.00
terroriste,lemma,0,0,0,9,9,0.00,0.00,0.00,1.00,-0.00,-0.00
terroristes,word,0,0,0,10,10,0.00,0.00,0.00,1.00,-0.00,-0.00
tg,lemma,0,0,22,0,22,0.00,0.00,1.00,0.00,-0.00,-0.00
tg,word,0,0,22,0,22,0.00,0.00,1.00,0.00,-0.00,-0.00
amour,word,0,0,0,6,6,0.00,0.00,0.00,1.00,-0.00,-0.00
enfin,lemma,0,0,3,0,3,0.00,0.00,1.00,0.00,-0.00,-0.00
amusante,lemma,0,5,0,0,5,0.00,1.00,0.00,0.00,-0.00,-0.00
amusante,word,0,3,0,0,3,0.00,1.00,0.00,0.00,-0.00,-0.00
enfermés,word,0,0,0,4,4,0.00,0.00,0.00,1.00,-0.00,-0.00
enfuir,lemma,5,0,0,0,5,1.00,0.00,0.00,0.00,-0.00,-0.00
surtout,word,0,0,4,0,4,0.00,0.00,1.00,0.00,-0.00,-0.00
sympa,lemma,0,4,0,0,4,0.00,1.00,0.00,0.00,-0.00,-0.00
sympa,word,0,3,0,0,3,0.00,1.00,0.00,0.00,-0.00,-0.00
sécheresse,lemma,0,0,0,6,6,0.00,0.00,0.00,1.00,-0.00,-0.00
sécheresse,word,0,0,0,6,6,0.00,0.00,0.00,1.00,-0.00,-0.00
sécurité,lemma,0,0,0,5,5,0.00,0.00,0.00,1.00,-0.00,-0.00
sécurité,word,0,0,0,5,5,0.00,0.00,0.00,1.00,-0.00,-0.00
toit,word,0,0,0,3,3,0.00,0.00,0.00,1.00,-0.00,-0.00
toit,lemma,0,0,0,3,3,0.00,0.00,0.00,1.00,-0.00,-0.00
angoisse,word,0,4,0,0,4,0.00,1.00,0.00,0.00,-0.00,-0.00
déposer,lemma,4,0,0,0,4,1.00,0.00,0.00,0.00,-0.00,-0.00
appeler,lemma,6,0,0,0,6,1.00,0.00,0.00,0.00,-0.00,-0.00
appelé,word,5,0,0,0,5,1.00,0.00,0.00,0.00,-0.00,-0.00
applaudi,word,5,0,0,0,5,1.00,0.00,0.00,0.00,-0.00,-0.00
applaudir,lemma,5,0,0,0,5,1.00,0.00,0.00,0.00,-0.00,-0.00
arabe,word,0,0,3,0,3,0.00,0.00,1.00,0.00,-0.00,-0.00
anglais,word,0,0,0,5,5,0.00,0.00,0.00,1.00,-0.00,-0.00
anglais,lemma,0,0,0,5,5,0.00,0.00,0.00,1.00,-0.00,-0.00
arme,lemma,0,0,0,9,9,0.00,0.00,0.00,1.00,-0.00,-0.00
arme,word,0,0,0,7,7,0.00,0.00,0.00,1.00,-0.00,-0.00
dépression,word,0,4,0,0,4,0.00,1.00,0.00,0.00,-0.00,-0.00
dépression,lemma,0,5,0,0,5,0.00,1.00,0.00,0.00,-0.00,-0.00
angoisse,lemma,0,6,0,0,6,0.00,1.00,0.00,0.00,-0.00,-0.00
faisait,word,0,0,0,3,3,0.00,0.00,0.00,1.00,-0.00,-0.00
fake,lemma,0,0,0,3,3,0.00,0.00,0.00,1.00,-0.00,-0.00
victoire,word,0,0,0,18,18,0.00,0.00,0.00,1.00,-0.00,-0.00
fake,word,0,0,0,3,3,0.00,0.00,0.00,1.00,-0.00,-0.00
victoire,lemma,0,0,0,17,17,0.00,0.00,0.00,1.00,-0.00,-0.00
victime,word,0,0,0,35,35,0.00,0.00,0.00,1.00,-0.00,-0.00
s'inquiètent,word,0,7,0,0,7,0.00,1.00,0.00,0.00,-0.00,-0.00
s'étonne,word,0,5,0,0,5,0.00,1.00,0.00,0.00,-0.00,-0.00
vexé,word,0,4,0,0,4,0.00,1.00,0.00,0.00,-0.00,-0.00
vexe,word,0,4,0,0,4,0.00,1.00,0.00,0.00,-0.00,-0.00
stressé,lemma,0,3,0,0,3,0.00,1.00,0.00,0.00,-0.00,-0.00
venger,word,7,0,0,0,7,1.00,0.00,0.00,0.00,-0.00,-0.00
santé,lemma,0,0,0,3,3,0.00,0.00,0.00,1.00,-0.00,-0.00
santé,word,0,0,0,3,3,0.00,0.00,0.00,1.00,-0.00,-0.00
satisfaire,lemma,0,4,0,0,4,0.00,1.00,0.00,0.00,-0.00,-0.00
satisfaire,word,0,4,0,0,4,0.00,1.00,0.00,0.00,-0.00,-0.00
satisfait,lemma,0,4,0,0,4,0.00,1.00,0.00,0.00,-0.00,-0.00
savoir,word,0,0,5,0,5,0.00,0.00,1.00,0.00,-0.00,-0.00
scandale,lemma,0,5,0,0,5,0.00,1.00,0.00,0.00,-0.00,-0.00
scandale,word,0,5,0,0,5,0.00,1.00,0.00,0.00,-0.00,-0.00
scène,lemma,0,0,0,3,3,0.00,0.00,0.00,1.00,-0.00,-0.00
vexe,lemma,0,4,0,0,4,0.00,1.00,0.00,0.00,-0.00,-0.00
eh,word,0,0,4,0,4,0.00,0.00,1.00,0.00,-0.00,-0.00
eh,lemma,0,0,4,0,4,0.00,0.00,1.00,0.00,-0.00,-0.00
rêver,lemma,0,0,0,5,5,0.00,0.00,0.00,1.00,-0.00,-0.00
rêver,word,0,0,0,3,3,0.00,0.00,0.00,1.00,-0.00,-0.00
s'affrontent,word,3,0,0,0,3,1.00,0.00,0.00,0.00,-0.00,-0.00
s'amuser,word,3,0,0,0,3,1.00,0.00,0.00,0.00,-0.00,-0.00
s'enfermer,word,3,0,0,0,3,1.00,0.00,0.00,0.00,-0.00,-0.00
s'enthousiasme,word,0,3,0,0,3,0.00,1.00,0.00,0.00,-0.00,-0.00
effrayants,word,0,5,0,0,5,0.00,1.00,0.00,0.00,-0.00,-0.00
s'exclame,word,3,0,0,0,3,1.00,0.00,0.00,0.00,-0.00,-0.00
facilement,word,0,0,0,3,3,0.00,0.00,0.00,1.00,-0.00,-0.00
exclame,lemma,5,0,0,0,5,1.00,0.00,0.00,0.00,-0.00,-0.00
effrayant,word,0,3,0,0,3,0.00,1.00,0.00,0.00,-0.00,-0.00
effrayant,lemma,0,8,0,0,8,0.00,1.00,0.00,0.00,-0.00,-0.00
exiger,lemma,3,0,0,0,3,1.00,0.00,0.00,0.00,-0.00,-0.00
effondrés,word,0,0,0,3,3,0.00,0.00,0.00,1.00,-0.00,-0.00
exploser,word,0,0,0,3,3,0.00,0.00,0.00,1.00,-0.00,-0.00
explosion,word,0,0,0,3,3,0.00,0.00,0.00,1.00,-0.00,-0.00
extraordinaire,lemma,0,3,0,0,3,0.00,1.00,0.00,0.00,-0.00,-0.00
facile,lemma,0,0,0,3,3,0.00,0.00,0.00,1.00,-0.00,-0.00
facile,word,0,0,0,4,4,0.00,0.00,0.00,1.00,-0.00,-0.00
facilement,lemma,0,0,0,3,3,0.00,0.00,0.00,1.00,-0.00,-0.00
s'inquiète,word,0,10,0,0,10,0.00,1.00,0.00,0.00,-0.00,-0.00
souriant,word,4,0,0,0,4,1.00,0.00,0.00,0.00,-0.00,-0.00
unique,word,0,0,0,8,8,0.00,0.00,0.00,1.00,-0.00,-0.00
armer,lemma,0,0,0,3,3,0.00,0.00,0.00,1.00,-0.00,-0.00
unique,lemma,0,0,0,5,5,0.00,0.00,0.00,1.00,-0.00,-0.00
armes,word,0,0,0,3,3,0.00,0.00,0.00,1.00,-0.00,-0.00
armé,word,0,0,0,4,4,0.00,0.00,0.00,1.00,-0.00,-0.00
téléphone,word,0,0,0,3,3,0.00,0.00,0.00,1.00,-0.00,-0.00
téléphone,lemma,0,0,0,3,3,0.00,0.00,0.00,1.00,-0.00,-0.00
tâche,lemma,0,0,0,3,3,0.00,0.00,0.00,1.00,-0.00,-0.00
tués,word,0,0,0,10,10,0.00,0.00,0.00,1.00,-0.00,-0.00
sent,word,0,0,0,4,4,0.00,0.00,0.00,1.00,-0.00,-0.00
stage,lemma,0,0,0,4,4,0.00,0.00,0.00,1.00,-0.00,-0.00
stage,word,0,0,0,3,3,0.00,0.00,0.00,1.00,-0.00,-0.00
star,lemma,0,0,0,8,8,0.00,0.00,0.00,1.00,-0.00,-0.00
trésor,word,0,0,0,3,3,0.00,0.00,0.00,1.00,-0.00,-0.00
trésor,lemma,0,0,0,3,3,0.00,0.00,0.00,1.00,-0.00,-0.00
truquer,lemma,0,0,0,3,3,0.00,0.00,0.00,1.00,-0.00,-0.00
amis,word,0,0,0,3,3,0.00,0.00,0.00,1.00,-0.00,-0.00
star,word,0,0,0,8,8,0.00,0.00,0.00,1.00,-0.00,-0.00
stop,lemma,0,0,7,0,7,0.00,0.00,1.00,0.00,-0.00,-0.00
stop,word,0,0,7,0,7,0.00,0.00,1.00,0.00,-0.00,-0.00
tuer,word,0,0,0,13,13,0.00,0.00,0.00,1.00,-0.00,-0.00
attaque,word,0,0,0,4,4,0.00,0.00,0.00,1.00,-0.00,-0.00
attaquer,word,0,0,0,6,6,0.00,0.00,0.00,1.00,-0.00,-0.00
venger,lemma,7,0,0,0,7,1.00,0.00,0.00,0.00,-0.00,-0.00
aucune,word,0,0,0,4,4,0.00,0.00,0.00,1.00,-0.00,-0.00
augmentation,lemma,0,0,0,4,4,0.00,0.00,0.00,1.00,-0.00,-0.00
augmentation,word,0,0,0,5,5,0.00,0.00,0.00,1.00,-0.00,-0.00
augmenter,lemma,0,0,0,3,3,0.00,0.00,0.00,1.00,-0.00,-0.00
avant,lemma,0,0,0,6,6,0.00,0.00,0.00,1.00,-0.00,-0.00
sert,word,0,0,3,0,3,0.00,0.00,1.00,0.00,-0.00,-0.00
seul,lemma,0,0,0,6,6,0.00,0.00,0.00,1.00,-0.00,-0.00
souriant,lemma,4,0,0,0,4,1.00,0.00,0.00,0.00,-0.00,-0.00
sexuel,lemma,0,0,0,6,6,0.00,0.00,0.00,1.00,-0.00,-0.00
sexuellement,lemma,0,0,0,3,3,0.00,0.00,0.00,1.00,-0.00,-0.00
sexuellement,word,0,0,0,3,3,0.00,0.00,0.00,1.00,-0.00,-0.00
sexuelles,word,0,0,0,5,5,0.00,0.00,0.00,1.00,-0.00,-0.00
vache,word,0,0,0,3,3,0.00,0.00,0.00,1.00,-0.00,-0.00
vache,lemma,0,0,0,3,3,0.00,0.00,0.00,1.00,-0.00,-0.00
soleil,lemma,0,0,0,4,4,0.00,0.00,0.00,1.00,-0.00,-0.00
soleil,word,0,0,0,4,4,0.00,0.00,0.00,1.00,-0.00,-0.00
souffrent,word,0,3,0,0,3,0.00,1.00,0.00,0.00,-0.00,-0.00
soupire,word,7,0,0,0,7,1.00,0.00,0.00,0.00,-0.00,-0.00
soupirer,lemma,7,0,0,0,7,1.00,0.00,0.00,0.00,-0.00,-0.00
seul,word,0,0,0,5,5,0.00,0.00,0.00,1.00,-0.00,-0.00
maladie,lemma,0,0,0,7,7,0.00,0.00,0.00,1.00,-0.00,-0.00
maladie,word,0,0,0,4,4,0.00,0.00,0.00,1.00,-0.00,-0.00
maladies,word,0,0,0,4,4,0.00,0.00,0.00,1.00,-0.00,-0.00
malgré,lemma,0,0,4,0,4,0.00,0.00,1.00,0.00,-0.00,-0.00
maltraitance,lemma,0,0,0,3,3,0.00,0.00,0.00,1.00,-0.00,-0.00
maltraitées,word,0,0,0,3,3,0.00,0.00,0.00,1.00,-0.00,-0.00
manger,lemma,0,0,0,5,5,0.00,0.00,0.00,1.00,-0.00,-0.00
manger,word,0,0,0,4,4,0.00,0.00,0.00,1.00,-0.00,-0.00
manifestaient,lemma,3,0,0,0,3,1.00,0.00,0.00,0.00,-0.00,-0.00
manifestaient,word,3,0,0,0,3,1.00,0.00,0.00,0.00,-0.00,-0.00
manifeste,lemma,4,0,0,0,4,1.00,0.00,0.00,0.00,-0.00,-0.00
manifeste,word,4,0,0,0,4,1.00,0.00,0.00,0.00,-0.00,-0.00
formidable,word,0,3,0,0,3,0.00,1.00,0.00,0.00,-0.00,-0.00
manifestent,word,15,0,0,0,15,1.00,0.00,0.00,0.00,-0.00,-0.00
difficiles,word,0,0,0,12,12,0.00,0.00,0.00,1.00,-0.00,-0.00
difficulté,lemma,0,0,0,3,3,0.00,0.00,0.00,1.00,-0.00,-0.00
difficultés,word,0,0,0,3,3,0.00,0.00,0.00,1.00,-0.00,-0.00
discrimination,lemma,0,0,0,4,4,0.00,0.00,0.00,1.00,-0.00,-0.00
harceler,lemma,0,0,0,5,5,0.00,0.00,0.00,1.00,-0.00,-0.00
harcelé,lemma,0,0,0,6,6,0.00,0.00,0.00,1.00,-0.00,-0.00
harcelé,word,0,0,0,4,4,0.00,0.00,0.00,1.00,-0.00,-0.00
hasard,lemma,0,0,0,7,7,0.00,0.00,0.00,1.00,-0.00,-0.00
hasard,word,0,0,0,7,7,0.00,0.00,0.00,1.00,-0.00,-0.00
manifester,lemma,32,0,0,0,32,1.00,0.00,0.00,0.00,-0.00,-0.00
manifester,word,15,0,0,0,15,1.00,0.00,0.00,0.00,-0.00,-0.00
manifestent,lemma,15,0,0,0,15,1.00,0.00,0.00,0.00,-0.00,-0.00
l'école,word,0,0,0,4,4,0.00,0.00,0.00,1.00,-0.00,-0.00
lancer,lemma,5,0,0,0,5,1.00,0.00,0.00,0.00,-0.00,-0.00
lancé,word,3,0,0,0,3,1.00,0.00,0.00,0.00,-0.00,-0.00
larme,lemma,7,0,0,0,7,1.00,0.00,0.00,0.00,-0.00,-0.00
larmes,word,7,0,0,0,7,1.00,0.00,0.00,0.00,-0.00,-0.00
lesbiennes,word,0,0,3,0,3,0.00,0.00,1.00,0.00,-0.00,-0.00
cour,lemma,0,0,0,3,3,0.00,0.00,0.00,1.00,-0.00,-0.00
cour,word,0,0,0,3,3,0.00,0.00,0.00,1.00,-0.00,-0.00
craignaient,word,0,3,0,0,3,0.00,1.00,0.00,0.00,-0.00,-0.00
craindre,word,0,4,0,0,4,0.00,1.00,0.00,0.00,-0.00,-0.00
craint,word,0,8,0,0,8,0.00,1.00,0.00,0.00,-0.00,-0.00
crasseuse,lemma,0,0,7,0,7,0.00,0.00,1.00,0.00,-0.00,-0.00
malades,word,0,0,0,3,3,0.00,0.00,0.00,1.00,-0.00,-0.00
lever,lemma,4,0,0,0,4,1.00,0.00,0.00,0.00,-0.00,-0.00
liberté,lemma,0,0,0,3,3,0.00,0.00,0.00,1.00,-0.00,-0.00
liberté,word,0,0,0,3,3,0.00,0.00,0.00,1.00,-0.00,-0.00
longtemps,lemma,0,0,0,4,4,0.00,0.00,0.00,1.00,-0.00,-0.00
longtemps,word,0,0,0,4,4,0.00,0.00,0.00,1.00,-0.00,-0.00
lutte,lemma,5,0,0,0,5,1.00,0.00,0.00,0.00,-0.00,-0.00
lutte,word,5,0,0,0,5,1.00,0.00,0.00,0.00,-0.00,-0.00
lève,word,4,0,0,0,4,1.00,0.00,0.00,0.00,-0.00,-0.00
légende,lemma,0,0,0,3,3,0.00,0.00,0.00,1.00,-0.00,-0.00
légende,word,0,0,0,3,3,0.00,0.00,0.00,1.00,-0.00,-0.00
magique,lemma,0,4,0,0,4,0.00,1.00,0.00,0.00,-0.00,-0.00
magique,word,0,3,0,0,3,0.00,1.00,0.00,0.00,-0.00,-0.00
crasseuse,word,0,0,7,0,7,0.00,0.00,1.00,0.00,-0.00,-0.00
corruption,lemma,0,0,0,5,5,0.00,0.00,0.00,1.00,-0.00,-0.00
corruption,word,0,0,0,5,5,0.00,0.00,0.00,1.00,-0.00,-0.00
couille,lemma,0,0,6,0,6,0.00,0.00,1.00,0.00,-0.00,-0.00
couilles,word,0,0,6,0,6,0.00,0.00,1.00,0.00,-0.00,-0.00
coup,word,0,0,0,8,8,0.00,0.00,0.00,1.00,-0.00,-0.00
coupe,lemma,0,0,0,3,3,0.00,0.00,0.00,1.00,-0.00,-0.00
coupe,word,0,0,0,3,3,0.00,0.00,0.00,1.00,-0.00,-0.00
meurent,word,0,0,0,8,8,0.00,0.00,0.00,1.00,-0.00,-0.00
minable,lemma,0,3,0,0,3,0.00,1.00,0.00,0.00,-0.00,-0.00
minable,word,0,3,0,0,3,0.00,1.00,0.00,0.00,-0.00,-0.00
mobilisent,lemma,3,0,0,0,3,1.00,0.00,0.00,0.00,-0.00,-0.00
mobilisent,word,3,0,0,0,3,1.00,0.00,0.00,0.00,-0.00,-0.00
manifesté,word,16,0,0,0,16,1.00,0.00,0.00,0.00,-0.00,-0.00
grève,word,35,0,0,0,35,1.00,0.00,0.00,0.00,-0.00,-0.00
grèves,word,5,0,0,0,5,1.00,0.00,0.00,0.00,-0.00,-0.00
deuxième,lemma,0,0,0,4,4,0.00,0.00,0.00,1.00,-0.00,-0.00
deuxième,word,0,0,0,4,4,0.00,0.00,0.00,1.00,-0.00,-0.00
devenir,word,0,0,0,4,4,0.00,0.00,0.00,1.00,-0.00,-0.00
devoirs,word,0,0,0,3,3,0.00,0.00,0.00,1.00,-0.00,-0.00
dictateur,lemma,0,0,0,3,3,0.00,0.00,0.00,1.00,-0.00,-0.00
dictateur,word,0,0,0,3,3,0.00,0.00,0.00,1.00,-0.00,-0.00
mondial,lemma,0,0,0,3,3,0.00,0.00,0.00,1.00,-0.00,-0.00
mondiale,word,0,0,0,3,3,0.00,0.00,0.00,1.00,-0.00,-0.00
connaître,lemma,0,0,0,3,3,0.00,0.00,0.00,1.00,-0.00,-0.00
conséquence,lemma,0,0,0,6,6,0.00,0.00,0.00,1.00,-0.00,-0.00
grève,lemma,40,0,0,0,40,1.00,0.00,0.00,0.00,-0.00,-0.00
manquer,lemma,0,0,0,4,4,0.00,0.00,0.00,1.00,-0.00,-0.00
mariage,lemma,0,0,0,7,7,0.00,0.00,0.00,1.00,-0.00,-0.00
mariage,word,0,0,0,7,7,0.00,0.00,0.00,1.00,-0.00,-0.00
marier,lemma,0,0,0,3,3,0.00,0.00,0.00,1.00,-0.00,-0.00
marié,lemma,0,0,0,3,3,0.00,0.00,0.00,1.00,-0.00,-0.00
mariés,word,0,0,0,3,3,0.00,0.00,0.00,1.00,-0.00,-0.00
marrante,lemma,0,3,0,0,3,0.00,1.00,0.00,0.00,-0.00,-0.00
marrantes,word,0,3,0,0,3,0.00,1.00,0.00,0.00,-0.00,-0.00
mauvais,word,0,0,0,10,10,0.00,0.00,0.00,1.00,-0.00,-0.00
maîtrise,lemma,0,0,0,3,3,0.00,0.00,0.00,1.00,-0.00,-0.00
maîtrise,word,0,0,0,3,3,0.00,0.00,0.00,1.00,-0.00,-0.00
meilleur,lemma,0,0,0,16,16,0.00,0.00,0.00,1.00,-0.00,-0.00
corps,word,0,0,0,3,3,0.00,0.00,0.00,1.00,-0.00,-0.00
meilleure,word,0,0,0,7,7,0.00,0.00,0.00,1.00,-0.00,-0.00
menacée,word,0,3,0,0,3,0.00,1.00,0.00,0.00,-0.00,-0.00
menacés,word,0,6,0,0,6,0.00,1.00,0.00,0.00,-0.00,-0.00
menaçant,lemma,0,4,0,0,4,0.00,1.00,0.00,0.00,-0.00,-0.00
menaçante,word,0,4,0,0,4,0.00,1.00,0.00,0.00,-0.00,-0.00
mentir,lemma,0,0,0,4,4,0.00,0.00,0.00,1.00,-0.00,-0.00
mentir,word,0,0,0,4,4,0.00,0.00,0.00,1.00,-0.00,-0.00
merde,lemma,0,0,18,0,18,0.00,0.00,1.00,0.00,-0.00,-0.00
merde,word,0,0,16,0,16,0.00,0.00,1.00,0.00,-0.00,-0.00
mere,lemma,0,0,13,0,13,0.00,0.00,1.00,0.00,-0.00,-0.00
mere,word,0,0,11,0,11,0.00,0.00,1.00,0.00,-0.00,-0.00
corps,lemma,0,0,0,3,3,0.00,0.00,0.00,1.00,-0.00,-0.00
meilleur,word,0,0,0,12,12,0.00,0.00,0.00,1.00,-0.00,-0.00
icône,word,0,0,0,3,3,0.00,0.00,0.00,1.00,-0.00,-0.00
danseur,word,0,0,0,3,3,0.00,0.00,0.00,1.00,-0.00,-0.00
danseurs,word,0,0,0,3,3,0.00,0.00,0.00,1.00,-0.00,-0.00
danseuse,lemma,0,0,0,5,5,0.00,0.00,0.00,1.00,-0.00,-0.00
danseuse,word,0,0,0,5,5,0.00,0.00,0.00,1.00,-0.00,-0.00
descendue,lemma,4,0,0,0,4,1.00,0.00,0.00,0.00,-0.00,-0.00
descendues,word,3,0,0,0,3,1.00,0.00,0.00,0.00,-0.00,-0.00
illégal,lemma,0,0,0,3,3,0.00,0.00,0.00,1.00,-0.00,-0.00
important,lemma,0,0,0,5,5,0.00,0.00,0.00,1.00,-0.00,-0.00
important,word,0,0,0,4,4,0.00,0.00,0.00,1.00,-0.00,-0.00
impose,word,0,0,0,5,5,0.00,0.00,0.00,1.00,-0.00,-0.00
imposer,lemma,0,0,0,10,10,0.00,0.00,0.00,1.00,-0.00,-0.00
l'occasion,word,0,0,0,5,5,0.00,0.00,0.00,1.00,-0.00,-0.00
impressionner,word,0,3,0,0,3,0.00,1.00,0.00,0.00,-0.00,-0.00
impressionné,lemma,0,4,0,0,4,0.00,1.00,0.00,0.00,-0.00,-0.00
impressionné,word,0,4,0,0,4,0.00,1.00,0.00,0.00,-0.00,-0.00
incroyables,word,0,3,0,0,3,0.00,1.00,0.00,0.00,-0.00,-0.00
injustice,lemma,0,0,0,12,12,0.00,0.00,0.00,1.00,-0.00,-0.00
injustice,word,0,0,0,7,7,0.00,0.00,0.00,1.00,-0.00,-0.00
injustices,word,0,0,0,5,5,0.00,0.00,0.00,1.00,-0.00,-0.00
inondations,word,0,0,0,5,5,0.00,0.00,0.00,1.00,-0.00,-0.00
inquiet,lemma,0,20,0,0,20,0.00,1.00,0.00,0.00,-0.00,-0.00
d'or,word,0,0,0,4,4,0.00,0.00,0.00,1.00,-0.00,-0.00
dangereuse,word,0,13,0,0,13,0.00,1.00,0.00,0.00,-0.00,-0.00
dangereuses,word,0,11,0,0,11,0.00,1.00,0.00,0.00,-0.00,-0.00
imposer,word,0,0,0,3,3,0.00,0.00,0.00,1.00,-0.00,-0.00
acclamer,lemma,4,0,0,0,4,1.00,0.00,0.00,0.00,-0.00,-0.00
accord,word,0,0,0,12,12,0.00,0.00,0.00,1.00,-0.00,-0.00
accusait,word,4,0,0,0,4,1.00,0.00,0.00,0.00,-0.00,-0.00
accusant,word,4,0,0,0,4,1.00,0.00,0.00,0.00,-0.00,-0.00
accuse,word,19,0,0,0,19,1.00,0.00,0.00,0.00,-0.00,-0.00
accusent,word,21,0,0,0,21,1.00,0.00,0.00,0.00,-0.00,-0.00
épidémie,lemma,0,0,0,4,4,0.00,0.00,0.00,1.00,-0.00,-0.00
état,lemma,0,0,0,4,4,0.00,0.00,0.00,1.00,-0.00,-0.00
étoile,lemma,0,0,0,3,3,0.00,0.00,0.00,1.00,-0.00,-0.00
étonnante,word,0,10,0,0,10,0.00,1.00,0.00,0.00,-0.00,-0.00
étonnement,lemma,0,4,0,0,4,0.00,1.00,0.00,0.00,-0.00,-0.00
admirer,word,0,3,0,0,3,0.00,1.00,0.00,0.00,-0.00,-0.00
icône,lemma,0,0,0,3,3,0.00,0.00,0.00,1.00,-0.00,-0.00
affrontements,word,4,0,0,0,4,1.00,0.00,0.00,0.00,-0.00,-0.00
affrontés,word,3,0,0,0,3,1.00,0.00,0.00,0.00,-0.00,-0.00
agresser,lemma,0,0,0,9,9,0.00,0.00,0.00,1.00,-0.00,-0.00
échec,lemma,0,0,0,3,3,0.00,0.00,0.00,1.00,-0.00,-0.00
échec,word,0,0,0,3,3,0.00,0.00,0.00,1.00,-0.00,-0.00
électricité,lemma,0,0,0,4,4,0.00,0.00,0.00,1.00,-0.00,-0.00
éliminer,lemma,0,0,0,3,3,0.00,0.00,0.00,1.00,-0.00,-0.00
élire,lemma,0,0,0,4,4,0.00,0.00,0.00,1.00,-0.00,-0.00
élue,word,0,0,0,4,4,0.00,0.00,0.00,1.00,-0.00,-0.00
accident,lemma,0,0,0,4,4,0.00,0.00,0.00,1.00,-0.00,-0.00
héros,lemma,0,0,0,6,6,0.00,0.00,0.00,1.00,-0.00,-0.00
héros,word,0,0,0,6,6,0.00,0.00,0.00,1.00,-0.00,-0.00
affrontement,lemma,4,0,0,0,4,1.00,0.00,0.00,0.00,-0.00,-0.00
heureur,lemma,0,3,0,0,3,0.00,1.00,0.00,0.00,-0.00,-0.00
heureuse,word,0,5,0,0,5,0.00,1.00,0.00,0.00,-0.00,-0.00
heureuses,word,0,3,0,0,3,0.00,1.00,0.00,0.00,-0.00,-0.00
inégalité,lemma,0,0,0,6,6,0.00,0.00,0.00,1.00,-0.00,-0.00
inégalités,word,0,0,0,6,6,0.00,0.00,0.00,1.00,-0.00,-0.00
j'aimerais,word,0,0,3,0,3,0.00,0.00,1.00,0.00,-0.00,-0.00
jalou,lemma,0,5,0,0,5,0.00,1.00,0.00,0.00,-0.00,-0.00
jaloux,word,0,5,0,0,5,0.00,1.00,0.00,0.00,-0.00,-0.00
jeu,lemma,0,0,0,3,3,0.00,0.00,0.00,1.00,-0.00,-0.00
jeux,word,0,0,0,3,3,0.00,0.00,0.00,1.00,-0.00,-0.00
joué,word,0,0,0,3,3,0.00,0.00,0.00,1.00,-0.00,-0.00
joyeux,lemma,0,4,0,0,4,0.00,1.00,0.00,0.00,-0.00,-0.00
danse,lemma,0,0,0,6,6,0.00,0.00,0.00,1.00,-0.00,-0.00
julien,lemma,0,0,5,0,5,0.00,0.00,1.00,0.00,-0.00,-0.00
julien,word,0,0,7,0,7,0.00,0.00,1.00,0.00,-0.00,-0.00
cri,lemma,4,0,0,0,4,1.00,0.00,0.00,0.00,-0.00,-0.00
crient,word,3,0,0,0,3,1.00,0.00,0.00,0.00,-0.00,-0.00
cris,word,3,0,0,0,3,1.00,0.00,0.00,0.00,-0.00,-0.00
crise,lemma,0,0,0,4,4,0.00,0.00,0.00,1.00,-0.00,-0.00
crise,word,0,0,0,4,4,0.00,0.00,0.00,1.00,-0.00,-0.00
critiquent,word,10,0,0,0,10,1.00,0.00,0.00,0.00,-0.00,-0.00
critiquer,word,8,0,0,0,8,1.00,0.00,0.00,0.00,-0.00,-0.00
critiques,word,6,0,0,0,6,1.00,0.00,0.00,0.00,-0.00,-0.00
critiqué,lemma,7,0,0,0,7,1.00,0.00,0.00,0.00,-0.00,-0.00
critiquée,word,12,0,0,0,12,1.00,0.00,0.00,0.00,-0.00,-0.00
joyeux,word,0,3,0,0,3,0.00,1.00,0.00,0.00,-0.00,-0.00
danse,word,0,0,0,6,6,0.00,0.00,0.00,1.00,-0.00,-0.00
danseur,lemma,0,0,0,6,6,0.00,0.00,0.00,1.00,-0.00,-0.00
inquiet,word,0,6,0,0,6,0.00,1.00,0.00,0.00,-0.00,-0.00
inquiets,word,0,14,0,0,14,0.00,1.00,0.00,0.00,-0.00,-0.00
inquiètent,word,0,6,0,0,6,0.00,1.00,0.00,0.00,-0.00,-0.00
inquiétant,lemma,0,5,0,0,5,0.00,1.00,0.00,0.00,-0.00,-0.00
inquiétant,word,0,6,0,0,6,0.00,1.00,0.00,0.00,-0.00,-0.00
inquiétantes,word,0,3,0,0,3,0.00,1.00,0.00,0.00,-0.00,-0.00
inquiétude,lemma,0,11,0,0,11,0.00,1.00,0.00,0.00,-0.00,-0.00
inquiétude,word,0,5,0,0,5,0.00,1.00,0.00,0.00,-0.00,-0.00
inquiétudes,word,0,6,0,0,6,0.00,1.00,0.00,0.00,-0.00,-0.00
insiste,word,3,0,0,0,3,1.00,0.00,0.00,0.00,-0.00,-0.00
heure,lemma,0,0,0,5,5,0.00,0.00,0.00,1.00,-0.00,-0.00
insolite,word,0,4,0,0,4,0.00,1.00,0.00,0.00,-0.00,-0.00
critiqués,word,6,0,0,0,6,1.00,0.00,0.00,0.00,-0.00,-0.00
croisière,lemma,0,0,0,4,4,0.00,0.00,0.00,1.00,-0.00,-0.00
croisière,word,0,0,0,4,4,0.00,0.00,0.00,1.00,-0.00,-0.00
cul,lemma,0,0,3,0,3,0.00,0.00,1.00,0.00,-0.00,-0.00
cul,word,0,0,3,0,3,0.00,0.00,1.00,0.00,-0.00,-0.00
cyclones,word,0,0,0,4,4,0.00,0.00,0.00,1.00,-0.00,-0.00
inspirer,lemma,0,0,0,5,5,0.00,0.00,0.00,1.00,-0.00,-0.00
insuffisant,lemma,0,0,0,4,4,0.00,0.00,0.00,1.00,-0.00,-0.00
inédit,lemma,0,0,0,5,5,0.00,0.00,0.00,1.00,-0.00,-0.00
inédite,word,0,0,0,4,4,0.00,0.00,0.00,1.00,-0.00,-0.00
hein,lemma,0,0,3,0,3,0.00,0.00,1.00,0.00,-0.00,-0.00
hein,word,0,0,3,0,3,0.00,0.00,1.00,0.00,-0.00,-0.00
insister,lemma,3,0,0,0,3,1.00,0.00,0.00,0.00,-0.00,-0.00
fuite,lemma,5,0,0,0,5,1.00,0.00,0.00,0.00,-0.00,-0.00
fuite,word,5,0,0,0,5,1.00,0.00,0.00,0.00,-0.00,-0.00
furieux,lemma,0,3,0,0,3,0.00,1.00,0.00,0.00,-0.00,-0.00
petit,word,0,0,0,8,8,0.00,0.00,0.00,1.00,-0.00,-0.00
pierre,lemma,0,0,5,0,5,0.00,0.00,1.00,0.00,-0.00,-0.00
pierre,word,0,0,5,0,5,0.00,0.00,1.00,0.00,-0.00,-0.00
cause,lemma,0,0,0,4,4,0.00,0.00,0.00,1.00,-0.00,-0.00
cause,word,0,0,0,4,4,0.00,0.00,0.00,1.00,-0.00,-0.00
champ,lemma,0,0,0,3,3,0.00,0.00,0.00,1.00,-0.00,-0.00
champion,lemma,0,0,0,8,8,0.00,0.00,0.00,1.00,-0.00,-0.00
champion,word,0,0,0,6,6,0.00,0.00,0.00,1.00,-0.00,-0.00
championne,lemma,0,0,0,8,8,0.00,0.00,0.00,1.00,-0.00,-0.00
conséquences,word,0,0,0,6,6,0.00,0.00,0.00,1.00,-0.00,-0.00
champs,word,0,0,0,3,3,0.00,0.00,0.00,1.00,-0.00,-0.00
chassés,word,0,0,0,5,5,0.00,0.00,0.00,1.00,-0.00,-0.00
plaignent,word,3,0,0,0,3,1.00,0.00,0.00,0.00,-0.00,-0.00
plaint,word,3,0,0,0,3,1.00,0.00,0.00,0.00,-0.00,-0.00
plaisant,lemma,0,8,0,0,8,0.00,1.00,0.00,0.00,-0.00,-0.00
plaisante,word,0,7,0,0,7,0.00,1.00,0.00,0.00,-0.00,-0.00
pleurant,word,5,0,0,0,5,1.00,0.00,0.00,0.00,-0.00,-0.00
pleure,word,5,0,0,0,5,1.00,0.00,0.00,0.00,-0.00,-0.00
pleuré,lemma,11,0,0,0,11,1.00,0.00,0.00,0.00,-0.00,-0.00
pleuré,word,11,0,0,0,11,1.00,0.00,0.00,0.00,-0.00,-0.00
pollution,lemma,0,0,0,3,3,0.00,0.00,0.00,1.00,-0.00,-0.00
pollution,word,0,0,0,5,5,0.00,0.00,0.00,1.00,-0.00,-0.00
championne,word,0,0,0,8,8,0.00,0.00,0.00,1.00,-0.00,-0.00
chienne,word,0,0,3,0,3,0.00,0.00,1.00,0.00,-0.00,-0.00
chier,lemma,0,0,3,0,3,0.00,0.00,1.00,0.00,-0.00,-0.00
chier,word,0,0,3,0,3,0.00,0.00,1.00,0.00,-0.00,-0.00
choc,lemma,0,4,0,0,4,0.00,1.00,0.00,0.00,-0.00,-0.00
choc,word,0,4,0,0,4,0.00,1.00,0.00,0.00,-0.00,-0.00
choquante,lemma,0,16,0,0,16,0.00,1.00,0.00,0.00,-0.00,-0.00
choquantes,word,0,14,0,0,14,0.00,1.00,0.00,0.00,-0.00,-0.00
choquée,word,0,3,0,0,3,0.00,1.00,0.00,0.00,-0.00,-0.00
choqués,word,0,5,0,0,5,0.00,1.00,0.00,0.00,-0.00,-0.00
perdrait,lemma,0,0,0,3,3,0.00,0.00,0.00,1.00,-0.00,-0.00
perdrait,word,0,0,0,3,3,0.00,0.00,0.00,1.00,-0.00,-0.00
perdre,lemma,0,0,0,16,16,0.00,0.00,0.00,1.00,-0.00,-0.00
fuient,word,17,0,0,0,17,1.00,0.00,0.00,0.00,-0.00,-0.00
perdu,word,0,0,0,12,12,0.00,0.00,0.00,1.00,-0.00,-0.00
persécuter,lemma,0,0,0,9,9,0.00,0.00,0.00,1.00,-0.00,-0.00
persécutés,word,0,0,0,8,8,0.00,0.00,0.00,1.00,-0.00,-0.00
foutre,lemma,0,0,3,0,3,0.00,0.00,1.00,0.00,-0.00,-0.00
foutre,word,0,0,3,0,3,0.00,0.00,1.00,0.00,-0.00,-0.00
frapper,lemma,0,0,0,7,7,0.00,0.00,0.00,1.00,-0.00,-0.00
frappé,word,0,0,0,3,3,0.00,0.00,0.00,1.00,-0.00,-0.00
frrrintek,lemma,0,0,10,0,10,0.00,0.00,1.00,0.00,-0.00,-0.00
frrrintek,word,0,0,10,0,10,0.00,0.00,1.00,0.00,-0.00,-0.00
ftg,lemma,0,0,11,0,11,0.00,0.00,1.00,0.00,-0.00,-0.00
ftg,word,0,0,11,0,11,0.00,0.00,1.00,0.00,-0.00,-0.00
fui,word,13,0,0,0,13,1.00,0.00,0.00,0.00,-0.00,-0.00
perdre,word,0,0,0,4,4,0.00,0.00,0.00,1.00,-0.00,-0.00
protester,word,18,0,0,0,18,1.00,0.00,0.00,0.00,-0.00,-0.00
protesté,lemma,5,0,0,0,5,1.00,0.00,0.00,0.00,-0.00,-0.00
protesté,word,5,0,0,0,5,1.00,0.00,0.00,0.00,-0.00,-0.00
précipite,word,3,0,0,0,3,1.00,0.00,0.00,0.00,-0.00,-0.00
précipiter,lemma,3,0,0,0,3,1.00,0.00,0.00,0.00,-0.00,-0.00
préférer,lemma,0,0,0,4,4,0.00,0.00,0.00,1.00,-0.00,-0.00
préoccupation,lemma,0,4,0,0,4,0.00,1.00,0.00,0.00,-0.00,-0.00
préoccupations,word,0,3,0,0,3,0.00,1.00,0.00,0.00,-0.00,-0.00
préoccuper,lemma,0,0,0,3,3,0.00,0.00,0.00,1.00,-0.00,-0.00
puissant,lemma,0,0,0,5,5,0.00,0.00,0.00,1.00,-0.00,-0.00
puissante,word,0,0,0,4,4,0.00,0.00,0.00,1.00,-0.00,-0.00
bouche,lemma,4,0,0,0,4,1.00,0.00,0.00,0.00,-0.00,-0.00
durer,lemma,0,0,0,3,3,0.00,0.00,0.00,1.00,-0.00,-0.00
bouder,lemma,4,0,0,0,4,1.00,0.00,0.00,0.00,-0.00,-0.00
braconnage,lemma,0,0,0,3,3,0.00,0.00,0.00,1.00,-0.00,-0.00
braconnage,word,0,0,0,3,3,0.00,0.00,0.00,1.00,-0.00,-0.00
dégoûtant,lemma,0,3,0,0,3,0.00,1.00,0.00,0.00,-0.00,-0.00
dénonce,word,5,0,0,0,5,1.00,0.00,0.00,0.00,-0.00,-0.00
dénoncent,word,6,0,0,0,6,1.00,0.00,0.00,0.00,-0.00,-0.00
faux,lemma,0,0,0,4,4,0.00,0.00,0.00,1.00,-0.00,-0.00
fier,lemma,0,18,0,0,18,0.00,1.00,0.00,0.00,-0.00,-0.00
fier,word,0,8,0,0,8,0.00,1.00,0.00,0.00,-0.00,-0.00
fierté,lemma,0,7,0,0,7,0.00,1.00,0.00,0.00,-0.00,-0.00
filles,word,0,0,0,3,3,0.00,0.00,0.00,1.00,-0.00,-0.00
fière,lemma,0,3,0,0,3,0.00,1.00,0.00,0.00,-0.00,-0.00
bouche,word,4,0,0,0,4,1.00,0.00,0.00,0.00,-0.00,-0.00
déchirer,lemma,0,0,0,4,4,0.00,0.00,0.00,1.00,-0.00,-0.00
déclarer,lemma,0,0,0,3,3,0.00,0.00,0.00,1.00,-0.00,-0.00
décourage,lemma,0,3,0,0,3,0.00,1.00,0.00,0.00,-0.00,-0.00
décourage,word,0,3,0,0,3,0.00,1.00,0.00,0.00,-0.00,-0.00
fière,word,0,8,0,0,8,0.00,1.00,0.00,0.00,-0.00,-0.00
fières,word,0,3,0,0,3,0.00,1.00,0.00,0.00,-0.00,-0.00
forcer,lemma,0,0,0,5,5,0.00,0.00,0.00,1.00,-0.00,-0.00
forcés,word,0,0,0,3,3,0.00,0.00,0.00,1.00,-0.00,-0.00
formidable,lemma,0,3,0,0,3,0.00,1.00,0.00,0.00,-0.00,-0.00
carrément,lemma,0,0,4,0,4,0.00,0.00,1.00,0.00,-0.00,-0.00
carrément,word,0,0,4,0,4,0.00,0.00,1.00,0.00,-0.00,-0.00
catastrophe,lemma,0,0,0,8,8,0.00,0.00,0.00,1.00,-0.00,-0.00
protestent,word,4,0,0,0,4,1.00,0.00,0.00,0.00,-0.00,-0.00
catastrophes,word,0,0,0,4,4,0.00,0.00,0.00,1.00,-0.00,-0.00
porté,word,4,0,0,0,4,1.00,0.00,0.00,0.00,-0.00,-0.00
pote,lemma,0,0,0,4,4,0.00,0.00,0.00,1.00,-0.00,-0.00
pouvait,word,0,0,0,3,3,0.00,0.00,0.00,1.00,-0.00,-0.00
prestigieux,lemma,0,4,0,0,4,0.00,1.00,0.00,0.00,-0.00,-0.00
prestigieux,word,0,3,0,0,3,0.00,1.00,0.00,0.00,-0.00,-0.00
prison,lemma,0,0,0,4,4,0.00,0.00,0.00,1.00,-0.00,-0.00
prison,word,0,0,0,4,4,0.00,0.00,0.00,1.00,-0.00,-0.00
prix,lemma,0,0,0,20,20,0.00,0.00,0.00,1.00,-0.00,-0.00
prix,word,0,0,0,24,24,0.00,0.00,0.00,1.00,-0.00,-0.00
protestation,lemma,16,0,0,0,16,1.00,0.00,0.00,0.00,-0.00,-0.00
protestation,word,8,0,0,0,8,1.00,0.00,0.00,0.00,-0.00,-0.00
protestations,word,8,0,0,0,8,1.00,0.00,0.00,0.00,-0.00,-0.00
catastrophe,word,0,0,0,6,6,0.00,0.00,0.00,1.00,-0.00,-0.00
gagné,word,0,0,0,23,23,0.00,0.00,0.00,1.00,-0.00,-0.00
gouine,lemma,0,0,6,0,6,0.00,0.00,1.00,0.00,-0.00,-0.00
gouine,word,0,0,6,0,6,0.00,0.00,1.00,0.00,-0.00,-0.00
graisse,lemma,0,0,3,0,3,0.00,0.00,1.00,0.00,-0.00,-0.00
graisse,word,0,0,3,0,3,0.00,0.00,1.00,0.00,-0.00,-0.00
grogné,lemma,4,0,0,0,4,1.00,0.00,0.00,0.00,-0.00,-0.00
grogné,word,4,0,0,0,4,1.00,0.00,0.00,0.00,-0.00,-0.00
national,lemma,0,0,0,3,3,0.00,0.00,0.00,1.00,-0.00,-0.00
national,word,0,0,0,3,3,0.00,0.00,0.00,1.00,-0.00,-0.00
news,word,0,0,0,3,3,0.00,0.00,0.00,1.00,-0.00,-0.00
nique,lemma,0,0,5,0,5,0.00,0.00,1.00,0.00,-0.00,-0.00
nique,word,0,0,5,0,5,0.00,0.00,1.00,0.00,-0.00,-0.00
chienne,lemma,0,0,3,0,3,0.00,0.00,1.00,0.00,-0.00,-0.00
nobel,word,0,0,0,4,4,0.00,0.00,0.00,1.00,-0.00,-0.00
nom,lemma,0,0,3,0,3,0.00,0.00,1.00,0.00,-0.00,-0.00
nom,word,0,0,3,0,3,0.00,0.00,1.00,0.00,-0.00,-0.00
con,lemma,0,0,7,0,7,0.00,0.00,1.00,0.00,-0.00,-0.00
con,word,0,0,7,0,7,0.00,0.00,1.00,0.00,-0.00,-0.00
condition,lemma,0,0,0,4,4,0.00,0.00,0.00,1.00,-0.00,-0.00
conditions,word,0,0,0,4,4,0.00,0.00,0.00,1.00,-0.00,-0.00
connasse,lemma,0,0,3,0,3,0.00,0.00,1.00,0.00,-0.00,-0.00
normal,lemma,0,0,0,9,9,0.00,0.00,0.00,1.00,-0.00,-0.00
normal,word,0,0,0,9,9,0.00,0.00,0.00,1.00,-0.00,-0.00
nouveau,word,0,0,0,3,3,0.00,0.00,0.00,1.00,-0.00,-0.00
nuage,lemma,0,0,0,3,3,0.00,0.00,0.00,1.00,-0.00,-0.00
nobel,lemma,0,0,0,4,4,0.00,0.00,0.00,1.00,-0.00,-0.00
content,lemma,0,30,0,0,30,0.00,1.00,0.00,0.00,-0.00,-0.00
content,word,0,4,0,0,4,0.00,1.00,0.00,0.00,-0.00,-0.00
contente,word,0,10,0,0,10,0.00,1.00,0.00,0.00,-0.00,-0.00
contents,word,0,16,0,0,16,0.00,1.00,0.00,0.00,-0.00,-0.00
contester,lemma,8,0,0,0,8,1.00,0.00,0.00,0.00,-0.00,-0.00
mortes,word,0,0,0,4,4,0.00,0.00,0.00,1.00,-0.00,-0.00
mouvement,lemma,6,0,0,0,6,1.00,0.00,0.00,0.00,-0.00,-0.00
mouvement,word,5,0,0,0,5,1.00,0.00,0.00,0.00,-0.00,-0.00
mystérieux,lemma,0,0,0,3,3,0.00,0.00,0.00,1.00,-0.00,-0.00
mystérieux,word,0,0,0,3,3,0.00,0.00,0.00,1.00,-0.00,-0.00
mère,lemma,0,0,3,0,3,0.00,0.00,1.00,0.00,-0.00,-0.00
mère,word,0,0,3,0,3,0.00,0.00,1.00,0.00,-0.00,-0.00
n'ose,word,0,0,0,3,3,0.00,0.00,0.00,1.00,-0.00,-0.00
mécontentement,lemma,0,18,0,0,18,0.00,1.00,0.00,0.00,-0.00,-0.00
mécontentement,word,0,15,0,0,15,0.00,1.00,0.00,0.00,-0.00,-0.00
mécontentements,word,0,3,0,0,3,0.00,1.00,0.00,0.00,-0.00,-0.00
mécontents,word,0,8,0,0,8,0.00,1.00,0.00,0.00,-0.00,-0.00
médaille,lemma,0,0,0,16,16,0.00,0.00,0.00,1.00,-0.00,-0.00
médaille,word,0,0,0,10,10,0.00,0.00,0.00,1.00,-0.00,-0.00
médailles,word,0,0,0,20,20,0.00,0.00,0.00,1.00,-0.00,-0.00
méfiance,lemma,0,5,0,0,5,0.00,1.00,0.00,0.00,-0.00,-0.00
méfiance,word,0,5,0,0,5,0.00,1.00,0.00,0.00,-0.00,-0.00
méfier,lemma,3,0,0,0,3,1.00,0.00,0.00,0.00,-0.00,-0.00
méfier,word,3,0,0,0,3,1.00,0.00,0.00,0.00,-0.00,-0.00
mérite,word,0,0,0,3,3,0.00,0.00,0.00,1.00,-0.00,-0.00
mécontent,lemma,0,9,0,0,9,0.00,1.00,0.00,0.00,-0.00,-0.00
discriminations,word,0,0,0,3,3,0.00,0.00,0.00,1.00,-0.00,-0.00
discriminer,lemma,0,0,0,3,3,0.00,0.00,0.00,1.00,-0.00,-0.00
discriminer,word,0,0,0,3,3,0.00,0.00,0.00,1.00,-0.00,-0.00
disparaître,lemma,0,0,0,8,8,0.00,0.00,0.00,1.00,-0.00,-0.00
disparu,word,0,0,0,7,7,0.00,0.00,0.00,1.00,-0.00,-0.00
disputent,word,3,0,0,0,3,1.00,0.00,0.00,0.00,-0.00,-0.00
disputer,lemma,7,0,0,0,7,1.00,0.00,0.00,0.00,-0.00,-0.00
doué,lemma,0,0,0,10,10,0.00,0.00,0.00,1.00,-0.00,-0.00
douée,word,0,0,0,9,9,0.00,0.00,0.00,1.00,-0.00,-0.00
furieux,word,0,3,0,0,3,0.00,1.00,0.00,0.00,-0.00,-0.00
fâché,lemma,0,6,0,0,6,0.00,1.00,0.00,0.00,-0.00,-0.00
fâchés,word,0,5,0,0,5,0.00,1.00,0.00,0.00,-0.00,-0.00
nuage,word,0,0,0,3,3,0.00,0.00,0.00,1.00,-0.00,-0.00
gagner,word,0,0,0,9,9,0.00,0.00,0.00,1.00,-0.00,-0.00
commettre,lemma,3,0,0,0,3,1.00,0.00,0.00,0.00,-0.00,-0.00
commettre,word,3,0,0,0,3,1.00,0.00,0.00,0.00,-0.00,-0.00
papa,word,0,0,0,3,3,0.00,0.00,0.00,1.00,-0.00,-0.00
partager,lemma,0,0,0,3,3,0.00,0.00,0.00,1.00,-0.00,-0.00
partager,word,0,0,0,3,3,0.00,0.00,0.00,1.00,-0.00,-0.00
partout,lemma,0,0,0,3,3,0.00,0.00,0.00,1.00,-0.00,-0.00
partout,word,0,0,0,3,3,0.00,0.00,0.00,1.00,-0.00,-0.00
party,lemma,0,0,0,3,3,0.00,0.00,0.00,1.00,-0.00,-0.00
party,word,0,0,0,3,3,0.00,0.00,0.00,1.00,-0.00,-0.00
passer,word,0,0,0,5,5,0.00,0.00,0.00,1.00,-0.00,-0.00
pauvres,word,0,0,0,6,6,0.00,0.00,0.00,1.00,-0.00,-0.00
gagnent,word,0,0,0,4,4,0.00,0.00,0.00,1.00,-0.00,-0.00
nul,lemma,0,0,0,3,3,0.00,0.00,0.00,1.00,-0.00,-0.00
négatif,lemma,0,0,0,5,5,0.00,0.00,0.00,1.00,-0.00,-0.00
négatives,word,0,0,0,4,4,0.00,0.00,0.00,1.00,-0.00,-0.00
obliger,lemma,0,0,0,4,4,0.00,0.00,0.00,1.00,-0.00,-0.00
obtenu,word,0,0,0,4,4,0.00,0.00,0.00,1.00,-0.00,-0.00
occasion,lemma,0,0,0,7,7,0.00,0.00,0.00,1.00,-0.00,-0.00
oeil,word,0,0,0,4,4,0.00,0.00,0.00,1.00,-0.00,-0.00
offert,word,0,0,0,3,3,0.00,0.00,0.00,1.00,-0.00,-0.00
offrir,lemma,0,0,0,5,5,0.00,0.00,0.00,1.00,-0.00,-0.00
oh,lemma,0,0,18,0,18,0.00,0.00,1.00,0.00,-0.00,-0.00
oh,word,0,0,18,0,18,0.00,0.00,1.00,0.00,-0.00,-0.00
olympique,lemma,0,0,0,7,7,0.00,0.00,0.00,1.00,-0.00,-0.00
cible,word,0,0,0,3,3,0.00,0.00,0.00,1.00,-0.00,-0.00
opposent,word,3,0,0,0,3,1.00,0.00,0.00,0.00,-0.00,-0.00
opposer,lemma,7,0,0,0,7,1.00,0.00,0.00,0.00,-0.00,-0.00
organiser,lemma,0,0,0,3,3,0.00,0.00,0.00,1.00,-0.00,-0.00
osent,lemma,3,0,0,0,3,1.00,0.00,0.00,0.00,-0.00,-0.00
osent,word,3,0,0,0,3,1.00,0.00,0.00,0.00,-0.00,-0.00
oublier,lemma,0,0,0,3,3,0.00,0.00,0.00,1.00,-0.00,-0.00
oublier,word,0,0,0,3,3,0.00,0.00,0.00,1.00,-0.00,-0.00
ours,lemma,0,0,0,3,3,0.00,0.00,0.00,1.00,-0.00,-0.00
ours,word,0,0,0,3,3,0.00,0.00,0.00,1.00,-0.00,-0.00
paniqué,lemma,0,3,0,0,3,0.00,1.00,0.00,0.00,-0.00,-0.00
paniqué,word,0,3,0,0,3,0.00,1.00,0.00,0.00,-0.00,-0.00
papa,lemma,0,0,0,3,3,0.00,0.00,0.00,1.00,-0.00,-0.00
cible,lemma,0,0,0,3,3,0.00,0.00,0.00,1.00,-0.00,-0.00
olympiques,word,0,0,0,5,5,0.00,0.00,0.00,1.00,-0.00,-0.00
