marker_value,spacy_count,stanza_count,total_count
peur,131,131,262
soi,0,175,175
accuser,69,87,156
manifestation,70,70,140
menacer,67,45,112
fuir,52,53,105
critiquer,55,49,104
drôle,47,47,94
dangereux,13,80,93
choquer,50,40,90
gros,44,46,90
surprise,41,46,87
bon,43,43,86
inquiéter,24,58,82
victime,36,45,81
pleurer,45,32,77
inquiet,56,20,76
réclamer,39,37,76
guerre,37,37,74
grave,36,36,72
danger,35,35,70
gagner,31,37,68
heureux,35,32,67
remporter,29,38,67
hommage,33,33,66
tuer,30,35,65
fête,32,32,64
content,30,30,60
voir,29,30,59
juste,29,29,58
triste,29,29,58
mort,28,29,57
dangereu,56,0,56
protester,29,27,56
vie,28,28,56
colère,1,54,55
difficile,27,27,54
violence,27,27,54
colèr,53,0,53
assez,26,26,52
craindre,15,37,52
découvrir,26,26,52
dénoncer,26,26,52
manifester,20,32,52
plaisir,26,26,52
grand,25,26,51
grève,11,40,51
protéger,24,26,50
étonnant,25,25,50
insulte,24,25,49
attaquer,24,24,48
fou,23,24,47
mauvais,21,24,45
rire,14,31,45
exploit,19,25,44
record,21,23,44
tg,22,22,44
arrêter,21,22,43
prendre,22,21,43
accord,21,21,42
étonner,20,22,42
premier,19,22,41
déjà,20,20,40
réussir,19,21,40
insulter,23,16,39
prix,19,20,39
beau,14,24,38
coup,19,19,38
crier,19,19,38
aimer,19,18,37
amuser,25,12,37
mourir,19,18,37
souffrir,20,17,37
fier,18,18,36
heureusement,18,18,36
mécontentement,18,18,36
oh,18,18,36
bloquer,20,15,35
menace,7,28,35
reprocher,12,23,35
argent,17,17,34
falloir,17,17,34
parler,14,20,34
quitter,16,18,34
terrible,17,17,34
victoire,17,17,34
mettre,16,17,33
génial,16,16,32
joie,16,16,32
meilleur,16,16,32
merde,14,18,32
monde,16,16,32
petit,16,16,32
protestation,16,16,32
refuser,16,16,32
croire,13,18,31
sourire,17,14,31
violent,13,18,31
choquante,14,16,30
horrible,15,15,30
impressionner,23,7,30
laisser,12,18,30
malheur,15,15,30
manifestent,15,15,30
perdre,14,16,30
pute,15,15,30
bonheur,14,14,28
critique,14,14,28
impressionnant,7,21,28
injuste,14,14,28
passer,14,14,28
risque,14,14,28
trouver,14,14,28
attentat,12,15,27
chance,13,13,26
conflit,13,13,26
mere,13,13,26
contre,12,13,25
dur,12,13,25
rendre,12,13,25
vivre,12,13,25
champion,16,8,24
désaccord,12,12,24
encore,12,12,24
fois,12,12,24
grever,24,0,24
injustice,12,12,24
pourtant,12,12,24
rêve,12,12,24
savoir,10,14,24
décevoir,6,17,23
idée,11,12,23
bande,11,11,22
cher,11,11,22
chose,11,11,22
deux,11,11,22
détruire,8,14,22
ftg,11,11,22
inquiétude,11,11,22
merci,11,11,22
médaille,6,16,22
panique,11,11,22
pauvre,11,11,22
rir,22,0,22
rue,11,11,22
taire,20,2,22
travailler,11,11,22
amusant,13,8,21
noir,10,11,21
arriver,10,10,20
attendre,10,10,20
frrrintek,10,10,20
gens,10,10,20
incroyable,10,10,20
malade,10,10,20
nouveau,10,10,20
pile,10,10,20
porter,10,10,20
problème,8,12,20
respecter,10,10,20
route,10,10,20
sale,9,11,20
super,10,10,20
travail,10,10,20
tristesse,10,10,20
venir,10,10,20
vraiment,10,10,20
étrange,10,10,20
accus,19,0,19
affronter,10,9,19
battre,5,14,19
cacher,11,8,19
chasser,9,10,19
craignent,19,0,19
demander,6,13,19
effrayer,11,8,19
marrant,11,8,19
mécontent,10,9,19
penser,9,10,19
sentir,9,10,19
aise,9,9,18
contestation,9,9,18
dérange,9,9,18
ferme,9,9,18
jouer,9,9,18
jour,9,9,18
mot,9,9,18
normal,9,9,18
peine,9,9,18
plainte,9,9,18
porc,9,9,18
pourquoi,9,9,18
révolte,9,9,18
silence,9,9,18
surprenant,9,9,18
temps,9,9,18
tension,9,9,18
troupe,9,9,18
œil,1,17,18
agresser,8,9,17
agression,8,9,17
blague,6,11,17
effondrer,7,10,17
luire,17,0,17
maison,8,9,17
pays,8,9,17
plaindre,9,8,17
refuge,8,9,17
rejeter,8,9,17
réfugier,10,7,17
école,8,9,17
amour,8,8,16
attaque,7,9,16
casser,14,2,16
con,9,7,16
danseur,10,6,16
dormir,8,8,16
empêcher,8,8,16
enfant,8,8,16
entendre,8,8,16
exceptionnel,6,10,16
famille,8,8,16
fort,8,8,16
honneur,8,8,16
imposer,6,10,16
main,8,8,16
mieux,8,8,16
oeil,16,0,16
peu,8,8,16
recevoir,8,8,16
regretter,8,8,16
récompense,8,8,16
souvenir,8,8,16
star,8,8,16
subir,7,9,16
surprendre,2,14,16
surpris,16,0,16
sûr,8,8,16
terroriste,7,9,16
tranquille,8,8,16
vite,8,8,16
voler,8,8,16
contester,7,8,15
célébrer,5,10,15
gueule,6,9,15
harceler,10,5,15
juif,8,7,15
manifesté,15,0,15
new,7,8,15
ravi,4,11,15
renvoyer,8,7,15
reproche,13,2,15
réjouir,8,7,15
spectaculaire,7,8,15
suffire,8,7,15
air,7,7,14
an,7,7,14
arrete,7,7,14
beaucoup,7,7,14
confiance,7,7,14
cool,7,7,14
cp,7,7,14
disputer,7,7,14
effrayant,6,8,14
hasard,7,7,14
histoire,7,7,14
insolite,7,7,14
larme,7,7,14
malheureusement,7,7,14
marre,7,7,14
merveilleux,7,7,14
moment,7,7,14
occasion,7,7,14
occuper,7,7,14
olympique,7,7,14
paul,7,7,14
redouter,6,8,14
stop,7,7,14
tendre,13,1,14
venger,7,7,14
énorme,7,7,14
amuse,0,13,13
arme,4,9,13
catastrophe,5,8,13
crasseuse,6,7,13
embête,6,7,13
enfermer,7,6,13
enfuir,8,5,13
exploser,5,8,13
opposer,6,7,13
partir,7,6,13
persécuter,4,9,13
servir,5,8,13
tête,6,7,13
admirer,6,6,12
ailey,6,6,12
alvin,6,6,12
ami,6,6,12
angoisse,6,6,12
appeler,6,6,12
avant,6,6,12
avis,5,7,12
continuer,6,6,12
couille,6,6,12
danse,6,6,12
danser,8,4,12
descendre,10,2,12
devenir,6,6,12
dictature,6,6,12
disparaître,4,8,12
encourager,6,6,12
enthousiasme,4,8,12
famine,6,6,12
faute,6,6,12
gouine,6,6,12
hausse,6,6,12
honte,2,10,12
hors,6,6,12
héros,6,6,12
inégalité,6,6,12
julien,7,5,12
maltraité,5,7,12
manger,7,5,12
mariage,5,7,12
moquer,6,6,12
mouvement,6,6,12
photo,6,6,12
réclame,12,0,12
seul,6,6,12
sexuel,6,6,12
supporter,7,5,12
sécheresse,6,6,12
tendu,0,12,12
tenir,5,7,12
tomber,4,8,12
voix,6,6,12
vrai,5,7,12
émerveiller,6,6,12
cadeau,4,7,11
dangereuse,11,0,11
dansé,4,7,11
entrer,8,3,11
fâché,5,6,11
plaire,5,6,11
pleuré,0,11,11
puissant,6,5,11
quel,4,7,11
regarder,5,6,11
retrouver,5,6,11
réduire,5,6,11
révolter,8,3,11
sortir,4,7,11
tirer,4,7,11
traiter,9,2,11
v,10,1,11
vs,0,11,11
échapper,6,5,11
ah,5,5,10
ailleurs,5,5,10
anglais,5,5,10
arracher,6,4,10
bravo,5,5,10
brice,5,5,10
casse,0,10,10
cauchemar,5,5,10
chien,5,5,10
commun,5,5,10
corruption,5,5,10
douer,10,0,10
doué,0,10,10
découverte,5,5,10
défendre,5,5,10
dépression,5,5,10
espionner,5,5,10
excuse,5,5,10
fille,5,5,10
forcer,5,5,10
frapper,3,7,10
fuite,5,5,10
fêter,5,5,10
harcelé,4,6,10
heure,5,5,10
immense,5,5,10
important,5,5,10
inédit,5,5,10
langue,5,5,10
lutte,5,5,10
maladie,3,7,10
moquerie,5,5,10
méfiance,5,5,10
méfier,7,3,10
offrir,5,5,10
pardon,5,5,10
parent,5,5,10
pd,5,5,10
pierre,5,5,10
place,5,5,10
point,6,4,10
prestigieux,6,4,10
préférer,6,4,10
rage,5,5,10
ravager,5,5,10
repas,5,5,10
rester,4,6,10
râler,4,6,10
réclament,0,10,10
réveiller,5,5,10
satisfaire,6,4,10
scandale,5,5,10
soeur,5,5,10
surveiller,5,5,10
tas,5,5,10
unique,5,5,10
violer,9,1,10
york,5,5,10
amus,9,0,9
angoisser,5,4,9
blessé,3,6,9
condamner,2,7,9
conséquence,3,6,9
déchirer,5,4,9
exclame,4,5,9
inspirer,4,5,9
jaloux,7,2,9
lever,5,4,9
manquer,5,4,9
persécuté,7,2,9
punir,4,5,9
ravir,8,1,9
sécurité,4,5,9
accident,4,4,8
acclamer,4,4,8
affrontement,4,4,8
agressé,4,4,8
agréable,4,4,8
animal,4,4,8
arabe,4,4,8
augmentation,4,4,8
bah,4,4,8
bille,4,4,8
bombardement,4,4,8
bouche,4,4,8
cause,4,4,8
championne,0,8,8
choc,4,4,8
comment,4,4,8
condition,4,4,8
coupable,4,4,8
cri,4,4,8
crise,4,4,8
critiqué,1,7,8
croisière,4,4,8
deuil,4,4,8
deuxième,4,4,8
disparu,6,2,8
dommage,4,4,8
droit,4,4,8
défense,4,4,8
déposer,4,4,8
détresse,4,4,8
eau,4,4,8
eh,4,4,8
embêtant,4,4,8
emporter,4,4,8
emprisonner,4,4,8
essayer,4,4,8
ete,4,4,8
euro,4,4,8
excellent,4,4,8
expulser,4,4,8
fan,4,4,8
faux,4,4,8
feu,3,5,8
furieux,5,3,8
féliciter,4,4,8
gronder,5,3,8
hont,8,0,8
humeur,4,4,8
humiliation,4,4,8
importer,4,4,8
jeter,4,4,8
joyeux,4,4,8
lancer,3,5,8
loin,4,4,8
longtemps,4,4,8
magique,4,4,8
malgré,4,4,8
manifeste,4,4,8
marier,5,3,8
mentir,4,4,8
nobel,4,4,8
odeur,4,4,8
oreille,4,4,8
oser,3,5,8
personn,8,0,8
pk,4,4,8
plaisant,0,8,8
polémique,4,4,8
pote,4,4,8
prison,4,4,8
préoccupation,4,4,8
rare,3,5,8
reprochaient,4,4,8
revendication,4,4,8
rigoler,6,2,8
rigolo,5,3,8
réaliser,4,4,8
rêver,3,5,8
soleil,4,4,8
sou,8,0,8
souci,4,4,8
soupirer,1,7,8
stage,4,4,8
surtout,4,4,8
sympa,4,4,8
tempête,3,5,8
timidement,4,4,8
traité,0,8,8
vieux,4,4,8
élire,4,4,8
émotion,4,4,8
étonnement,4,4,8
alarmant,4,3,7
applaudir,2,5,7
bel,7,0,7
brûler,3,4,7
ca,7,0,7
choquant,2,5,7
comprendre,3,4,7
demande,7,0,7
discrimination,3,4,7
drole,3,4,7
fermer,4,3,7
fierter,7,0,7
fierté,0,7,7
laisse,6,1,7
montrer,1,6,7
ouvrir,3,4,7
parle,6,1,7
persécution,3,4,7
plaisante,7,0,7
préoccuper,4,3,7
r,4,3,7
risquer,4,3,7
sauter,3,4,7
soupire,7,0,7
tenter,3,4,7
torturer,4,3,7
truquer,4,3,7
état,3,4,7
abri,3,3,6
admiration,3,3,6
affaire,3,3,6
agir,3,3,6
aide,3,3,6
aider,3,3,6
alarme,3,3,6
alerte,3,3,6
amusent,2,4,6
augmenter,3,3,6
avance,2,4,6
baise,2,4,6
banal,3,3,6
blesser,5,1,6
bonbon,3,3,6
bouder,2,4,6
boum,3,3,6
bée,3,3,6
champ,3,3,6
chienne,3,3,6
chier,3,3,6
chouette,3,3,6
cible,3,3,6
coeur,3,3,6
combat,3,3,6
commettre,3,3,6
complètement,3,3,6
connasse,3,3,6
connaître,3,3,6
consterner,3,3,6
corps,3,3,6
couleur,3,3,6
coupe,3,3,6
cour,3,3,6
courir,3,3,6
course,3,3,6
cu,3,3,6
cul,3,3,6
degouter,4,2,6
discriminer,3,3,6
doigt,3,3,6
drame,3,3,6
décider,3,3,6
déclarer,3,3,6
décourage,3,3,6
dégoût,3,3,6
désespérer,3,3,6
déçue,6,0,6
dîner,3,3,6
effet,3,3,6
emploi,3,3,6
enfin,3,3,6
envie,3,3,6
esprit,3,3,6
exiger,3,3,6
extraordinaire,3,3,6
facile,3,3,6
facilement,3,3,6
fake,3,3,6
finir,4,2,6
fière,3,3,6
formidable,3,3,6
frustrer,6,0,6
gagne,6,0,6
gloire,2,4,6
graisse,3,3,6
gâteau,3,3,6
gêner,5,1,6
gêné,2,4,6
habit,3,3,6
hein,3,3,6
homme,2,4,6
icône,3,3,6
illégal,3,3,6
inattendu,3,3,6
incapable,3,3,6
insister,3,3,6
insuffisant,2,4,6
insulté,0,6,6
interdire,2,4,6
inventer,3,3,6
jeu,3,3,6
jeune,3,3,6
lettre,3,3,6
liberté,3,3,6
lutter,3,3,6
magnifique,3,3,6
maîtrise,3,3,6
mec,3,3,6
mesure,3,3,6
million,3,3,6
minable,3,3,6
misère,3,3,6
mobiliser,4,2,6
mondial,3,3,6
monstre,3,3,6
muslim,3,3,6
mystérieux,3,3,6
mère,3,3,6
médaill,6,0,6
national,3,3,6
nom,3,3,6
noël,3,3,6
ntm,3,3,6
nuage,3,3,6
nul,3,3,6
négatif,1,5,6
obliger,2,4,6
organiser,3,3,6
original,3,3,6
oublier,3,3,6
ours,3,3,6
paix,3,3,6
papa,3,3,6
parfait,2,4,6
paris,3,3,6
partager,3,3,6
partout,3,3,6
party,3,3,6
pavé,3,3,6
payer,3,3,6
pied,3,3,6
polluer,5,1,6
pollution,3,3,6
précipiter,3,3,6
pur,3,3,6
putain,3,3,6
pyjama,3,3,6
pénible,3,3,6
question,3,3,6
raciste,3,3,6
raison,3,3,6
relation,3,3,6
religion,3,3,6
remettre,3,3,6
revenir,3,3,6
ri,3,3,6
rigole,1,5,6
rond,4,2,6
rouler,3,3,6
rupture,3,3,6
récupérer,3,3,6
réussite,3,3,6
sacrer,3,3,6
santé,3,3,6
satisfait,2,4,6
scène,3,3,6
sexuellement,3,3,6
siffler,3,3,6
spectacle,3,3,6
stupéfait,2,4,6
succès,3,3,6
suicider,3,3,6
suivre,1,5,6
supprimer,3,3,6
table,3,3,6
tel,3,3,6
tellement,3,3,6
terrorisme,3,3,6
toit,3,3,6
toucher,3,3,6
train,3,3,6
travers,3,3,6
tribunal,3,3,6
trois,3,3,6
trésor,3,3,6
tâche,3,3,6
téléphone,3,3,6
vache,3,3,6
vexé,4,2,6
vidéo,3,3,6
viol,3,3,6
voiture,3,3,6
échec,3,3,6
électricité,2,4,6
éliminer,3,3,6
épidémie,2,4,6
évacuer,3,3,6
agace,2,3,5
amusante,0,5,5
armer,2,3,5
avouer,4,1,5
baisser,4,1,5
battu,5,0,5
blagu,5,0,5
braconnage,2,3,5
changer,1,4,5
chant,3,2,5
chauffer,3,2,5
crasseux,3,2,5
croit,5,0,5
célébré,5,0,5
danseuse,0,5,5
dictateur,2,3,5
difficulté,2,3,5
dispute,3,2,5
dénonce,5,0,5
désolé,2,3,5
détester,3,2,5
déçu,5,0,5
embêter,4,1,5
ensemble,2,3,5
fabuleux,2,3,5
force,2,3,5
foutre,2,3,5
grèv,5,0,5
gueul,5,0,5
harcèlement,0,5,5
harcèlemer,5,0,5
impatiente,2,3,5
impos,5,0,5
inquiétant,0,5,5
inquiétante,5,0,5
jalou,0,5,5
joli,1,4,5
malheureux,3,2,5
maltraitance,2,3,5
marié,2,3,5
mordre,2,3,5
niqu,5,0,5
nique,0,5,5
parvenir,3,2,5
pauvreté,1,4,5
perdu,5,0,5
pire,2,3,5
protesté,0,5,5
rat,4,1,5
rater,1,4,5
rebeller,3,2,5
redoute,5,0,5
revendiquer,1,4,5
riant,1,4,5
réconforter,3,2,5
réfugié,2,3,5
répondre,3,2,5
sauver,3,2,5
énerve,0,5,5
étoile,2,3,5
éviter,3,2,5
aaaah,2,2,4
abandonner,2,2,4
abord,2,2,4
abriter,2,2,4
absolument,2,2,4
accepter,2,2,4
admirable,2,2,4
adorer,1,3,4
affoler,3,1,4
agressif,2,2,4
ambiance,2,2,4
amoureux,2,2,4
amusé,0,4,4
anéanti,2,2,4
anéantir,2,2,4
applaudi,4,0,4
applaudissement,2,2,4
archi,2,2,4
arthur,2,2,4
asseoir,2,2,4
automobile,2,2,4
autour,2,2,4
aventure,2,2,4
bagraa,2,2,4
ballet,2,2,4
bang,2,2,4
banquier,2,2,4
barrage,2,2,4
barricade,2,2,4
bas,2,2,4
bataille,2,2,4
berne,2,2,4
besoin,2,2,4
beurk,2,2,4
bisou,3,1,4
bizarre,2,2,4
blocage,2,2,4
bloquant,0,4,4
bombe,2,2,4
bord,2,2,4
bougie,2,2,4
boulette,2,2,4
bouqin,2,2,4
bouquin,2,2,4
bras,2,2,4
bronze,2,2,4
bruit,2,2,4
brusquement,2,2,4
buffet,2,2,4
burk,2,2,4
bébé,2,2,4
bégayer,2,2,4
bêbête,2,2,4
caillou,2,2,4
calme,2,2,4
capable,2,2,4
carrément,0,4,4
carrémer,4,0,4
carte,2,2,4
cas,2,2,4
causer,2,2,4
cesser,2,2,4
chagrin,2,2,4
chaud,2,2,4
chic,2,2,4
chocolat,2,2,4
chorégraphie,2,2,4
chouine,2,2,4
ciel,2,2,4
clin,2,2,4
compte,2,2,4
compter,2,2,4
condamné,4,0,4
conduite,2,2,4
confisquer,3,1,4
confronter,2,2,4
contemple,2,2,4
contente,2,2,4
contrôle,2,2,4
contrôler,2,2,4
convulsion,2,2,4
courant,2,2,4
court,2,2,4
couverture,2,2,4
crash,2,2,4
croustillant,2,2,4
cuisiner,2,2,4
cyberharcèlement,2,2,4
cyclone,2,2,4
cérémonie,2,2,4
degeulasse,2,2,4
degoute,2,2,4
dernier,2,2,4
descendu,0,4,4
descendue,0,4,4
dessus,2,2,4
dette,2,2,4
discours,2,2,4
ditribution,2,2,4
divin,2,2,4
divise,2,2,4
dollar,2,2,4
doute,2,2,4
dramatique,2,2,4
drapeau,2,2,4
durer,1,3,4
débile,2,2,4
déchiré,2,2,4
décidément,2,2,4
décrire,2,2,4
décès,2,2,4
défiler,3,1,4
dégoûtant,1,3,4
délicieux,2,2,4
dénigrer,2,2,4
dénonçaient,0,4,4
désastre,2,2,4
désespéré,2,2,4
désolée,2,2,4
détourne,2,2,4
détruite,4,0,4
effondrement,1,3,4
effrayé,2,2,4
elisa,2,2,4
embouteillage,2,2,4
embrasser,2,2,4
endommager,2,2,4
endroit,2,2,4
engager,2,2,4
engouement,2,2,4
ennui,2,2,4
entier,2,2,4
entrez,1,3,4
esclavage,2,2,4
espoir,2,2,4
espèce,2,2,4
estomac,2,2,4
euh,2,2,4
europe,2,2,4
exceptionnelle,4,0,4
expliquer,2,2,4
explosion,2,2,4
exprimer,2,2,4
falsifier,3,1,4
façon,2,2,4
fils,2,2,4
fin,2,2,4
financier,2,2,4
flavia,2,2,4
fleur,2,2,4
folâtre,2,2,4
fouiller,2,2,4
foutu,2,2,4
fracture,2,2,4
français,2,2,4
frein,2,2,4
frere,2,2,4
frimer,2,2,4
frr,2,2,4
frustrant,0,4,4
fun,2,2,4
funéraille,2,2,4
fuyaient,2,2,4
fâcher,3,1,4
gagnera,0,4,4
gaie,2,2,4
gain,2,2,4
gamin,2,2,4
garder,2,2,4
gars,2,2,4
gaîment,2,2,4
gentil,2,2,4
gilet,2,2,4
grogner,4,0,4
grogné,0,4,4
grommèle,2,2,4
guele,2,2,4
guiness,2,2,4
gêne,2,2,4
habiter,2,2,4
hallucinant,2,2,4
heurt,2,2,4
hip,2,2,4
historique,2,2,4
homosexualité,2,2,4
honteux,2,2,4
hostile,2,2,4
hourrah,2,2,4
hum,2,2,4
humain,2,2,4
hymne,2,2,4
hôtel,2,2,4
idiot,2,2,4
idol,4,0,4
idole,0,4,4
illégalement,2,2,4
immobile,2,2,4
immonde,2,2,4
impressionné,0,4,4
inaction,2,2,4
incendie,2,2,4
inclinée,2,2,4
incurable,2,2,4
indice,2,2,4
indignation,2,2,4
indigné,1,3,4
information,2,2,4
insecte,2,2,4
insécurité,1,3,4
interrogation,2,2,4
intriguer,4,0,4
jalousie,2,2,4
jaune,2,2,4
jouet,2,2,4
joyeusement,2,2,4
jubile,2,2,4
jusqu,2,2,4
justice,2,2,4
justine,2,2,4
lard,2,2,4
libre,2,2,4
lier,2,2,4
lieu,2,2,4
lit,2,2,4
livre,2,2,4
logement,2,2,4
logiciel,2,2,4
long,2,2,4
lot,2,2,4
lycée,2,2,4
malaise,2,2,4
malhonnête,2,2,4
maltraiter,3,1,4
manipuler,2,2,4
manque,2,2,4
martin,2,2,4
mascarade,2,2,4
match,2,2,4
mdrr,2,2,4
meme,4,0,4
menaçant,0,4,4
menaçante,4,0,4
merd,4,0,4
meurtre,2,2,4
miam,2,2,4
milieu,2,2,4
mille,2,2,4
minute,2,2,4
moitié,2,2,4
moque,2,2,4
mouton,2,2,4
moyen,2,2,4
mtn,2,2,4
mur,2,2,4
murmure,2,2,4
mériter,1,3,4
mêler,2,2,4
negre,2,2,4
neuronne,2,2,4
nombreux,2,2,4
nostalgie,2,2,4
note,2,2,4
nourriture,2,2,4
nuisance,2,2,4
négative,4,0,4
opposition,2,2,4
pa,2,2,4
paniquer,3,1,4
paniqué,1,3,4
papier,2,2,4
parc,2,2,4
part,2,2,4
participer,2,2,4
pavoise,2,2,4
pendant,2,2,4
performance,2,2,4
peuple,2,2,4
pfff,2,2,4
plage,2,2,4
plaisanterie,2,2,4
plat,2,2,4
please,2,2,4
plein,2,2,4
pleuvoir,2,2,4
plusieurs,2,2,4
poisse,2,2,4
poitrine,2,2,4
populaire,2,2,4
portable,2,2,4
positif,2,2,4
potable,2,2,4
poursuivre,2,2,4
pousser,2,2,4
prblm,2,2,4
presse,2,2,4
prestige,2,2,4
prestigieuse,1,3,4
primer,2,2,4
probleme,2,2,4
procès,2,2,4
profiter,2,2,4
protest,4,0,4
prouesse,2,2,4
précieux,2,2,4
préoccupant,2,2,4
présenter,2,2,4
ptn,2,2,4
punition,2,2,4
péage,2,2,4
pénurie,2,2,4
péril,2,2,4
quatre,2,2,4
querelle,2,2,4
raconter,1,3,4
ramadan,2,2,4
rayer,2,2,4
rechercher,2,2,4
reconnaissance,2,2,4
reconnaître,2,2,4
redoubler,2,2,4
reine,2,2,4
remord,2,2,4
renforcer,0,4,4
renoncer,2,2,4
replier,2,2,4
représaille,2,2,4
responsable,1,3,4
retard,2,2,4
retirer,2,2,4
revendiquaient,2,2,4
rigol,4,0,4
râle,3,1,4
réagir,2,2,4
réclamaient,0,4,4
réfléchit,2,2,4
rétorqu,4,0,4
rétorquer,0,4,4
révolté,1,3,4
sai,4,0,4
salope,2,2,4
saloperie,2,2,4
sanction,2,2,4
satisfaction,2,2,4
sauvage,2,2,4
sens,2,2,4
simple,2,2,4
sombre,2,2,4
soudain,2,2,4
souffraient,2,2,4
souffrance,2,2,4
souhaiter,2,2,4
soulever,2,2,4
soulèvement,2,2,4
soumettre,2,2,4
soupir,2,2,4
souriant,0,4,4
soutenir,2,2,4
stress,2,2,4
stressant,2,2,4
stresser,4,0,4
stupide,2,2,4
succulent,2,2,4
suer,2,2,4
suffisamment,2,2,4
suivie,4,0,4
surgir,3,1,4
sursaut,2,2,4
sursauter,2,2,4
séisme,2,2,4
séparer,2,2,4
série,2,2,4
sérieux,3,1,4
sévèrement,2,2,4
tant,2,2,4
tassume,2,2,4
tat,2,2,4
taxe,2,2,4
terminer,2,2,4
terroriser,3,1,4
théâtre,2,2,4
timide,2,2,4
timidité,2,2,4
tir,2,2,4
tombe,4,0,4
tourbillon,2,2,4
traitre,2,2,4
traumatisme,2,2,4
tre,2,2,4
tromper,3,1,4
trottoir,2,2,4
troupeau,2,2,4
vainqueur,2,2,4
valeur,2,2,4
vedette,2,2,4
ventre,2,2,4
vexe,0,4,4
vexer,2,2,4
virus,2,2,4
visibilité,2,2,4
voile,2,2,4
voilà,2,2,4
volonté,2,2,4
vulgaire,2,2,4
véhicule,2,2,4
véritable,2,2,4
ébahi,2,2,4
écouter,2,2,4
écran,2,2,4
écrie,2,2,4
écrier,4,0,4
égayer,2,2,4
élevé,2,2,4
émeute,2,2,4
énerv,4,0,4
énerver,4,0,4
épaté,2,2,4
éteindre,2,2,4
évidemment,2,2,4
agacer,2,1,3
alerter,2,1,3
apporter,2,1,3
avouait,0,3,3
aïe,3,0,3
baissant,0,3,3
barrer,2,1,3
battr,3,0,3
beal,3,0,3
bombarder,2,1,3
boudeur,2,1,3
bouffon,2,1,3
bouger,3,0,3
brillant,1,2,3
brut,1,2,3
brûlé,3,0,3
cadeal,3,0,3
choisir,2,1,3
comporter,3,0,3
contaminer,2,1,3
craignaient,3,0,3
crainte,1,2,3
crie,3,0,3
dise,1,2,3
donner,1,2,3
débarrasser,2,1,3
dégoûter,3,0,3
détourner,2,1,3
embêtée,1,2,3
enfuie,1,2,3
ennuyer,2,1,3
entamer,1,2,3
enthousiasmer,3,0,3
etre,2,1,3
exactement,1,2,3
exploiter,1,2,3
faim,1,2,3
fantôme,1,2,3
fasciner,2,1,3
favoriser,2,1,3
forcé,2,1,3
frappé,3,0,3
froisser,2,1,3
glace,1,2,3
goûter,2,1,3
habitude,1,2,3
heureur,0,3,3
imaginer,1,2,3
impatient,2,1,3
indigner,3,0,3
inquiète,1,2,3
interdiction,1,2,3
interdir,3,0,3
intrigué,0,3,3
joindre,3,0,3
jolie,3,0,3
klaxonner,2,1,3
lassée,1,2,3
lesbien,2,1,3
légend,3,0,3
légende,0,3,3
manifestaient,0,3,3
marrante,0,3,3
missile,1,2,3
mobilisent,0,3,3
montre,3,0,3
méchant,1,2,3
méfiant,2,1,3
nucléaire,1,2,3
ose,3,0,3
osent,0,3,3
pauvreter,3,0,3
perdrait,0,3,3
pitié,1,2,3
piéger,2,1,3
poste,1,2,3
quell,3,0,3
redoutent,0,3,3
rejoindre,1,2,3
renifler,2,1,3
renverser,1,2,3
respirer,2,1,3
ressembler,1,2,3
revendique,3,0,3
ridicule,1,2,3
rigolé,0,3,3
rouge,1,2,3
répression,1,2,3
résoudre,1,2,3
révoltée,0,3,3
saluer,2,1,3
sanglant,1,2,3
soupçonner,2,1,3
sourir,3,0,3
stressé,0,3,3
talent,1,2,3
tourner,1,2,3
tricher,1,2,3
tué,3,0,3
vien,0,3,3
viens,3,0,3
violente,0,3,3
vérité,1,2,3
âïe,0,3,3
éclair,2,1,3
ému,3,0,3
émue,0,3,3
épouser,2,1,3
aaaaah,1,1,2
abasourdi,1,1,2
abattre,0,2,2
abattu,2,0,2
abondance,1,1,2
abus,1,1,2
abîment,1,1,2
accabler,2,0,2
accablé,0,2,2
acceptable,1,1,2
accompagner,1,1,2
accourt,1,1,2
accumulent,0,2,2
accumuler,2,0,2
accusaient,0,2,2
accusation,1,1,2
accusé,1,1,2
accélèr,2,0,2
accélérer,0,2,2
acheter,1,1,2
achever,1,1,2
acteur,1,1,2
actualité,1,1,2
acussent,1,1,2
addictif,1,1,2
adieu,1,1,2
admirait,0,2,2
admiratif,1,1,2
adresse,1,1,2
affirmer,1,1,2
affolé,1,1,2
affolée,0,2,2
affreuse,0,2,2
affreux,2,0,2
affront,1,1,2
agaçant,1,1,2
agitation,1,1,2
aimerait,0,2,2
alarmante,0,2,2
allergique,1,1,2
alliance,1,1,2
allo,1,1,2
allumer,1,1,2
amende,1,1,2
amical,1,1,2
ampleur,1,1,2
améliorer,1,1,2
and,1,1,2
animation,1,1,2
animer,1,1,2
annee,1,1,2
annoncer,1,1,2
annuler,1,1,2
anormal,1,1,2
anse,1,1,2
antiibiotique,1,1,2
apparition,1,1,2
appart,1,1,2
apprendre,1,1,2
apprécier,1,1,2
apre,1,1,2
argument,1,1,2
ariane,1,1,2
arrachée,0,2,2
arreter,1,1,2
arrivée,1,1,2
arriéré,1,1,2
arrêt,1,1,2
arrêtetu,1,1,2
assassinat,1,1,2
assassiner,1,1,2
assister,1,1,2
assurer,1,1,2
atteindra,1,1,2
attendai,2,0,2
attendra,0,2,2
attention,1,1,2
atterrer,2,0,2
atterré,0,2,2
attraction,1,1,2
attrister,2,0,2
auprès,1,1,2
aussitôt,1,1,2
autant,1,1,2
autonomie,1,1,2
autoritairement,1,1,2
avai,2,0,2
avancer,2,0,2
avertir,1,1,2
avi,2,0,2
babine,1,1,2
bactérie,1,1,2
bafouill,2,0,2
bafouille,0,2,2
bagarre,1,1,2
baguette,1,1,2
bais,2,0,2
banane,1,1,2
baptême,1,1,2
bateau,1,1,2
bavure,1,1,2
bella,1,1,2
ben,1,1,2
betterave,1,1,2
beueueueh,1,1,2
beuuurk,1,1,2
bilan,1,1,2
biscuit,1,1,2
bisous,0,2,2
blablablablablabla,1,1,2
blc,1,1,2
bled,1,1,2
blessant,1,1,2
blessent,0,2,2
bond,1,1,2
boucle,1,1,2
boud,2,0,2
bouffe,1,1,2
bouffer,1,1,2
bougeon,1,1,2
bouquet,1,1,2
bouse,1,1,2
bout,1,1,2
boycotter,1,1,2
boîte,1,1,2
branler,1,1,2
brest,1,1,2
brother,1,1,2
brouhaha,1,1,2
brouillon,1,1,2
brunâtre,1,1,2
brusquer,1,1,2
brutal,1,1,2
bruxelles,1,1,2
brûlée,0,2,2
bâtiment,1,1,2
béat,1,1,2
bête,1,1,2
bêtis,2,0,2
bêtise,0,2,2
cachent,0,2,2
caché,0,2,2
camarade,1,1,2
camion,1,1,2
carburant,1,1,2
carnaval,1,1,2
carremenent,1,1,2
casiment,1,1,2
cassez,0,2,2
cassé,1,1,2
catastrophique,1,1,2
catho,1,1,2
celer,2,0,2
centaine,1,1,2
certain,1,1,2
cest,1,1,2
chacun,1,1,2
chambre,1,1,2
champagne,1,1,2
chanceux,1,1,2
chandelle,1,1,2
change,2,0,2
chapeau,1,1,2
chaque,1,1,2
charge,1,1,2
chassait,0,2,2
chassée,2,0,2
chemin,1,1,2
chercher,1,1,2
cheveu,1,1,2
chiebn,1,1,2
choeur,1,1,2
choix,1,1,2
choléra,1,1,2
choquait,0,2,2
choquée,0,2,2
chouchouté,1,1,2
chute,1,1,2
château,1,1,2
chômage,1,1,2
cigarette,1,1,2
cinq,1,1,2
cinéma,1,1,2
classe,1,1,2
client,1,1,2
clinique,1,1,2
clochard,1,1,2
clown,1,1,2
coller,1,1,2
colonisation,1,1,2
colérique,1,1,2
combien,1,1,2
come,1,1,2
comique,1,1,2
commencer,1,1,2
commercial,1,1,2
communal,1,1,2
complexer,1,1,2
complexé,1,1,2
compliment,1,1,2
complimentent,0,2,2
complimenter,2,0,2
compliquer,1,1,2
comportez,0,2,2
composer,1,1,2
concerner,1,1,2
concours,1,1,2
confier,1,1,2
connaissance,1,1,2
cons,0,2,2
considérer,1,1,2
consoler,1,1,2
constater,1,1,2
contamination,1,1,2
contamine,1,1,2
contesté,2,0,2
continue,1,1,2
contraire,1,1,2
contrecœur,1,1,2
convenir,0,2,2
conversation,1,1,2
convier,2,0,2
convivial,1,1,2
convoquer,1,1,2
copine,1,1,2
coronavirus,1,1,2
correspondre,1,1,2
corrompre,1,1,2
couche,1,1,2
couler,1,1,2
courage,1,1,2
courageux,1,1,2
courent,1,1,2
cours,1,1,2
coût,1,1,2
coûter,1,1,2
crac,1,1,2
crachat,1,1,2
craignon,1,1,2
craquant,1,1,2
craqé,1,1,2
cria,1,1,2
crime,1,1,2
crimininel,1,1,2
croissant,1,1,2
créature,1,1,2
culture,1,1,2
cvhier,1,1,2
cyanure,1,1,2
céder,1,1,2
côté,1,1,2
cœur,1,1,2
damn,1,1,2
dansant,1,1,2
dead,1,1,2
debout,1,1,2
decu,1,1,2
dedans,1,1,2
degager,1,1,2
dehorsssss,1,1,2
deja,0,2,2
dejer,2,0,2
demain,1,1,2
demoiselle,1,1,2
derange,1,1,2
desole,1,1,2
destin,1,1,2
devant,1,1,2
deviner,2,0,2
devinera,0,2,2
deçu,1,1,2
dictée,1,1,2
différent,1,1,2
dignement,1,1,2
diner,1,1,2
directrice,1,1,2
discuter,1,1,2
disney,1,1,2
disneyland,1,1,2
divertissement,1,1,2
divorce,1,1,2
dix,1,1,2
dizaine,1,1,2
domaine,1,1,2
dos,1,1,2
douceur,1,1,2
doux,1,1,2
déception,1,1,2
décilieux,1,1,2
décision,1,1,2
déclencher,1,1,2
décrocher,2,0,2
décroché,0,2,2
défaillance,1,1,2
défaite,1,1,2
défilé,0,2,2
déforestation,1,1,2
déformer,1,1,2
dégoute,1,1,2
dégradée,1,1,2
dégât,1,1,2
déjeuner,1,1,2
déloyal,2,0,2
déloyale,0,2,2
déléguer,1,1,2
dément,2,0,2
démentir,0,2,2
démission,1,1,2
démoralisé,1,1,2
dépendant,1,1,2
dépense,1,1,2
dépenser,1,1,2
déplacer,1,1,2
dépressif,1,1,2
déprime,1,1,2
déprimer,1,1,2
désapprouver,1,1,2
désastreuse,1,1,2
désavantagé,1,1,2
désespérément,0,2,2
désespérémer,2,0,2
déshonorant,1,1,2
déstabiliser,1,1,2
développement,1,1,2
déversaient,1,1,2
dévorer,1,1,2
e,2,0,2
ebola,1,1,2
ecole,1,1,2
ecrit,1,1,2
efer,1,1,2
effacer,1,1,2
effondrée,2,0,2
effort,1,1,2
emballer,2,0,2
embarras,1,1,2
embarrassée,1,1,2
embêté,0,2,2
emmener,1,1,2
empoisonner,1,1,2
empresser,2,0,2
encourageant,1,1,2
endeuillée,1,1,2
enfaite,1,1,2
enflammer,1,1,2
enfonce,1,1,2
enfui,0,2,2
enlever,1,1,2
ennemi,1,1,2
enrager,1,1,2
enrichir,1,1,2
enterrement,1,1,2
enthousiasmante,1,1,2
entièrement,1,1,2
entourent,2,0,2
entourer,0,2,2
envers,1,1,2
environnement,1,1,2
envoy,1,1,2
erreur,1,1,2
escaladé,1,1,2
esclave,1,1,2
escroqué,1,1,2
espionnage,1,1,2
etle,1,1,2
eun,1,1,2
exaspération,1,1,2
excellence,1,1,2
exception,1,1,2
excitant,1,1,2
exciter,2,0,2
excitée,0,2,2
exercice,1,1,2
exessif,1,1,2
exil,1,1,2
exiler,1,1,2
existant,1,1,2
exister,1,1,2
expert,1,1,2
extinction,1,1,2
extra,1,1,2
extrêmement,1,1,2
face,1,1,2
faciliter,0,2,2
facilité,2,0,2
fai,2,0,2
faiblessee,1,1,2
faiblir,1,1,2
falsifié,0,2,2
farfelu,1,1,2
fascinée,0,2,2
fatigué,1,1,2
fatiguée,1,1,2
fdp,1,1,2
fermera,1,1,2
fermeture,1,1,2
festivité,1,1,2
ficher,2,0,2
fichez,0,2,2
fiere,1,1,2
figurine,1,1,2
film,1,1,2
finisse,0,2,2
fissure,1,1,2
fièvre,1,1,2
flashy,1,1,2
folie,1,1,2
fond,1,1,2
fonder,0,2,2
fondre,2,0,2
football,1,1,2
forcément,1,1,2
formalité,1,1,2
foudre,1,1,2
fout,1,1,2
foyer,1,1,2
france,1,1,2
franchement,1,1,2
fratrie,1,1,2
fraude,1,1,2
frayeur,1,1,2
friandise,1,1,2
frisson,1,1,2
frite,1,1,2
front,1,1,2
frustrée,0,2,2
frère,1,1,2
fureur,1,1,2
furieur,0,2,2
féciliter,1,1,2
gadjo,1,1,2
gai,1,1,2
garde,1,1,2
garçon,1,1,2
gaspillage,1,1,2
gaspiller,1,1,2
gastronomie,1,1,2
gaufre,1,1,2
gaver,1,1,2
gendarme,1,1,2
genre,1,1,2
geule,1,1,2
gigantesque,1,1,2
gloir,2,0,2
good,1,1,2
gorge,1,1,2
gracieux,1,1,2
gras,1,1,2
grimace,1,1,2
grogn,2,0,2
grogne,0,2,2
grognement,1,1,2
grognon,1,1,2
grommlèle,1,1,2
gronde,0,2,2
grosse,2,0,2
grossier,1,1,2
grotte,1,1,2
groupe,1,1,2
grr,1,1,2
grrr,1,1,2
gueules,0,2,2
gémir,2,0,2
gémit,0,2,2
général,1,1,2
gênant,0,2,2
habiller,1,1,2
habitation,1,1,2
hagar,1,1,2
halloween,1,1,2
happy,1,1,2
harcelait,0,2,2
harcelement,1,1,2
hectare,1,1,2
heu,1,1,2
heurter,1,1,2
hilare,1,1,2
hilarité,1,1,2
his,1,1,2
hlm,1,1,2
homm,2,0,2
honorer,1,1,2
hostilité,1,1,2
huer,2,0,2
huit,1,1,2
humanitaire,1,1,2
humiliant,2,0,2
humiliante,0,2,2
humilié,1,1,2
hué,0,2,2
hypocrite,1,1,2
hypocryte,1,1,2
hâter,1,1,2
hé,1,1,2
hébergement,1,1,2
hélas,1,1,2
héroiqu,2,0,2
héroique,0,2,2
héroïque,1,1,2
hésitation,1,1,2
idéal,1,1,2
ignorer,1,1,2
illumination,1,1,2
illusion,1,1,2
illustrer,0,2,2
image,1,1,2
imbécile,1,1,2
immature,1,1,2
immeuble,1,1,2
immoralité,1,1,2
impeccable,1,1,2
impliquer,1,1,2
impossible,1,1,2
impressionant,1,1,2
impressionante,2,0,2
improbable,1,1,2
improviste,1,1,2
imprévisible,1,1,2
impuissant,0,2,2
impuisser,2,0,2
incendier,1,1,2
incendié,1,1,2
inconfortable,1,1,2
inconnu,1,1,2
indigne,1,1,2
infect,1,1,2
inferieur,1,1,2
influencer,1,1,2
informatique,1,1,2
informe,1,1,2
infâme,1,1,2
ingénieur,1,1,2
ingénieux,1,1,2
innocent,1,1,2
inondation,0,2,2
inonder,1,1,2
inshape,1,1,2
installer,1,1,2
insuffiser,2,0,2
intempestif,1,1,2
intentionné,1,1,2
interdi,1,1,2
interdit,0,2,2
interminable,1,1,2
internet,1,1,2
interrompt,1,1,2
intimidation,1,1,2
intimider,1,1,2
introduire,1,1,2
intéresser,1,1,2
intérêt,1,1,2
inutile,1,1,2
inventent,1,1,2
inverse,1,1,2
invivable,1,1,2
isoler,1,1,2
jambe,1,1,2
jardin,1,1,2
jmen,1,1,2
jointe,0,2,2
joue,1,1,2
joueur,1,1,2
jsp,1,1,2
jte,1,1,2
juger,1,1,2
juillet,1,1,2
jvai,2,0,2
jvais,0,2,2
jy,1,1,2
kestu,1,1,2
kiffer,1,1,2
kipa,1,1,2
klaxon,1,1,2
lait,1,1,2
lecture,1,1,2
leglise,1,1,2
lent,1,1,2
leporte,1,1,2
lesbiennes,2,0,2
leçon,1,1,2
litre,1,1,2
little,1,1,2
loi,1,1,2
loisir,1,1,2
lumineux,1,1,2
lumière,1,1,2
lâche,2,0,2
lâcher,0,2,2
lécher,1,1,2
lésecienne,0,2,2
magie,1,1,2
maillot,1,1,2
majuscule,1,1,2
maladroit,1,1,2
malfaisant,1,1,2
malice,1,1,2
manche,1,1,2
mangent,0,2,2
maniere,1,1,2
manigancent,0,2,2
mariag,2,0,2
marrer,1,1,2
massacrer,0,2,2
massacré,2,0,2
massif,1,1,2
matin,1,1,2
matinal,1,1,2
maturite,1,1,2
maudire,2,0,2
maudite,0,2,2
maximal,0,2,2
mddddddr,1,1,2
mdr,1,1,2
mdrrr,1,1,2
mdrrrrr,1,1,2
mdrrrrrr,1,1,2
mdrrrrrrrrrrrrrrrr,1,1,2
membre,1,1,2
menaçaient,0,2,2
menti,1,1,2
message,1,1,2
messire,1,1,2
mets,1,1,2
mexique,1,1,2
mickey,1,1,2
miel,1,1,2
millimètre,1,1,2
mimi,1,1,2
minimum,1,1,2
miracle,1,1,2
mobilisation,1,1,2
moche,1,1,2
mode,1,1,2
modèle,1,1,2
moindre,1,1,2
mois,1,1,2
mongol,1,1,2
monopole,1,1,2
montrant,2,0,2
mortel,1,1,2
moule,1,1,2
mourait,0,2,2
moyenne,1,1,2
mskn,1,1,2
musée,1,1,2
méchamment,1,1,2
médailler,2,0,2
médaillée,0,2,2
média,1,1,2
méfie,0,2,2
méfient,0,2,2
mélancolie,1,1,2
ménagerie,1,1,2
mérite,2,0,2
mésaventure,1,1,2
naturellement,1,1,2
nausée,1,1,2
nerf,1,1,2
nerveux,1,1,2
nn,1,1,2
nocturne,1,1,2
norme,1,1,2
nu,0,2,2
nue,2,0,2
nuir,2,0,2
nuire,0,2,2
nuit,1,1,2
négociation,1,1,2
objet,1,1,2
obscur,1,1,2
obtenir,1,1,2
obèse,1,1,2
obéir,1,1,2
obése,1,1,2
occupation,1,1,2
offense,1,1,2
oiseau,1,1,2
ok,1,1,2
onze,1,1,2
ooo,1,1,2
ooooh,1,1,2
oppose,2,0,2
oppresseur,1,1,2
optimiste,1,1,2
opération,1,1,2
orage,1,1,2
orchestre,1,1,2
ordinateur,1,1,2
ordonner,1,1,2
ordre,1,1,2
ouais,1,1,2
oublie,1,1,2
oubliée,0,2,2
ous,1,1,2
paillette,1,1,2
pain,1,1,2
pan,1,1,2
paprasserie,1,1,2
paquebot,1,1,2
parce,1,1,2
pareil,1,1,2
parfaitement,1,1,2
parfois,1,1,2
parole,1,1,2
partenaire,1,1,2
parti,1,1,2
particulier,1,1,2
partie,1,1,2
passion,1,1,2
patiemment,1,1,2
patte,1,1,2
paupière,1,1,2
pauve,1,1,2
pelle,1,1,2
pension,1,1,2
percuter,0,2,2
percuté,2,0,2
perdant,1,1,2
permettre,1,1,2
persecute,1,1,2
persecuter,2,0,2
persecutée,0,2,2
persécutée,0,2,2
pest,2,0,2
peste,0,2,2
pestiféré,2,0,2
pestiférée,0,2,2
pestilentielle,1,1,2
pff,1,1,2
phare,1,1,2
phénoménal,1,1,2
piano,1,1,2
pillée,1,1,2
pincer,2,0,2
pincé,0,2,2
piquer,1,1,2
piraté,1,1,2
piètre,1,1,2
piétiner,1,1,2
plain,1,1,2
planète,1,1,2
pleint,2,0,2
pleinte,0,2,2
pler,2,0,2
pleuraient,0,2,2
pleurnichant,1,1,2
pleurniche,1,1,2
plonger,2,0,2
plongée,0,2,2
plutot,1,1,2
poids,1,1,2
poing,1,1,2
pointer,1,1,2
poison,1,1,2
pokeflute,1,1,2
politique,1,1,2
polluée,0,2,2
polue,1,1,2
popopoooo,1,1,2
population,1,1,2
poser,1,1,2
possible,1,1,2
posséder,1,1,2
poster,2,0,2
postez,0,2,2
poulpe,1,1,2
poème,1,1,2
pression,1,1,2
preuve,1,1,2
priver,1,1,2
prochain,1,1,2
proche,1,1,2
produit,1,1,2
professeur,1,1,2
progresser,1,1,2
proie,1,1,2
promesse,1,1,2
proposition,1,1,2
propre,1,1,2
propritété,1,1,2
protège,2,0,2
provocation,1,1,2
prudence,1,1,2
près,1,1,2
précipitation,1,1,2
précédent,1,1,2
préféré,0,2,2
président,1,1,2
prévention,1,1,2
prévoir,1,1,2
psychiatrique,1,1,2
psychologue,1,1,2
psychose,1,1,2
ptddddrrrrrrr,1,1,2
ptddrrrr,1,1,2
ptdrrr,1,1,2
ptdrrrr,1,1,2
ptdrrrrrr,1,1,2
ptit,1,1,2
public,1,1,2
pupuce,1,1,2
pérsecution,1,1,2
pétale,1,1,2
qinge,1,1,2
quartier,1,1,2
quon,1,1,2
rabaisser,1,1,2
racisme,1,1,2
racont,2,0,2
radieux,1,1,2
ragoûtant,0,2,2
ragoûter,2,0,2
rangez,1,1,2
rappeler,1,1,2
rapport,1,1,2
rarement,1,1,2
rattrappée,1,1,2
ravage,1,1,2
rebelle,1,1,2
recommencer,1,1,2
recueillir,1,1,2
redonner,1,1,2
redoutaient,1,1,2
regard,1,1,2
regret,1,1,2
regrettable,1,1,2
regrettaient,1,1,2
regrouper,1,1,2
rejet,1,1,2
religieux,1,1,2
remarier,1,1,2
remarque,1,1,2
remarquer,1,1,2
remettez,1,1,2
remettraient,1,1,2
remporte,2,0,2
représentation,1,1,2
représenter,1,1,2
respectueux,1,1,2
responsabilité,1,1,2
ressort,1,1,2
ressource,1,1,2
reste,2,0,2
restera,1,1,2
retourner,2,0,2
retournez,0,2,2
retransmission,1,1,2
revanche,1,1,2
revoir,1,1,2
ricanement,1,1,2
riche,1,1,2
rideau,1,1,2
ritz,1,1,2
robe,1,1,2
robert,1,1,2
romantique,1,1,2
rompre,0,2,2
rompu,2,0,2
ronchonn,2,0,2
ronchonne,0,2,2
ronchonner,1,1,2
ronger,1,1,2
rooohh,1,1,2
rose,1,1,2
rougir,1,1,2
rouspéter,1,1,2
routier,1,1,2
ruer,2,0,2
rugissement,1,1,2
ruiner,2,0,2
ruinée,0,2,2
réalisable,1,1,2
réalité,1,1,2
rébellion,1,1,2
récolte,1,1,2
rédiger,1,1,2
réfugient,0,2,2
régime,1,1,2
régler,1,1,2
répeter,1,1,2
réserve,1,1,2
réserver,1,1,2
rétorqué,1,1,2
réveille,2,0,2
révolution,1,1,2
rêvé,2,0,2
rôle,1,1,2
sabord,1,1,2
saboter,1,1,2
sac,1,1,2
saccager,1,1,2
saisir,1,1,2
sal,1,1,2
salade,1,1,2
salle,1,1,2
sang,1,1,2
sanglote,1,1,2
sauf,1,1,2
savoure,1,1,2
scandaliser,2,0,2
scandalisé,0,2,2
score,1,1,2
scénario,1,1,2
secondaire,1,1,2
secours,1,1,2
secret,1,1,2
selena,1,1,2
selfie,1,1,2
semaine,1,1,2
semblant,1,1,2
sensible,1,1,2
ser,2,0,2
serieux,1,1,2
serre,1,1,2
serveur,1,1,2
service,1,1,2
seulement,1,1,2
sidéré,1,1,2
siffle,1,1,2
sifflé,1,1,2
signe,2,0,2
signer,0,2,2
silencieux,1,1,2
silhouette,1,1,2
simplement,1,1,2
singe,1,1,2
sinon,1,1,2
six,1,1,2
sixième,1,1,2
soin,1,1,2
soirée,1,1,2
somptueux,1,1,2
sophie,1,1,2
sorcière,1,1,2
sorry,1,1,2
sort,2,0,2
soucier,1,1,2
souffert,0,2,2
souffle,1,1,2
soulagement,1,1,2
soulager,1,1,2
soulevé,1,1,2
soupçonneux,1,1,2
sourd,1,1,2
sourit,0,2,2
soutien,1,1,2
souvent,1,1,2
steak,1,1,2
stopppp,1,1,2
stoppppp,1,1,2
story,1,1,2
stresse,1,1,2
stupeur,1,1,2
stupéfaire,2,0,2
stupéfaite,1,1,2
style,1,1,2
stérile,1,1,2
subit,2,0,2
subitement,1,1,2
sublime,1,1,2
suceur,2,0,2
suceuse,0,2,2
sucrer,1,1,2
suffisant,0,2,2
sufisamment,1,1,2
suite,1,1,2
supplémentaire,1,1,2
supportent,0,2,2
supprime,1,1,2
suprendre,1,1,2
suprise,1,1,2
surconsommation,1,1,2
surgi,0,2,2
surveillance,1,1,2
suspendre,1,1,2
symbole,1,1,2
séjour,1,1,2
sérieu,0,2,2
sérieusement,1,1,2
sévit,1,1,2
sévère,1,1,2
taisaient,0,2,2
taleur,1,1,2
tapage,1,1,2
tape,1,1,2
tdc,1,1,2
tema,0,2,2
temer,2,0,2
temporaire,1,1,2
ten,1,1,2
tentacule,1,1,2
terrain,1,1,2
terrasser,2,0,2
terrassé,0,2,2
terreur,1,1,2
terrien,1,1,2
terrifiant,1,1,2
terrorisé,0,2,2
tete,2,0,2
teter,0,2,2
tgv,1,1,2
thank,1,1,2
thermos,1,1,2
théâtral,1,1,2
tibo,1,1,2
ticket,1,1,2
tien,0,2,2
tienne,2,0,2
tiens,2,0,2
tigre,1,1,2
tire,2,0,2
tisane,1,1,2
titre,1,1,2
tjrs,1,1,2
to,1,1,2
toiausssi,1,1,2
tonnerre,1,1,2
torture,1,1,2
tousser,1,1,2
trac,1,1,2
trachée,1,1,2
trafiquant,1,1,2
trahison,1,1,2
trair,2,0,2
traire,0,2,2
tranquillement,1,1,2
traîner,1,1,2
triche,1,1,2
trkl,1,1,2
troisième,1,1,2
trompé,0,2,2
troquer,1,1,2
troublé,0,2,2
trône,1,1,2
tsunami,1,1,2
turbulence,1,1,2
typique,1,1,2
télécabine,1,1,2
téléphoner,1,1,2
témoin,1,1,2
tétaniser,2,0,2
tétanisé,0,2,2
u,1,1,2
urgence,1,1,2
utile,1,1,2
vacance,1,1,2
valider,1,1,2
valoir,1,1,2
veille,1,1,2
vengeance,1,1,2
veriter,1,1,2
vex,2,0,2
vide,1,1,2
vif,1,1,2
village,1,1,2
violon,1,1,2
vitesse,1,1,2
vladimir,1,1,2
voie,1,1,2
voire,1,1,2
volant,0,2,2
vote,1,1,2
vraie,2,0,2
vraient,1,1,2
vrm,1,1,2
vrmt,1,1,2
vsi,1,1,2
véhément,1,1,2
vénère,1,1,2
vénérer,1,1,2
véridique,1,1,2
waw,1,1,2
wsh,1,1,2
you,1,1,2
zéro,1,1,2
ânerie,1,1,2
ébahie,1,1,2
écart,1,1,2
échanger,1,1,2
échouer,1,1,2
éclater,1,1,2
économique,1,1,2
écoute,1,1,2
écrasent,1,1,2
écraser,1,1,2
écria,0,2,2
écriée,0,2,2
électrisée,1,1,2
émerveillé,2,0,2
émerveillés,0,2,2
émouvoir,1,1,2
énervé,0,2,2
épanouir,1,1,2
épanouissant,1,1,2
épaule,1,1,2
épidémique,1,1,2
épinard,1,1,2
épouvantail,1,1,2
équivalent,1,1,2
ériger,1,1,2
éruption,1,1,2
éternité,1,1,2
éternuer,1,1,2
étonnée,2,0,2
étouffé,1,1,2
étude,1,1,2
évènement,1,1,2
œuf,1,1,2
abattoir,0,1,1
abim,1,0,1
abime,0,1,1
abîmer,0,1,1
accusent,1,0,1
actionner,1,0,1
actionné,0,1,1
admire,1,0,1
admirent,1,0,1
admiré,1,0,1
admirée,0,1,1
ador,1,0,1
adore,1,0,1
affliger,1,0,1
affligé,0,1,1
affronteront,0,1,1
aidez,1,0,1
aime,1,0,1
aimerai,1,0,1
aimeriez,0,1,1
ajouter,1,0,1
ajoutera,0,1,1
alarmer,1,0,1
alertent,0,1,1
allur,1,0,1
allure,0,1,1
amusait,0,1,1
amusion,0,1,1
amusée,0,1,1
angoissant,0,1,1
angoissante,1,0,1
angoissée,0,1,1
appartenir,0,1,1
appartien,1,0,1
applaudissent,0,1,1
apportaient,0,1,1
approuvent,0,1,1
approuver,1,0,1
arrête,1,0,1
arrêteront,0,1,1
artific,1,0,1
artifice,0,1,1
asil,1,0,1
asile,0,1,1
attaquaient,0,1,1
attristant,0,1,1
attristé,0,1,1
aîner,1,0,1
aîné,0,1,1
bachi,1,0,1
barraient,0,1,1
blaiss,1,0,1
blaisse,0,1,1
blanche,1,0,1
bloqu,1,0,1
bloquaient,0,1,1
bloque,0,1,1
blottir,1,0,1
blottissant,0,1,1
bolo,0,1,1
bolos,1,0,1
bombardée,0,1,1
bombre,0,1,1
boudeuse,0,1,1
bouffonne,0,1,1
bougeait,0,1,1
bougerait,0,1,1
bougonne,0,1,1
bougonner,1,0,1
bougé,0,1,1
bouzouk,1,0,1
brailler,1,0,1
braillé,0,1,1
brandir,1,0,1
brandissant,0,1,1
brillante,1,0,1
brul,1,0,1
brule,0,1,1
brute,1,0,1
brûlent,0,1,1
cache,1,0,1
channger,1,0,1
channgé,0,1,1
chanter,0,1,1
charmer,1,0,1
charmé,0,1,1
chasse,0,1,1
chauffe,0,1,1
cherche,1,0,1
chercherez,0,1,1
choisissent,0,1,1
choquent,0,1,1
chou,1,0,1
choux,0,1,1
chéri,1,0,1
chérie,0,1,1
claqu,1,0,1
claquer,0,1,1
coincer,1,0,1
coincé,0,1,1
combler,1,0,1
comblé,0,1,1
comporté,0,1,1
comprend,1,0,1
confisqué,0,1,1
confisquée,0,1,1
conitnuer,1,0,1
conitnué,0,1,1
conquérant,1,0,1
conquérante,0,1,1
construire,0,1,1
construit,1,0,1
contaminée,0,1,1
contenent,0,1,1
contener,1,0,1
contestait,0,1,1
contrarie,1,0,1
contrarier,0,1,1
coqueluch,1,0,1
coqueluche,0,1,1
corvée,0,1,1
couvrent,1,0,1
couvrir,0,1,1
crain,1,0,1
craintif,1,0,1
craintife,0,1,1
cran,1,0,1
crane,0,1,1
crever,0,1,1
criaient,0,1,1
criait,0,1,1
criera,0,1,1
croi,1,0,1
croquer,0,1,1
croyais,0,1,1
crève,1,0,1
cuire,1,0,1
cuit,0,1,1
culpabiliser,1,0,1
culpabilisé,0,1,1
curieuse,0,1,1
curieux,1,0,1
danseront,0,1,1
danseus,1,0,1
degoutez,0,1,1
degoutée,0,1,1
devoreur,1,0,1
difficulter,1,0,1
dira,0,1,1
disputait,0,1,1
donne,1,0,1
donneur,1,0,1
donneuse,0,1,1
doser,1,0,1
dosez,0,1,1
doutaient,0,1,1
douter,1,0,1
dresse,1,0,1
dresser,0,1,1
drol,1,0,1
débarrassé,0,1,1
débordent,0,1,1
déborder,1,0,1
déchaîne,0,1,1
déchaîner,1,0,1
déchiraient,0,1,1
déchoir,0,1,1
déchu,1,0,1
décontenancer,1,0,1
décontenancée,0,1,1
décourager,1,0,1
découragé,0,1,1
découvrait,0,1,1
découvrant,0,1,1
décrier,1,0,1
décriée,0,1,1
défiguraient,0,1,1
défigurer,1,0,1
défouler,1,0,1
défoulée,0,1,1
dégeulasse,0,1,1
dégeuler,1,0,1
dégouteee,1,0,1
dégouteeee,0,1,1
dégouter,1,0,1
dégouté,0,1,1
dégoûtée,0,1,1
dégradant,0,1,1
dégradante,1,0,1
dégrade,1,0,1
dégrader,0,1,1
dégustent,0,1,1
déguster,1,0,1
délic,1,0,1
délice,0,1,1
démarr,1,0,1
démarrer,0,1,1
démoli,0,1,1
démolir,1,0,1
dénonçait,0,1,1
déplorant,0,1,1
déplorer,1,0,1
dépêchent,0,1,1
dépêcher,1,0,1
déranger,1,0,1
dérangera,0,1,1
désoler,1,0,1
détent,1,0,1
détente,0,1,1
détestait,0,1,1
détourné,0,1,1
détriment,0,1,1
détrimer,1,0,1
dévaliser,1,0,1
dévalisé,0,1,1
dévalorisant,0,1,1
dévaloriser,1,0,1
dévast,1,0,1
dévaste,0,1,1
dévorant,0,1,1
dévoreurs,0,1,1
effondrent,0,1,1
effondré,1,0,1
effrai,1,0,1
effraie,0,1,1
effrayante,0,1,1
emballe,0,1,1
emballé,0,1,1
empestait,0,1,1
empester,1,0,1
empocher,1,0,1
empoché,0,1,1
empressa,0,1,1
empresse,0,1,1
empêché,0,1,1
enfer,1,0,1
enferment,0,1,1
enfiler,1,0,1
enfilé,0,1,1
engueule,0,1,1
engueuler,1,0,1
ennuyé,0,1,1
ensembl,1,0,1
entament,1,0,1
entend,1,0,1
entendion,0,1,1
enthousiasm,1,0,1
entonner,1,0,1
entonné,0,1,1
entraine,1,0,1
entrainer,0,1,1
entretenir,1,0,1
entretenu,0,1,1
envahir,0,1,1
envoler,1,0,1
envolé,0,1,1
esclaff,1,0,1
esclaffe,0,1,1
espèr,1,0,1
espérer,0,1,1
etait,0,1,1
etat,1,0,1
eter,1,0,1
exactemer,1,0,1
exaspérer,1,0,1
exaspéré,0,1,1
exclament,0,1,1
exclamer,1,0,1
excus,1,0,1
exploité,1,0,1
exploseeeeee,1,0,1
fabuleu,1,0,1
fascine,1,0,1
fasse,1,0,1
fatima,0,1,1
fatimer,1,0,1
favorisé,0,1,1
fermé,0,1,1
ferrer,1,0,1
ferré,0,1,1
feux,1,0,1
fiction,1,0,1
finissez,0,1,1
finit,1,0,1
folle,1,0,1
forain,1,0,1
foraine,0,1,1
foutai,1,0,1
foutais,0,1,1
foutr,1,0,1
francai,1,0,1
francais,0,1,1
froissé,0,1,1
froncer,1,0,1
froncé,0,1,1
fuyant,1,0,1
fâchai,1,0,1
fâchais,0,1,1
fâchée,0,1,1
félicité,1,0,1
félicitée,0,1,1
g,0,1,1
gagnais,0,1,1
gagnant,1,0,1
gen,1,0,1
gene,0,1,1
ghetto,0,1,1
gifle,1,0,1
gifler,0,1,1
glorieur,0,1,1
glorieuse,1,0,1
gloussent,0,1,1
glousser,1,0,1
gouverner,0,1,1
goûterais,0,1,1
gramme,1,0,1
granc,0,1,1
grv,1,0,1
gâch,1,0,1
gâche,0,1,1
hanter,1,0,1
hantis,1,0,1
hantise,0,1,1
hantée,0,1,1
harcelée,0,1,1
haut,0,1,1
haute,1,0,1
homophooooooob,1,0,1
homophooooooobe,0,1,1
hourra,0,1,1
hourrer,1,0,1
humanisent,0,1,1
humaniser,1,0,1
humilier,1,0,1
humiliée,0,1,1
ider,1,0,1
illustre,1,0,1
imagine,1,0,1
impatientent,0,1,1
impatienter,1,0,1
imposait,0,1,1
impressioner,1,0,1
impressionnent,0,1,1
improvisent,0,1,1
improviser,1,0,1
incorrect,1,0,1
incorrecte,0,1,1
indignée,0,1,1
infini,0,1,1
infinie,1,0,1
inhabituel,1,0,1
inhabituelle,0,1,1
injustifier,1,0,1
injustifiée,0,1,1
inquiétée,0,1,1
inspir,1,0,1
interdisant,1,0,1
intriguant,0,1,1
irez,0,1,1
irrespectueuse,1,0,1
irrespectueux,0,1,1
isolent,0,1,1
isolé,1,0,1
jean,0,1,1
jeans,1,0,1
joignent,0,1,1
jovial,1,0,1
joviale,0,1,1
juifs,0,1,1
jur,1,0,1
jurer,0,1,1
khalla,0,1,1
khaller,1,0,1
kidnapper,1,0,1
kidnappé,0,1,1
kiff,1,0,1
kiffe,0,1,1
klaxonnaient,0,1,1
laissez,1,0,1
lamente,0,1,1
lamenter,1,0,1
lance,1,0,1
lancée,1,0,1
larguer,1,0,1
largué,0,1,1
lasser,1,0,1
lesbienne,0,1,1
levée,0,1,1
louai,1,0,1
louais,0,1,1
loup,0,1,1
madame,0,1,1
maii,1,0,1
maiis,0,1,1
majestueuse,1,0,1
majestueuxe,0,1,1
maladress,1,0,1
maladresse,0,1,1
malheureuse,0,1,1
manquerait,0,1,1
marcher,1,0,1
marché,0,1,1
mari,1,0,1
mariera,0,1,1
maris,0,1,1
maternel,0,1,1
maternelle,1,0,1
meler,1,0,1
melez,0,1,1
meller,1,0,1
mellez,0,1,1
menacée,1,0,1
mette,1,0,1
mobilisé,1,0,1
monsieur,1,0,1
moqu,1,0,1
moqué,0,1,1
mord,1,0,1
muscler,1,0,1
musclé,0,1,1
mètre,0,1,1
méconnaître,1,0,1
méconnu,0,1,1
mécontente,0,1,1
méfiante,0,1,1
méritez,0,1,1
mérité,1,0,1
nauséabond,1,0,1
nauséabonde,0,1,1
nettoyer,1,0,1
nettoyé,0,1,1
news,1,0,1
nik,1,0,1
nike,0,1,1
noire,1,0,1
oblige,1,0,1
offensif,1,0,1
offensive,0,1,1
olalala,0,1,1
olalaler,1,0,1
opposé,0,1,1
orthograph,1,0,1
orthographe,0,1,1
os,1,0,1
osé,1,0,1
oup,0,1,1
oups,1,0,1
ouvert,1,0,1
paranoïa,0,1,1
paranoïer,1,0,1
parfaire,1,0,1
parl,1,0,1
parte,0,1,1
parvenaient,0,1,1
passionn,1,0,1
passionne,0,1,1
passionner,1,0,1
passionné,0,1,1
pay,1,0,1
pense,1,0,1
pensivement,0,1,1
pensivemer,1,0,1
perd,1,0,1
perde,0,1,1
picotement,0,1,1
picotemer,1,0,1
pitier,1,0,1
piégé,0,1,1
plaigent,0,1,1
plaiger,1,0,1
plaignait,0,1,1
plair,1,0,1
plaisent,0,1,1
pleurai,1,0,1
pleurais,0,1,1
pollue,0,1,1
polluerait,0,1,1
post,1,0,1
pourchassent,0,1,1
pourchasser,1,0,1
poussière,0,1,1
poussiérer,1,0,1
ppourrait,0,1,1
ppourrer,1,0,1
prenaient,0,1,1
prive,1,0,1
privilèg,1,0,1
privilège,0,1,1
privé,0,1,1
problèm,1,0,1
protestaient,0,1,1
prédir,1,0,1
prédire,0,1,1
préoccupe,0,1,1
prêter,1,0,1
prêtera,0,1,1
publier,1,0,1
publiez,0,1,1
pulvériser,1,0,1
pulvérisé,0,1,1
pèt,1,0,1
péter,0,1,1
quittent,1,0,1
quitté,1,0,1
rabat,0,1,1
rabattre,1,0,1
raconte,1,0,1
ravagé,1,0,1
ravagée,0,1,1
re,0,1,1
rebellent,0,1,1
recroquevillent,0,1,1
recroqueviller,1,0,1
redire,1,0,1
redisent,0,1,1
redoutable,0,1,1
redoutables,1,0,1
refug,1,0,1
regarde,1,0,1
rejetée,1,0,1
rejoignent,1,0,1
remerci,1,0,1
remercier,0,1,1
remplie,1,0,1
remplir,0,1,1
rend,1,0,1
renifle,0,1,1
renverse,1,0,1
renvoyé,0,1,1
reposter,1,0,1
repostez,0,1,1
reprochait,0,1,1
reproché,1,0,1
respirait,0,1,1
ressemble,1,0,1
restant,0,1,1
restante,1,0,1
retenir,1,0,1
retiennent,0,1,1
retrouve,1,0,1
riaient,0,1,1
riait,0,1,1
rigolant,0,1,1
rigolot,0,1,1
rigolote,0,1,1
risqué,0,1,1
romp,1,0,1
rompe,0,1,1
ruant,0,1,1
ruée,0,1,1
râcler,1,0,1
râclé,0,1,1
récite,0,1,1
réciter,1,0,1
réconfortant,0,1,1
réduite,1,0,1
réjoui,0,1,1
répliquer,1,0,1
répliqué,0,1,1
répondiez,0,1,1
réuni,1,0,1
réunir,0,1,1
réveillée,0,1,1
rôde,0,1,1
salopp,1,0,1
saloppe,0,1,1
salué,0,1,1
sanglante,1,0,1
sataner,1,0,1
satané,0,1,1
saute,1,0,1
sautillent,0,1,1
sautiller,1,0,1
sauvée,0,1,1
science,1,0,1
secouer,1,0,1
secoué,0,1,1
sent,1,0,1
sentirai,1,0,1
sentirais,0,1,1
seron,1,0,1
serrer,1,0,1
serré,0,1,1
sert,1,0,1
sien,0,1,1
sienne,1,0,1
songe,1,0,1
songer,0,1,1
sortent,1,0,1
sortez,0,1,1
sorti,1,0,1
souffrait,0,1,1
soupiré,0,1,1
soupçonnent,0,1,1
stressée,0,1,1
submerger,1,0,1
submergée,0,1,1
suffit,1,0,1
supplement,0,1,1
supplemer,1,0,1
suprimmeeeeeeeeeeee,0,1,1
suprimmeeeeeeeeeeeeeeeee,1,0,1
surprend,1,0,1
tai,1,0,1
taler,1,0,1
tente,1,0,1
ter,1,0,1
torturaient,0,1,1
toussoter,1,0,1
toussoté,0,1,1
tracass,1,0,1
tracasse,0,1,1
traite,1,0,1
traumatiser,1,0,1
traumatisé,0,1,1
tremblaient,0,1,1
trembler,1,0,1
triché,1,0,1
trinquer,1,0,1
trinqué,0,1,1
troubler,1,0,1
troublée,1,0,1
truquée,0,1,1
tue,1,0,1
tuez,0,1,1
vante,0,1,1
ver,1,0,1
verra,1,0,1
visiter,0,1,1
visité,1,0,1
vivr,1,0,1
volé,1,0,1
volée,1,0,1
voudra,0,1,1
vériter,1,0,1
ébloui,0,1,1
éblouir,1,0,1
écarquiller,1,0,1
écarquillé,0,1,1
échapperai,1,0,1
échapperais,0,1,1
échappé,0,1,1
éclairer,0,1,1
écrasé,1,0,1
écrasée,0,1,1
écrir,1,0,1
écrire,0,1,1
écroul,1,0,1
écrouler,0,1,1
écœurer,1,0,1
écœurée,0,1,1
éloignant,0,1,1
éloigner,1,0,1
énervait,0,1,1
épidémier,1,0,1
épousait,0,1,1
épouvant,1,0,1
épouvanter,0,1,1
étendre,1,0,1
étendue,0,1,1
étoil,1,0,1
étonn,1,0,1
étonnerait,0,1,1
évité,0,1,1
évploseueéer,0,1,1
êtr,1,0,1
