marker_value,marker_type,Colere,Degout,Joie,Peur,Surprise,Tristesse,Admiration,Culpabilite,Embarras,Fierte,Jalousie,total_count,P(Colere),P(Degout),P(Joie),P(Peur),P(Surprise),P(Tristesse),P(Admiration),P(Culpabilite),P(Embarras),P(Fierte),P(Jalousie),entropy,normalized_entropy
voir,word,6.0,1.0,2.0,2.0,0.0,2.0,0,0.0,0.0,0.0,0.0,13.0,0.46153846153846156,0.07692307692307693,0.15384615384615385,0.15384615384615385,0.0,0.15384615384615385,0.0,0.0,0.0,0.0,0.0,2.045841640885174,0.5913808585963756
bien,lemma,6.0,1.0,4.0,0.0,0.0,2.0,0,0.0,0.0,1.0,0.0,14.0,0.42857142857142855,0.07142857142857142,0.2857142857142857,0.0,0.0,0.14285714285714285,0.0,0.0,0.0,0.07142857142857142,0.0,1.9852281360342514,0.5738596263441251
bien,word,6.0,1.0,4.0,0.0,0.0,2.0,0,0.0,0.0,1.0,0.0,14.0,0.42857142857142855,0.07142857142857142,0.2857142857142857,0.0,0.0,0.14285714285714285,0.0,0.0,0.0,0.07142857142857142,0.0,1.9852281360342514,0.5738596263441251
sa,word,24.0,16.0,8.0,0.0,0.0,2.0,0,0.0,6.0,0.0,0.0,56.0,0.42857142857142855,0.2857142857142857,0.14285714285714285,0.0,0.0,0.03571428571428571,0.0,0.0,0.10714285714285714,0.0,0.0,1.958267868099842,0.5660663611761814
comme,lemma,12.0,5.0,3.0,0.0,1.0,0.0,0,0.0,1.0,1.0,0.0,23.0,0.5217391304347826,0.21739130434782608,0.13043478260869565,0.0,0.043478260869565216,0.0,0.0,0.0,0.043478260869565216,0.043478260869565216,0.0,1.941645521915528,0.5612614255634168
comme,word,12.0,5.0,3.0,0.0,1.0,0.0,0,0.0,1.0,1.0,0.0,23.0,0.5217391304347826,0.21739130434782608,0.13043478260869565,0.0,0.043478260869565216,0.0,0.0,0.0,0.043478260869565216,0.043478260869565216,0.0,1.941645521915528,0.5612614255634168
mes,word,1.0,2.0,2.0,1.0,0.0,0.0,0,0.0,0.0,0.0,0.0,6.0,0.16666666666666666,0.3333333333333333,0.3333333333333333,0.16666666666666666,0.0,0.0,0.0,0.0,0.0,0.0,0.0,1.9182958340544893,0.5545118520972888
tout,lemma,13.0,9.0,1.0,1.0,0.0,3.0,0,0.0,0.0,1.0,0.0,28.0,0.4642857142857143,0.32142857142857145,0.03571428571428571,0.03571428571428571,0.0,0.10714285714285714,0.0,0.0,0.0,0.03571428571428571,0.0,1.9005717488083727,0.5493884424739767
non,word,5.0,3.0,2.0,0.0,0.0,2.0,0,0.0,0.0,0.0,0.0,12.0,0.4166666666666667,0.25,0.16666666666666666,0.0,0.0,0.16666666666666666,0.0,0.0,0.0,0.0,0.0,1.8879185026711327,0.5457308340769579
non,lemma,5.0,3.0,2.0,0.0,0.0,2.0,0,0.0,0.0,0.0,0.0,12.0,0.4166666666666667,0.25,0.16666666666666666,0.0,0.0,0.16666666666666666,0.0,0.0,0.0,0.0,0.0,1.8879185026711327,0.5457308340769579
voir,lemma,16.0,7.0,3.0,2.0,0.0,3.0,0,0.0,0.0,0.0,0.0,31.0,0.5161290322580645,0.22580645161290322,0.0967741935483871,0.06451612903225806,0.0,0.0967741935483871,0.0,0.0,0.0,0.0,0.0,1.8844782633310633,0.5447363818896287
son,lemma,34.0,24.0,11.0,0.0,0.0,2.0,0,0.0,6.0,0.0,0.0,77.0,0.44155844155844154,0.3116883116883117,0.14285714285714285,0.0,0.0,0.025974025974025976,0.0,0.0,0.07792207792207792,0.0,0.0,1.869690963692869,0.5404618936880036
t,lemma,17.0,6.0,3.0,1.0,0.0,0.0,0,0.0,1.0,0.0,2.0,30.0,0.5666666666666667,0.2,0.1,0.03333333333333333,0.0,0.0,0.0,0.0,0.03333333333333333,0.0,0.06666666666666667,1.8485062353503128,0.5343381338690709
mec,lemma,4.0,2.0,2.0,0.0,0.0,0.0,0,0.0,0.0,0.0,1.0,9.0,0.4444444444444444,0.2222222222222222,0.2222222222222222,0.0,0.0,0.0,0.0,0.0,0.0,0.0,0.1111111111111111,1.836591668108979,0.5308940515588019
mec,word,4.0,2.0,2.0,0.0,0.0,0.0,0,0.0,0.0,0.0,1.0,9.0,0.4444444444444444,0.2222222222222222,0.2222222222222222,0.0,0.0,0.0,0.0,0.0,0.0,0.0,0.1111111111111111,1.836591668108979,0.5308940515588019
être,lemma,67.0,16.0,8.0,3.0,0.0,14.0,0,0.0,0.0,3.0,1.0,112.0,0.5982142857142857,0.14285714285714285,0.07142857142857142,0.026785714285714284,0.0,0.125,0.0,0.0,0.0,0.026785714285714284,0.008928571428571428,1.8319913535414958,0.5295642624273448
t,word,17.0,5.0,3.0,1.0,0.0,0.0,0,0.0,1.0,0.0,2.0,29.0,0.5862068965517241,0.1724137931034483,0.10344827586206896,0.034482758620689655,0.0,0.0,0.0,0.0,0.034482758620689655,0.0,0.06896551724137931,1.8286225027877085,0.5285904461693104
il,lemma,22.0,9.0,4.0,0.0,0.0,6.0,0,0.0,0.0,0.0,1.0,42.0,0.5238095238095238,0.21428571428571427,0.09523809523809523,0.0,0.0,0.14285714285714285,0.0,0.0,0.0,0.0,0.023809523809523808,1.8173984792709441,0.525345975760849
tout,word,3.0,0.0,0.0,1.0,0.0,3.0,0,0.0,0.0,1.0,0.0,8.0,0.375,0.0,0.0,0.125,0.0,0.375,0.0,0.0,0.0,0.125,0.0,1.811278124459133,0.523576796460169
croire,lemma,5.0,3.0,2.0,1.0,0.0,0.0,0,0.0,0.0,0.0,0.0,11.0,0.45454545454545453,0.2727272727272727,0.18181818181818182,0.09090909090909091,0.0,0.0,0.0,0.0,0.0,0.0,0.0,1.789929075309999,0.5174055372758225
suis,word,5.0,0.0,0.0,2.0,0.0,2.0,0,0.0,0.0,1.0,0.0,10.0,0.5,0.0,0.0,0.2,0.0,0.2,0.0,0.0,0.0,0.1,0.0,1.7609640474436812,0.5090327665263525
parce,lemma,4.0,1.0,0.0,0.0,0.0,2.0,0,0.0,0.0,1.0,0.0,8.0,0.5,0.125,0.0,0.0,0.0,0.25,0.0,0.0,0.0,0.125,0.0,1.75,0.5058634460563037
parce,word,4.0,1.0,0.0,0.0,0.0,2.0,0,0.0,0.0,1.0,0.0,8.0,0.5,0.125,0.0,0.0,0.0,0.25,0.0,0.0,0.0,0.125,0.0,1.75,0.5058634460563037
paul,word,16.0,12.0,2.0,0.0,0.0,3.0,0,0.0,0.0,0.0,1.0,34.0,0.47058823529411764,0.35294117647058826,0.058823529411764705,0.0,0.0,0.08823529411764706,0.0,0.0,0.0,0.0,0.029411764705882353,1.7411558556380649,0.5033069150023907
mon,lemma,14.0,3.0,2.0,1.0,1.0,0.0,0,0.0,0.0,1.0,0.0,22.0,0.6363636363636364,0.13636363636363635,0.09090909090909091,0.045454545454545456,0.045454545454545456,0.0,0.0,0.0,0.0,0.045454545454545456,0.0,1.7295290545023005,0.4999460157514483
mais,word,54.0,23.0,5.0,0.0,2.0,4.0,0,0.0,3.0,0.0,1.0,92.0,0.5869565217391305,0.25,0.05434782608695652,0.0,0.021739130434782608,0.043478260869565216,0.0,0.0,0.03260869565217391,0.0,0.010869565217391304,1.7282317595055032,0.499571013398516
mais,lemma,54.0,23.0,5.0,0.0,2.0,4.0,0,0.0,3.0,0.0,1.0,92.0,0.5869565217391305,0.25,0.05434782608695652,0.0,0.021739130434782608,0.043478260869565216,0.0,0.0,0.03260869565217391,0.0,0.010869565217391304,1.7282317595055032,0.499571013398516
vas,word,7.0,0.0,2.0,2.0,0.0,2.0,0,0.0,0.0,0.0,0.0,13.0,0.5384615384615384,0.0,0.15384615384615385,0.15384615384615385,0.0,0.15384615384615385,0.0,0.0,0.0,0.0,0.0,1.7272486062639207,0.4992868183774941
paul,lemma,17.0,13.0,2.0,0.0,0.0,3.0,0,0.0,0.0,0.0,1.0,36.0,0.4722222222222222,0.3611111111111111,0.05555555555555555,0.0,0.0,0.08333333333333333,0.0,0.0,0.0,0.0,0.027777777777777776,1.7158285531297168,0.4959856827017144
meme,lemma,8.0,6.0,1.0,0.0,0.0,3.0,0,0.0,0.0,0.0,0.0,18.0,0.4444444444444444,0.3333333333333333,0.05555555555555555,0.0,0.0,0.16666666666666666,0.0,0.0,0.0,0.0,0.0,1.7107770844150674,0.49452548077506403
',punctuation,119.0,27.0,14.0,2.0,3.0,13.0,0,1.0,0.0,4.0,0.0,183.0,0.6502732240437158,0.14754098360655737,0.07650273224043716,0.01092896174863388,0.01639344262295082,0.07103825136612021,0.0,0.00546448087431694,0.0,0.02185792349726776,0.0,1.695870061568944,0.4902163848051326
de,lemma,103.0,54.0,11.0,3.0,0.0,4.0,0,0.0,0.0,4.0,4.0,183.0,0.5628415300546448,0.29508196721311475,0.060109289617486336,0.01639344262295082,0.0,0.02185792349726776,0.0,0.0,0.0,0.02185792349726776,0.02185792349726776,1.68902161574922,0.4882367400037066
se,lemma,6.0,1.0,2.0,0.0,0.0,2.0,0,0.0,0.0,0.0,0.0,11.0,0.5454545454545454,0.09090909090909091,0.18181818181818182,0.0,0.0,0.18181818181818182,0.0,0.0,0.0,0.0,0.0,1.6858157091530304,0.48731002517028765
se,word,6.0,1.0,2.0,0.0,0.0,2.0,0,0.0,0.0,0.0,0.0,11.0,0.5454545454545454,0.09090909090909091,0.18181818181818182,0.0,0.0,0.18181818181818182,0.0,0.0,0.0,0.0,0.0,1.6858157091530304,0.48731002517028765
meme,word,8.0,8.0,1.0,0.0,0.0,3.0,0,0.0,0.0,0.0,0.0,20.0,0.4,0.4,0.05,0.0,0.0,0.15,0.0,0.0,0.0,0.0,0.0,1.6841837197791887,0.48683827444538547
aller,lemma,46.0,7.0,4.0,4.0,0.0,4.0,0,0.0,4.0,0.0,0.0,69.0,0.6666666666666666,0.10144927536231885,0.057971014492753624,0.057971014492753624,0.0,0.057971014492753624,0.0,0.0,0.057971014492753624,0.0,0.0,1.677577580937215,0.4849286720683985
des,word,25.0,9.0,5.0,0.0,1.0,1.0,0,0.0,0.0,1.0,0.0,42.0,0.5952380952380952,0.21428571428571427,0.11904761904761904,0.0,0.023809523809523808,0.023809523809523808,0.0,0.0,0.0,0.023809523809523808,0.0,1.6724276553552904,0.4834400097245094
de,word,86.0,46.0,7.0,3.0,0.0,2.0,0,0.0,0.0,4.0,4.0,152.0,0.5657894736842105,0.3026315789473684,0.046052631578947366,0.019736842105263157,0.0,0.013157894736842105,0.0,0.0,0.0,0.02631578947368421,0.02631578947368421,1.6614209947622058,0.4802583712918295
lui,lemma,23.0,4.0,3.0,0.0,3.0,0.0,0,0.0,1.0,1.0,0.0,35.0,0.6571428571428571,0.11428571428571428,0.08571428571428572,0.0,0.08571428571428572,0.0,0.0,0.0,0.02857142857142857,0.02857142857142857,0.0,1.6563773028410171,0.4788004173626301
pas,lemma,67.0,16.0,7.0,2.0,3.0,9.0,0,0.0,0.0,0.0,0.0,104.0,0.6442307692307693,0.15384615384615385,0.0673076923076923,0.019230769230769232,0.028846153846153848,0.08653846153846154,0.0,0.0,0.0,0.0,0.0,1.6488659418889937,0.47662914711362253
pas,word,67.0,16.0,7.0,2.0,3.0,9.0,0,0.0,0.0,0.0,0.0,104.0,0.6442307692307693,0.15384615384615385,0.0673076923076923,0.019230769230769232,0.028846153846153848,0.08653846153846154,0.0,0.0,0.0,0.0,0.0,1.6488659418889937,0.47662914711362253
vous,word,65.0,11.0,7.0,3.0,0.0,9.0,0,0.0,0.0,3.0,0.0,98.0,0.6632653061224489,0.11224489795918367,0.07142857142857142,0.030612244897959183,0.0,0.09183673469387756,0.0,0.0,0.0,0.030612244897959183,0.0,1.6432992306093839,0.4750200066844203
c'est,word,15.0,4.0,6.0,0.0,0.0,2.0,0,0.0,0.0,0.0,0.0,27.0,0.5555555555555556,0.14814814814814814,0.2222222222222222,0.0,0.0,0.07407407407407407,0.0,0.0,0.0,0.0,0.0,1.6395862451836642,0.4739467131972138
me,word,11.0,5.0,0.0,2.0,0.0,2.0,0,0.0,0.0,0.0,0.0,20.0,0.55,0.25,0.0,0.1,0.0,0.1,0.0,0.0,0.0,0.0,0.0,1.6387586809150083,0.4737074934756279
une,word,15.0,4.0,1.0,1.0,0.0,1.0,0,0.0,0.0,1.0,0.0,23.0,0.6521739130434783,0.17391304347826086,0.043478260869565216,0.043478260869565216,0.0,0.043478260869565216,0.0,0.0,0.0,0.043478260869565216,0.0,1.6277637415297184,0.47052924323184336
taire,lemma,12.0,7.0,2.0,0.0,0.0,2.0,0,0.0,0.0,0.0,0.0,23.0,0.5217391304347826,0.30434782608695654,0.08695652173913043,0.0,0.0,0.08695652173913043,0.0,0.0,0.0,0.0,0.0,1.624821327228443,0.4696786947528899
vous,lemma,67.0,11.0,7.0,3.0,0.0,9.0,0,0.0,0.0,3.0,0.0,100.0,0.67,0.11,0.07,0.03,0.0,0.09,0.0,0.0,0.0,0.03,0.0,1.6221331094008047,0.468901625533439
grave,lemma,3.0,6.0,0.0,1.0,0.0,1.0,0,0.0,0.0,0.0,0.0,11.0,0.2727272727272727,0.5454545454545454,0.0,0.09090909090909091,0.0,0.09090909090909091,0.0,0.0,0.0,0.0,0.0,1.6171895725927152,0.4674726229246125
allez,word,7.0,0.0,0.0,2.0,0.0,2.0,0,1.0,0.0,0.0,0.0,12.0,0.5833333333333334,0.0,0.0,0.16666666666666666,0.0,0.16666666666666666,0.0,0.08333333333333333,0.0,0.0,0.0,1.6140054628542204,0.46655220879607745
elle,word,18.0,4.0,2.0,0.0,3.0,0.0,0,0.0,1.0,0.0,0.0,28.0,0.6428571428571429,0.14285714285714285,0.07142857142857142,0.0,0.10714285714285714,0.0,0.0,0.0,0.03571428571428571,0.0,0.0,1.5997285817674223,0.46242526464436096
un,lemma,49.0,21.0,2.0,2.0,1.0,3.0,0,0.0,0.0,2.0,0.0,80.0,0.6125,0.2625,0.025,0.025,0.0125,0.0375,0.0,0.0,0.0,0.025,0.0,1.5954988981103293,0.4612026118726438
avoir,lemma,73.0,19.0,7.0,4.0,1.0,8.0,0,0.0,0.0,0.0,0.0,112.0,0.6517857142857143,0.16964285714285715,0.0625,0.03571428571428571,0.008928571428571428,0.07142857142857142,0.0,0.0,0.0,0.0,0.0,1.5911111719855273,0.45993427458244746
grvvv,lemma,2.0,2.0,2.0,0.0,0.0,0.0,0,0.0,0.0,0.0,0.0,6.0,0.3333333333333333,0.3333333333333333,0.3333333333333333,0.0,0.0,0.0,0.0,0.0,0.0,0.0,0.0,1.584962500721156,0.4581569099913262
suicider,word,2.0,0.0,0.0,2.0,0.0,2.0,0,0.0,0.0,0.0,0.0,6.0,0.3333333333333333,0.0,0.0,0.3333333333333333,0.0,0.3333333333333333,0.0,0.0,0.0,0.0,0.0,1.584962500721156,0.4581569099913262
sort,word,2.0,2.0,2.0,0.0,0.0,0.0,0,0.0,0.0,0.0,0.0,6.0,0.3333333333333333,0.3333333333333333,0.3333333333333333,0.0,0.0,0.0,0.0,0.0,0.0,0.0,0.0,1.584962500721156,0.4581569099913262
t'ai,word,2.0,2.0,0.0,0.0,0.0,2.0,0,0.0,0.0,0.0,0.0,6.0,0.3333333333333333,0.3333333333333333,0.0,0.0,0.0,0.3333333333333333,0.0,0.0,0.0,0.0,0.0,1.584962500721156,0.4581569099913262
toiausssi,word,2.0,2.0,2.0,0.0,0.0,0.0,0,0.0,0.0,0.0,0.0,6.0,0.3333333333333333,0.3333333333333333,0.3333333333333333,0.0,0.0,0.0,0.0,0.0,0.0,0.0,0.0,1.584962500721156,0.4581569099913262
tai,word,2.0,2.0,2.0,0.0,0.0,0.0,0,0.0,0.0,0.0,0.0,6.0,0.3333333333333333,0.3333333333333333,0.3333333333333333,0.0,0.0,0.0,0.0,0.0,0.0,0.0,0.0,1.584962500721156,0.4581569099913262
suicider,lemma,2.0,0.0,0.0,2.0,0.0,2.0,0,0.0,0.0,0.0,0.0,6.0,0.3333333333333333,0.0,0.0,0.3333333333333333,0.0,0.3333333333333333,0.0,0.0,0.0,0.0,0.0,1.584962500721156,0.4581569099913262
toiausssi,lemma,2.0,2.0,2.0,0.0,0.0,0.0,0,0.0,0.0,0.0,0.0,6.0,0.3333333333333333,0.3333333333333333,0.3333333333333333,0.0,0.0,0.0,0.0,0.0,0.0,0.0,0.0,1.584962500721156,0.4581569099913262
jvais,word,2.0,0.0,0.0,2.0,0.0,2.0,0,0.0,0.0,0.0,0.0,6.0,0.3333333333333333,0.0,0.0,0.3333333333333333,0.0,0.3333333333333333,0.0,0.0,0.0,0.0,0.0,1.584962500721156,0.4581569099913262
channgé,word,2.0,2.0,2.0,0.0,0.0,0.0,0,0.0,0.0,0.0,0.0,6.0,0.3333333333333333,0.3333333333333333,0.3333333333333333,0.0,0.0,0.0,0.0,0.0,0.0,0.0,0.0,1.584962500721156,0.4581569099913262
sort,lemma,2.0,2.0,2.0,0.0,0.0,0.0,0,0.0,0.0,0.0,0.0,6.0,0.3333333333333333,0.3333333333333333,0.3333333333333333,0.0,0.0,0.0,0.0,0.0,0.0,0.0,0.0,1.584962500721156,0.4581569099913262
grvvv,word,2.0,2.0,2.0,0.0,0.0,0.0,0,0.0,0.0,0.0,0.0,6.0,0.3333333333333333,0.3333333333333333,0.3333333333333333,0.0,0.0,0.0,0.0,0.0,0.0,0.0,0.0,1.584962500721156,0.4581569099913262
channger,lemma,2.0,2.0,2.0,0.0,0.0,0.0,0,0.0,0.0,0.0,0.0,6.0,0.3333333333333333,0.3333333333333333,0.3333333333333333,0.0,0.0,0.0,0.0,0.0,0.0,0.0,0.0,1.584962500721156,0.4581569099913262
ptdrrr,lemma,2.0,2.0,2.0,0.0,0.0,0.0,0,0.0,0.0,0.0,0.0,6.0,0.3333333333333333,0.3333333333333333,0.3333333333333333,0.0,0.0,0.0,0.0,0.0,0.0,0.0,0.0,1.584962500721156,0.4581569099913262
ptdrrr,word,2.0,2.0,2.0,0.0,0.0,0.0,0,0.0,0.0,0.0,0.0,6.0,0.3333333333333333,0.3333333333333333,0.3333333333333333,0.0,0.0,0.0,0.0,0.0,0.0,0.0,0.0,1.584962500721156,0.4581569099913262
croyais,word,2.0,2.0,2.0,0.0,0.0,0.0,0,0.0,0.0,0.0,0.0,6.0,0.3333333333333333,0.3333333333333333,0.3333333333333333,0.0,0.0,0.0,0.0,0.0,0.0,0.0,0.0,1.584962500721156,0.4581569099913262
jvai,lemma,2.0,0.0,0.0,2.0,0.0,2.0,0,0.0,0.0,0.0,0.0,6.0,0.3333333333333333,0.0,0.0,0.3333333333333333,0.0,0.3333333333333333,0.0,0.0,0.0,0.0,0.0,1.584962500721156,0.4581569099913262
photos,word,7.0,4.0,0.0,0.0,1.0,0.0,0,0.0,0.0,1.0,0.0,13.0,0.5384615384615384,0.3076923076923077,0.0,0.0,0.07692307692307693,0.0,0.0,0.0,0.0,0.07692307692307693,0.0,1.573402452417767,0.4548153066362806
tu,word,66.0,20.0,5.0,4.0,0.0,6.0,0,0.0,1.0,0.0,0.0,102.0,0.6470588235294118,0.19607843137254902,0.049019607843137254,0.0392156862745098,0.0,0.058823529411764705,0.0,0.0,0.00980392156862745,0.0,0.0,1.569601917911016,0.45371670578917156
me,lemma,11.0,3.0,0.0,2.0,0.0,2.0,0,0.0,0.0,0.0,0.0,18.0,0.6111111111111112,0.16666666666666666,0.0,0.1111111111111111,0.0,0.1111111111111111,0.0,0.0,0.0,0.0,0.0,1.5694452621548822,0.453671422120233
jte,lemma,3.0,3.0,2.0,0.0,0.0,0.0,0,0.0,0.0,0.0,0.0,8.0,0.375,0.375,0.25,0.0,0.0,0.0,0.0,0.0,0.0,0.0,0.0,1.561278124459133,0.45131058988069694
jte,word,3.0,3.0,2.0,0.0,0.0,0.0,0,0.0,0.0,0.0,0.0,8.0,0.375,0.375,0.25,0.0,0.0,0.0,0.0,0.0,0.0,0.0,0.0,1.561278124459133,0.45131058988069694
tai,lemma,3.0,2.0,2.0,0.0,0.0,0.0,0,0.0,0.0,0.0,0.0,7.0,0.42857142857142855,0.2857142857142857,0.2857142857142857,0.0,0.0,0.0,0.0,0.0,0.0,0.0,0.0,1.5566567074628228,0.44997470077931606
son,word,5.0,4.0,3.0,0.0,0.0,0.0,0,0.0,0.0,0.0,0.0,12.0,0.4166666666666667,0.3333333333333333,0.25,0.0,0.0,0.0,0.0,0.0,0.0,0.0,0.0,1.5545851693377994,0.44937589197099526
quand,word,8.0,2.0,1.0,0.0,0.0,0.0,0,0.0,2.0,0.0,0.0,13.0,0.6153846153846154,0.15384615384615385,0.07692307692307693,0.0,0.0,0.0,0.0,0.0,0.15384615384615385,0.0,0.0,1.5465935642949382,0.4470658000472794
quand,lemma,8.0,2.0,1.0,0.0,0.0,0.0,0,0.0,2.0,0.0,0.0,13.0,0.6153846153846154,0.15384615384615385,0.07692307692307693,0.0,0.0,0.0,0.0,0.0,0.15384615384615385,0.0,0.0,1.5465935642949382,0.4470658000472794
",",punctuation,28.0,3.0,2.0,2.0,0.0,4.0,0,0.0,0.0,1.0,0.0,40.0,0.7,0.075,0.05,0.05,0.0,0.1,0.0,0.0,0.0,0.025,0.0,1.537907461892953,0.44455495336507017
photo,lemma,8.0,5.0,0.0,0.0,1.0,0.0,0,0.0,0.0,1.0,0.0,15.0,0.5333333333333333,0.3333333333333333,0.0,0.0,0.06666666666666667,0.0,0.0,0.0,0.0,0.06666666666666667,0.0,1.532914563979398,0.4431116821968655
je,word,42.0,4.0,3.0,2.0,0.0,6.0,0,1.0,0.0,1.0,0.0,59.0,0.711864406779661,0.06779661016949153,0.05084745762711865,0.03389830508474576,0.0,0.1016949152542373,0.0,0.01694915254237288,0.0,0.01694915254237288,0.0,1.5310838245618696,0.44258247982510435
je,lemma,42.0,4.0,3.0,2.0,0.0,6.0,0,1.0,0.0,1.0,0.0,59.0,0.711864406779661,0.06779661016949153,0.05084745762711865,0.03389830508474576,0.0,0.1016949152542373,0.0,0.01694915254237288,0.0,0.01694915254237288,0.0,1.5310838245618696,0.44258247982510435
est,word,11.0,3.0,1.0,0.0,0.0,3.0,0,0.0,0.0,0.0,0.0,18.0,0.6111111111111112,0.16666666666666666,0.05555555555555555,0.0,0.0,0.16666666666666666,0.0,0.0,0.0,0.0,0.0,1.5275070675902451,0.4415485651923204
tomber,lemma,2.0,0.0,0.0,0.0,0.0,2.0,0,0.0,0.0,0.0,1.0,5.0,0.4,0.0,0.0,0.0,0.0,0.4,0.0,0.0,0.0,0.0,0.2,1.5219280948873621,0.43993588041692927
tomber,word,2.0,0.0,0.0,0.0,0.0,2.0,0,0.0,0.0,0.0,1.0,5.0,0.4,0.0,0.0,0.0,0.0,0.4,0.0,0.0,0.0,0.0,0.2,1.5219280948873621,0.43993588041692927
voile,word,1.0,2.0,2.0,0.0,0.0,0.0,0,0.0,0.0,0.0,0.0,5.0,0.2,0.4,0.4,0.0,0.0,0.0,0.0,0.0,0.0,0.0,0.0,1.5219280948873621,0.43993588041692927
sai,lemma,2.0,2.0,1.0,0.0,0.0,0.0,0,0.0,0.0,0.0,0.0,5.0,0.4,0.4,0.2,0.0,0.0,0.0,0.0,0.0,0.0,0.0,0.0,1.5219280948873621,0.43993588041692927
sais,word,2.0,2.0,1.0,0.0,0.0,0.0,0,0.0,0.0,0.0,0.0,5.0,0.4,0.4,0.2,0.0,0.0,0.0,0.0,0.0,0.0,0.0,0.0,1.5219280948873621,0.43993588041692927
sont,word,2.0,0.0,0.0,0.0,0.0,2.0,0,0.0,0.0,0.0,1.0,5.0,0.4,0.0,0.0,0.0,0.0,0.4,0.0,0.0,0.0,0.0,0.2,1.5219280948873621,0.43993588041692927
voile,lemma,1.0,2.0,2.0,0.0,0.0,0.0,0,0.0,0.0,0.0,0.0,5.0,0.2,0.4,0.4,0.0,0.0,0.0,0.0,0.0,0.0,0.0,0.0,1.5219280948873621,0.43993588041692927
avoir,word,4.0,0.0,0.0,2.0,0.0,2.0,0,0.0,0.0,0.0,0.0,8.0,0.5,0.0,0.0,0.25,0.0,0.25,0.0,0.0,0.0,0.0,0.0,1.5,0.43359723947683176
pd,word,4.0,2.0,2.0,0.0,0.0,0.0,0,0.0,0.0,0.0,0.0,8.0,0.5,0.25,0.25,0.0,0.0,0.0,0.0,0.0,0.0,0.0,0.0,1.5,0.43359723947683176
pd,lemma,4.0,2.0,2.0,0.0,0.0,0.0,0,0.0,0.0,0.0,0.0,8.0,0.5,0.25,0.25,0.0,0.0,0.0,0.0,0.0,0.0,0.0,0.0,1.5,0.43359723947683176
tu,lemma,54.0,13.0,3.0,4.0,0.0,4.0,0,0.0,1.0,0.0,0.0,79.0,0.6835443037974683,0.16455696202531644,0.0379746835443038,0.05063291139240506,0.0,0.05063291139240506,0.0,0.0,0.012658227848101266,0.0,0.0,1.4984069639388122,0.4331367487844864
arthur,word,5.0,4.0,2.0,0.0,0.0,0.0,0,0.0,0.0,0.0,0.0,11.0,0.45454545454545453,0.36363636363636365,0.18181818181818182,0.0,0.0,0.0,0.0,0.0,0.0,0.0,0.0,1.4949188482339508,0.43212845722408394
arthur,lemma,5.0,4.0,2.0,0.0,0.0,0.0,0,0.0,0.0,0.0,0.0,11.0,0.45454545454545453,0.36363636363636365,0.18181818181818182,0.0,0.0,0.0,0.0,0.0,0.0,0.0,0.0,1.4949188482339508,0.43212845722408394
votre,word,7.0,1.0,0.0,0.0,0.0,1.0,0,0.0,0.0,2.0,0.0,11.0,0.6363636363636364,0.09090909090909091,0.0,0.0,0.0,0.09090909090909091,0.0,0.0,0.0,0.18181818181818182,0.0,1.4911148500551854,0.4310288551512256
du,word,5.0,3.0,0.0,0.0,0.0,2.0,0,0.0,0.0,0.0,0.0,10.0,0.5,0.3,0.0,0.0,0.0,0.2,0.0,0.0,0.0,0.0,0.0,1.4854752972273344,0.42939865879253225
va,word,20.0,5.0,2.0,0.0,0.0,0.0,0,0.0,4.0,0.0,0.0,31.0,0.6451612903225806,0.16129032258064516,0.06451612903225806,0.0,0.0,0.0,0.0,0.0,0.12903225806451613,0.0,0.0,1.4687704274131959,0.4245698685010454
par,lemma,3.0,2.0,1.0,0.0,0.0,0.0,0,0.0,0.0,0.0,0.0,6.0,0.5,0.3333333333333333,0.16666666666666666,0.0,0.0,0.0,0.0,0.0,0.0,0.0,0.0,1.4591479170272448,0.42178833920758835
voit,word,3.0,2.0,0.0,0.0,0.0,1.0,0,0.0,0.0,0.0,0.0,6.0,0.5,0.3333333333333333,0.0,0.0,0.0,0.16666666666666666,0.0,0.0,0.0,0.0,0.0,1.4591479170272448,0.42178833920758835
etait,word,3.0,0.0,2.0,0.0,0.0,0.0,0,0.0,0.0,1.0,0.0,6.0,0.5,0.0,0.3333333333333333,0.0,0.0,0.0,0.0,0.0,0.0,0.16666666666666666,0.0,1.4591479170272448,0.42178833920758835
eter,lemma,3.0,0.0,2.0,0.0,0.0,0.0,0,0.0,0.0,1.0,0.0,6.0,0.5,0.0,0.3333333333333333,0.0,0.0,0.0,0.0,0.0,0.0,0.16666666666666666,0.0,1.4591479170272448,0.42178833920758835
mérite,word,6.0,0.0,2.0,0.0,0.0,4.0,0,0.0,0.0,0.0,0.0,12.0,0.5,0.0,0.16666666666666666,0.0,0.0,0.3333333333333333,0.0,0.0,0.0,0.0,0.0,1.4591479170272446,0.4217883392075883
montre,lemma,1.0,3.0,2.0,0.0,0.0,0.0,0,0.0,0.0,0.0,0.0,6.0,0.16666666666666666,0.5,0.3333333333333333,0.0,0.0,0.0,0.0,0.0,0.0,0.0,0.0,1.4591479170272446,0.4217883392075883
montre,word,1.0,3.0,2.0,0.0,0.0,0.0,0,0.0,0.0,0.0,0.0,6.0,0.16666666666666666,0.5,0.3333333333333333,0.0,0.0,0.0,0.0,0.0,0.0,0.0,0.0,1.4591479170272446,0.4217883392075883
devoir,lemma,3.0,0.0,0.0,1.0,0.0,0.0,0,0.0,2.0,0.0,0.0,6.0,0.5,0.0,0.0,0.16666666666666666,0.0,0.0,0.0,0.0,0.3333333333333333,0.0,0.0,1.4591479170272446,0.4217883392075883
cu,word,1.0,3.0,2.0,0.0,0.0,0.0,0,0.0,0.0,0.0,0.0,6.0,0.16666666666666666,0.5,0.3333333333333333,0.0,0.0,0.0,0.0,0.0,0.0,0.0,0.0,1.4591479170272446,0.4217883392075883
cu,lemma,1.0,3.0,2.0,0.0,0.0,0.0,0,0.0,0.0,0.0,0.0,6.0,0.16666666666666666,0.5,0.3333333333333333,0.0,0.0,0.0,0.0,0.0,0.0,0.0,0.0,1.4591479170272446,0.4217883392075883
mérite,lemma,6.0,0.0,2.0,0.0,0.0,4.0,0,0.0,0.0,0.0,0.0,12.0,0.5,0.0,0.16666666666666666,0.0,0.0,0.3333333333333333,0.0,0.0,0.0,0.0,0.0,1.4591479170272446,0.4217883392075883
faut,word,3.0,0.0,1.0,0.0,2.0,0.0,0,0.0,0.0,0.0,0.0,6.0,0.5,0.0,0.16666666666666666,0.0,0.3333333333333333,0.0,0.0,0.0,0.0,0.0,0.0,1.4591479170272446,0.4217883392075883
en,word,20.0,6.0,3.0,0.0,0.0,0.0,0,0.0,2.0,0.0,0.0,31.0,0.6451612903225806,0.1935483870967742,0.0967741935483871,0.0,0.0,0.0,0.0,0.0,0.06451612903225806,0.0,0.0,1.447640684443725,0.4184620030194337
ça,word,19.0,3.0,1.0,0.0,2.0,2.0,0,0.0,0.0,0.0,0.0,27.0,0.7037037037037037,0.1111111111111111,0.037037037037037035,0.0,0.07407407407407407,0.07407407407407407,0.0,0.0,0.0,0.0,0.0,1.4413500852156318,0.4166436120461295
a,word,49.0,13.0,6.0,1.0,0.0,4.0,0,0.0,0.0,0.0,0.0,73.0,0.6712328767123288,0.1780821917808219,0.0821917808219178,0.0136986301369863,0.0,0.0547945205479452,0.0,0.0,0.0,0.0,0.0,1.4400125903621221,0.4162569893285986
arrêter,word,6.0,3.0,0.0,0.0,0.0,2.0,0,0.0,0.0,0.0,0.0,11.0,0.5454545454545454,0.2727272727272727,0.0,0.0,0.0,0.18181818181818182,0.0,0.0,0.0,0.0,0.0,1.4353713907745331,0.41491538177590553
faire,lemma,28.0,7.0,3.0,1.0,0.0,2.0,0,0.0,0.0,0.0,0.0,41.0,0.6829268292682927,0.17073170731707318,0.07317073170731707,0.024390243902439025,0.0,0.04878048780487805,0.0,0.0,0.0,0.0,0.0,1.4304224979307762,0.41348483092555915
êtes,word,8.0,1.0,0.0,1.0,0.0,2.0,0,0.0,0.0,0.0,0.0,12.0,0.6666666666666666,0.08333333333333333,0.0,0.08333333333333333,0.0,0.16666666666666666,0.0,0.0,0.0,0.0,0.0,1.4182958340544896,0.40997943893834493
laisse,word,8.0,0.0,1.0,0.0,0.0,2.0,0,0.0,0.0,0.0,1.0,12.0,0.6666666666666666,0.0,0.08333333333333333,0.0,0.0,0.16666666666666666,0.0,0.0,0.0,0.0,0.08333333333333333,1.4182958340544896,0.40997943893834493
en,lemma,31.0,9.0,3.0,0.0,0.0,0.0,0,0.0,2.0,1.0,0.0,46.0,0.6739130434782609,0.1956521739130435,0.06521739130434782,0.0,0.0,0.0,0.0,0.0,0.043478260869565216,0.021739130434782608,0.0,1.4178163443801126,0.4098408353388999
ca,word,13.0,2.0,0.0,0.0,0.0,4.0,0,0.0,1.0,0.0,0.0,20.0,0.65,0.1,0.0,0.0,0.0,0.2,0.0,0.0,0.05,0.0,0.0,1.4166422780956522,0.4095014540722967
ca,lemma,13.0,2.0,0.0,0.0,0.0,4.0,0,0.0,1.0,0.0,0.0,20.0,0.65,0.1,0.0,0.0,0.0,0.2,0.0,0.0,0.05,0.0,0.0,1.4166422780956522,0.4095014540722967
personne,lemma,4.0,0.0,0.0,1.0,0.0,3.0,0,0.0,0.0,0.0,0.0,8.0,0.5,0.0,0.0,0.125,0.0,0.375,0.0,0.0,0.0,0.0,0.0,1.4056390622295665,0.40632081138902837
cela,lemma,18.0,2.0,1.0,0.0,2.0,2.0,0,0.0,0.0,0.0,0.0,25.0,0.72,0.08,0.04,0.0,0.08,0.08,0.0,0.0,0.0,0.0,0.0,1.4015101887362598,0.4051272992897972
bon,lemma,13.0,2.0,0.0,0.0,0.0,2.0,0,2.0,0.0,0.0,0.0,19.0,0.6842105263157895,0.10526315789473684,0.0,0.0,0.0,0.10526315789473684,0.0,0.10526315789473684,0.0,0.0,0.0,1.4002582326102067,0.404765402809662
bon,word,13.0,2.0,0.0,0.0,0.0,2.0,0,2.0,0.0,0.0,0.0,19.0,0.6842105263157895,0.10526315789473684,0.0,0.0,0.0,0.10526315789473684,0.0,0.10526315789473684,0.0,0.0,0.0,1.4002582326102067,0.404765402809662
rien,word,22.0,2.0,0.0,2.0,0.0,9.0,0,0.0,0.0,0.0,0.0,35.0,0.6285714285714286,0.05714285714285714,0.0,0.05714285714285714,0.0,0.2571428571428571,0.0,0.0,0.0,0.0,0.0,1.3968024277163564,0.4037664511682327
rien,lemma,22.0,2.0,0.0,2.0,0.0,9.0,0,0.0,0.0,0.0,0.0,35.0,0.6285714285714286,0.05714285714285714,0.0,0.05714285714285714,0.0,0.2571428571428571,0.0,0.0,0.0,0.0,0.0,1.3968024277163564,0.4037664511682327
le,lemma,163.0,61.0,13.0,4.0,0.0,5.0,0,0.0,1.0,0.0,1.0,248.0,0.657258064516129,0.24596774193548387,0.05241935483870968,0.016129032258064516,0.0,0.020161290322580645,0.0,0.0,0.004032258064516129,0.0,0.004032258064516129,1.3923696025591625,0.40248507733407085
frr,word,4.0,4.0,0.0,0.0,0.0,0.0,0,0.0,0.0,0.0,1.0,9.0,0.4444444444444444,0.4444444444444444,0.0,0.0,0.0,0.0,0.0,0.0,0.0,0.0,0.1111111111111111,1.3921472236645345,0.4024207954175184
frr,lemma,4.0,4.0,0.0,0.0,0.0,0.0,0,0.0,0.0,0.0,1.0,9.0,0.4444444444444444,0.4444444444444444,0.0,0.0,0.0,0.0,0.0,0.0,0.0,0.0,0.1111111111111111,1.3921472236645345,0.4024207954175184
l,word,4.0,4.0,0.0,1.0,0.0,0.0,0,0.0,0.0,0.0,0.0,9.0,0.4444444444444444,0.4444444444444444,0.0,0.1111111111111111,0.0,0.0,0.0,0.0,0.0,0.0,0.0,1.3921472236645345,0.4024207954175184
l,lemma,4.0,4.0,0.0,1.0,0.0,0.0,0,0.0,0.0,0.0,0.0,9.0,0.4444444444444444,0.4444444444444444,0.0,0.1111111111111111,0.0,0.0,0.0,0.0,0.0,0.0,0.0,1.3921472236645345,0.4024207954175184
quoi,word,33.0,4.0,3.0,0.0,1.0,1.0,0,0.0,1.0,0.0,1.0,44.0,0.75,0.09090909090909091,0.06818181818181818,0.0,0.022727272727272728,0.022727272727272728,0.0,0.0,0.022727272727272728,0.0,0.022727272727272728,1.386252222251106,0.40071675785780203
quoi,lemma,33.0,4.0,3.0,0.0,1.0,1.0,0,0.0,1.0,0.0,1.0,44.0,0.75,0.09090909090909091,0.06818181818181818,0.0,0.022727272727272728,0.022727272727272728,0.0,0.0,0.022727272727272728,0.0,0.022727272727272728,1.386252222251106,0.40071675785780203
la,word,99.0,26.0,8.0,3.0,0.0,5.0,0,0.0,1.0,0.0,0.0,142.0,0.6971830985915493,0.18309859154929578,0.056338028169014086,0.02112676056338028,0.0,0.035211267605633804,0.0,0.0,0.007042253521126761,0.0,0.0,1.382970598123344,0.39976815574926994
le,word,25.0,15.0,3.0,1.0,0.0,0.0,0,0.0,0.0,0.0,0.0,44.0,0.5681818181818182,0.3409090909090909,0.06818181818181818,0.022727272727272728,0.0,0.0,0.0,0.0,0.0,0.0,0.0,1.3809168190768573,0.3991744804659019
jamais,word,4.0,2.0,0.0,0.0,0.0,1.0,0,0.0,0.0,0.0,0.0,7.0,0.5714285714285714,0.2857142857142857,0.0,0.0,0.0,0.14285714285714285,0.0,0.0,0.0,0.0,0.0,1.3787834934861753,0.39855781107455196
arrêter,lemma,8.0,4.0,0.0,0.0,0.0,2.0,0,0.0,0.0,0.0,0.0,14.0,0.5714285714285714,0.2857142857142857,0.0,0.0,0.0,0.14285714285714285,0.0,0.0,0.0,0.0,0.0,1.3787834934861753,0.39855781107455196
qu'il,word,4.0,1.0,2.0,0.0,0.0,0.0,0,0.0,0.0,0.0,0.0,7.0,0.5714285714285714,0.14285714285714285,0.2857142857142857,0.0,0.0,0.0,0.0,0.0,0.0,0.0,0.0,1.3787834934861753,0.39855781107455196
falloir,lemma,4.0,0.0,1.0,0.0,2.0,0.0,0,0.0,0.0,0.0,0.0,7.0,0.5714285714285714,0.0,0.14285714285714285,0.0,0.2857142857142857,0.0,0.0,0.0,0.0,0.0,0.0,1.3787834934861753,0.39855781107455196
trop,word,4.0,0.0,2.0,0.0,0.0,0.0,0,0.0,0.0,0.0,1.0,7.0,0.5714285714285714,0.0,0.2857142857142857,0.0,0.0,0.0,0.0,0.0,0.0,0.0,0.14285714285714285,1.3787834934861753,0.39855781107455196
jamais,lemma,4.0,2.0,0.0,0.0,0.0,1.0,0,0.0,0.0,0.0,0.0,7.0,0.5714285714285714,0.2857142857142857,0.0,0.0,0.0,0.14285714285714285,0.0,0.0,0.0,0.0,0.0,1.3787834934861753,0.39855781107455196
trop,lemma,4.0,0.0,2.0,0.0,0.0,0.0,0,0.0,0.0,0.0,1.0,7.0,0.5714285714285714,0.0,0.2857142857142857,0.0,0.0,0.0,0.0,0.0,0.0,0.0,0.14285714285714285,1.3787834934861753,0.39855781107455196
ici,lemma,4.0,2.0,1.0,0.0,0.0,0.0,0,0.0,0.0,0.0,0.0,7.0,0.5714285714285714,0.2857142857142857,0.14285714285714285,0.0,0.0,0.0,0.0,0.0,0.0,0.0,0.0,1.3787834934861753,0.39855781107455196
pouvoir,lemma,4.0,2.0,0.0,0.0,0.0,1.0,0,0.0,0.0,0.0,0.0,7.0,0.5714285714285714,0.2857142857142857,0.0,0.0,0.0,0.14285714285714285,0.0,0.0,0.0,0.0,0.0,1.3787834934861753,0.39855781107455196
ici,word,4.0,2.0,1.0,0.0,0.0,0.0,0,0.0,0.0,0.0,0.0,7.0,0.5714285714285714,0.2857142857142857,0.14285714285714285,0.0,0.0,0.0,0.0,0.0,0.0,0.0,0.0,1.3787834934861753,0.39855781107455196
et,word,57.0,16.0,2.0,2.0,0.0,4.0,0,0.0,0.0,1.0,0.0,82.0,0.6951219512195121,0.1951219512195122,0.024390243902439025,0.024390243902439025,0.0,0.04878048780487805,0.0,0.0,0.0,0.012195121951219513,0.0,1.3761528484303978,0.3977973841183996
et,lemma,57.0,16.0,2.0,2.0,0.0,4.0,0,0.0,0.0,1.0,0.0,82.0,0.6951219512195121,0.1951219512195122,0.024390243902439025,0.024390243902439025,0.0,0.04878048780487805,0.0,0.0,0.0,0.012195121951219513,0.0,1.3761528484303978,0.3977973841183996
juif,lemma,10.0,3.0,0.0,1.0,0.0,1.0,0,0.0,0.0,0.0,0.0,15.0,0.6666666666666666,0.2,0.0,0.06666666666666667,0.0,0.06666666666666667,0.0,0.0,0.0,0.0,0.0,1.3752793655393791,0.39754489093821566
que,word,37.0,11.0,6.0,0.0,0.0,2.0,0,0.0,0.0,0.0,0.0,56.0,0.6607142857142857,0.19642857142857142,0.10714285714285714,0.0,0.0,0.03571428571428571,0.0,0.0,0.0,0.0,0.0,1.3731888981717408,0.39694061035166606
que,lemma,37.0,11.0,6.0,0.0,0.0,2.0,0,0.0,0.0,0.0,0.0,56.0,0.6607142857142857,0.19642857142857142,0.10714285714285714,0.0,0.0,0.03571428571428571,0.0,0.0,0.0,0.0,0.0,1.3731888981717408,0.39694061035166606
plus,lemma,3.0,1.0,1.0,0.0,0.0,0.0,0,0.0,0.0,0.0,0.0,5.0,0.6,0.2,0.2,0.0,0.0,0.0,0.0,0.0,0.0,0.0,0.0,1.3709505944546687,0.39629359547644394
penser,lemma,3.0,1.0,1.0,0.0,0.0,0.0,0,0.0,0.0,0.0,0.0,5.0,0.6,0.2,0.2,0.0,0.0,0.0,0.0,0.0,0.0,0.0,0.0,1.3709505944546687,0.39629359547644394
ce,word,12.0,4.0,4.0,0.0,0.0,0.0,0,0.0,0.0,0.0,0.0,20.0,0.6,0.2,0.2,0.0,0.0,0.0,0.0,0.0,0.0,0.0,0.0,1.3709505944546687,0.39629359547644394
plus,word,3.0,1.0,1.0,0.0,0.0,0.0,0,0.0,0.0,0.0,0.0,5.0,0.6,0.2,0.2,0.0,0.0,0.0,0.0,0.0,0.0,0.0,0.0,1.3709505944546687,0.39629359547644394
qu'elle,word,3.0,0.0,1.0,0.0,0.0,0.0,0,0.0,0.0,1.0,0.0,5.0,0.6,0.0,0.2,0.0,0.0,0.0,0.0,0.0,0.0,0.2,0.0,1.3709505944546687,0.39629359547644394
j,lemma,3.0,1.0,0.0,0.0,1.0,0.0,0,0.0,0.0,0.0,0.0,5.0,0.6,0.2,0.0,0.0,0.2,0.0,0.0,0.0,0.0,0.0,0.0,1.3709505944546687,0.39629359547644394
j,word,3.0,1.0,0.0,0.0,1.0,0.0,0,0.0,0.0,0.0,0.0,5.0,0.6,0.2,0.0,0.0,0.2,0.0,0.0,0.0,0.0,0.0,0.0,1.3709505944546687,0.39629359547644394
cul,lemma,3.0,1.0,1.0,0.0,0.0,0.0,0,0.0,0.0,0.0,0.0,5.0,0.6,0.2,0.2,0.0,0.0,0.0,0.0,0.0,0.0,0.0,0.0,1.3709505944546687,0.39629359547644394
cul,word,3.0,1.0,1.0,0.0,0.0,0.0,0,0.0,0.0,0.0,0.0,5.0,0.6,0.2,0.2,0.0,0.0,0.0,0.0,0.0,0.0,0.0,0.0,1.3709505944546687,0.39629359547644394
aimer,lemma,6.0,2.0,0.0,0.0,0.0,2.0,0,0.0,0.0,0.0,0.0,10.0,0.6,0.2,0.0,0.0,0.0,0.2,0.0,0.0,0.0,0.0,0.0,1.3709505944546687,0.39629359547644394
ils,word,5.0,0.0,0.0,0.0,0.0,4.0,0,0.0,0.0,0.0,1.0,10.0,0.5,0.0,0.0,0.0,0.0,0.4,0.0,0.0,0.0,0.0,0.1,1.3609640474436813,0.3934068359991974
il,word,10.0,8.0,0.0,0.0,0.0,2.0,0,0.0,0.0,0.0,0.0,20.0,0.5,0.4,0.0,0.0,0.0,0.1,0.0,0.0,0.0,0.0,0.0,1.3609640474436813,0.3934068359991974
juive,word,7.0,1.0,0.0,1.0,0.0,1.0,0,0.0,0.0,0.0,0.0,10.0,0.7,0.1,0.0,0.1,0.0,0.1,0.0,0.0,0.0,0.0,0.0,1.3567796494470397,0.3921972737190533
ou,word,7.0,1.0,0.0,1.0,1.0,0.0,0,0.0,0.0,0.0,0.0,10.0,0.7,0.1,0.0,0.1,0.1,0.0,0.0,0.0,0.0,0.0,0.0,1.3567796494470397,0.3921972737190533
laisse,lemma,9.0,0.0,1.0,0.0,0.0,2.0,0,0.0,0.0,0.0,1.0,13.0,0.6923076923076923,0.0,0.07692307692307693,0.0,0.0,0.15384615384615385,0.0,0.0,0.0,0.0,0.07692307692307693,1.3520301017579528,0.3908243465412189
dit,word,5.0,3.0,1.0,0.0,0.0,0.0,0,0.0,0.0,0.0,0.0,9.0,0.5555555555555556,0.3333333333333333,0.1111111111111111,0.0,0.0,0.0,0.0,0.0,0.0,0.0,0.0,1.3516441151533922,0.39071277139041055
ce,lemma,13.0,4.0,4.0,0.0,0.0,0.0,0,0.0,0.0,0.0,0.0,21.0,0.6190476190476191,0.19047619047619047,0.19047619047619047,0.0,0.0,0.0,0.0,0.0,0.0,0.0,0.0,1.3396642639295127,0.38724981777706563
tes,word,6.0,4.0,1.0,0.0,0.0,0.0,0,0.0,0.0,0.0,0.0,11.0,0.5454545454545454,0.36363636363636365,0.09090909090909091,0.0,0.0,0.0,0.0,0.0,0.0,0.0,0.0,1.3221793455166666,0.3821955428728739
à,lemma,18.0,4.0,1.0,1.0,0.0,1.0,0,0.0,0.0,0.0,0.0,25.0,0.72,0.16,0.04,0.04,0.0,0.04,0.0,0.0,0.0,0.0,0.0,1.32151018873626,0.38200211318436617
fait,word,7.0,0.0,2.0,0.0,0.0,2.0,0,0.0,0.0,0.0,0.0,11.0,0.6363636363636364,0.0,0.18181818181818182,0.0,0.0,0.18181818181818182,0.0,0.0,0.0,0.0,0.0,1.3092966682370037,0.3784716140025187
fou,word,5.0,2.0,0.0,0.0,0.0,0.0,0,0.0,0.0,1.0,0.0,8.0,0.625,0.25,0.0,0.0,0.0,0.0,0.0,0.0,0.0,0.125,0.0,1.2987949406953985,0.3754359339546668
sur,word,5.0,2.0,1.0,0.0,0.0,0.0,0,0.0,0.0,0.0,0.0,8.0,0.625,0.25,0.125,0.0,0.0,0.0,0.0,0.0,0.0,0.0,0.0,1.2987949406953985,0.3754359339546668
même,word,5.0,2.0,0.0,0.0,0.0,0.0,0,0.0,0.0,0.0,1.0,8.0,0.625,0.25,0.0,0.0,0.0,0.0,0.0,0.0,0.0,0.0,0.125,1.2987949406953985,0.3754359339546668
même,lemma,5.0,2.0,0.0,0.0,0.0,0.0,0,0.0,0.0,0.0,1.0,8.0,0.625,0.25,0.0,0.0,0.0,0.0,0.0,0.0,0.0,0.0,0.125,1.2987949406953985,0.3754359339546668
sur,lemma,5.0,2.0,1.0,0.0,0.0,0.0,0,0.0,0.0,0.0,0.0,8.0,0.625,0.25,0.125,0.0,0.0,0.0,0.0,0.0,0.0,0.0,0.0,1.2987949406953985,0.3754359339546668
vouloir,lemma,16.0,7.0,0.0,0.0,0.0,1.0,0,0.0,1.0,0.0,0.0,25.0,0.64,0.28,0.0,0.0,0.0,0.04,0.0,0.0,0.04,0.0,0.0,1.2977968115985956,0.37514740994065665
à,word,17.0,3.0,1.0,1.0,0.0,1.0,0,0.0,0.0,0.0,0.0,23.0,0.7391304347826086,0.13043478260869565,0.043478260869565216,0.043478260869565216,0.0,0.043478260869565216,0.0,0.0,0.0,0.0,0.0,1.295659529821394,0.3745295969549375
personne,word,6.0,0.0,0.0,1.0,0.0,3.0,0,0.0,0.0,0.0,0.0,10.0,0.6,0.0,0.0,0.1,0.0,0.3,0.0,0.0,0.0,0.0,0.0,1.295461844238322,0.3744724530062012
si,word,23.0,1.0,1.0,3.0,0.0,3.0,0,0.0,0.0,0.0,0.0,31.0,0.7419354838709677,0.03225806451612903,0.03225806451612903,0.0967741935483871,0.0,0.0967741935483871,0.0,0.0,0.0,0.0,0.0,1.2912382460759644,0.3732515593369628
si,lemma,23.0,1.0,1.0,3.0,0.0,3.0,0,0.0,0.0,0.0,0.0,31.0,0.7419354838709677,0.03225806451612903,0.03225806451612903,0.0967741935483871,0.0,0.0967741935483871,0.0,0.0,0.0,0.0,0.0,1.2912382460759644,0.3732515593369628
c,lemma,23.0,10.0,4.0,0.0,0.0,0.0,0,0.0,0.0,0.0,0.0,37.0,0.6216216216216216,0.2702702702702703,0.10810810810810811,0.0,0.0,0.0,0.0,0.0,0.0,0.0,0.0,1.283474826759087,0.3710074278804967
c,word,23.0,10.0,4.0,0.0,0.0,0.0,0,0.0,0.0,0.0,0.0,37.0,0.6216216216216216,0.2702702702702703,0.10810810810810811,0.0,0.0,0.0,0.0,0.0,0.0,0.0,0.0,1.283474826759087,0.3710074278804967
gros,word,13.0,15.0,0.0,0.0,0.0,2.0,0,0.0,0.0,0.0,0.0,30.0,0.43333333333333335,0.5,0.0,0.0,0.0,0.06666666666666667,0.0,0.0,0.0,0.0,0.0,1.2832547532764529,0.3709438123774619
ou,lemma,8.0,1.0,0.0,1.0,1.0,0.0,0,0.0,0.0,0.0,0.0,11.0,0.7272727272727273,0.09090909090909091,0.0,0.09090909090909091,0.09090909090909091,0.0,0.0,0.0,0.0,0.0,0.0,1.2776134368191154,0.3693131062155174
ton,lemma,45.0,8.0,3.0,0.0,2.0,1.0,0,1.0,0.0,0.0,0.0,60.0,0.75,0.13333333333333333,0.05,0.0,0.03333333333333333,0.016666666666666666,0.0,0.016666666666666666,0.0,0.0,0.0,1.2754193149918713,0.3686788627706048
te,lemma,35.0,10.0,5.0,0.0,0.0,0.0,0,0.0,0.0,0.0,1.0,51.0,0.6862745098039216,0.19607843137254902,0.09803921568627451,0.0,0.0,0.0,0.0,0.0,0.0,0.0,0.0196078431372549,1.273330694591412,0.36807511607730203
bande,lemma,8.0,6.0,0.0,0.0,0.0,0.0,0,0.0,0.0,0.0,1.0,15.0,0.5333333333333333,0.4,0.0,0.0,0.0,0.0,0.0,0.0,0.0,0.0,0.06666666666666667,1.272905595320056,0.3679522348302597
t'es,word,8.0,6.0,0.0,0.0,0.0,1.0,0,0.0,0.0,0.0,0.0,15.0,0.5333333333333333,0.4,0.0,0.0,0.0,0.06666666666666667,0.0,0.0,0.0,0.0,0.0,1.272905595320056,0.3679522348302597
tous,word,8.0,7.0,1.0,0.0,0.0,0.0,0,0.0,0.0,0.0,0.0,16.0,0.5,0.4375,0.0625,0.0,0.0,0.0,0.0,0.0,0.0,0.0,0.0,1.271782221599798,0.36762750700092317
.,punctuation,15.0,2.0,0.0,0.0,0.0,8.0,0,0.0,0.0,0.0,0.0,25.0,0.6,0.08,0.0,0.0,0.0,0.32,0.0,0.0,0.0,0.0,0.0,1.2597218324096136,0.3641412726943364
on,lemma,52.0,11.0,3.0,1.0,0.0,2.0,0,0.0,0.0,1.0,0.0,70.0,0.7428571428571429,0.15714285714285714,0.04285714285714286,0.014285714285714285,0.0,0.02857142857142857,0.0,0.0,0.0,0.014285714285714285,0.0,1.2545472933662447,0.3626454954644898
gens,word,8.0,2.0,2.0,0.0,0.0,0.0,0,0.0,0.0,0.0,0.0,12.0,0.6666666666666666,0.16666666666666666,0.16666666666666666,0.0,0.0,0.0,0.0,0.0,0.0,0.0,0.0,1.2516291673878228,0.36180196788536356
gens,lemma,8.0,2.0,2.0,0.0,0.0,0.0,0,0.0,0.0,0.0,0.0,12.0,0.6666666666666666,0.16666666666666666,0.16666666666666666,0.0,0.0,0.0,0.0,0.0,0.0,0.0,0.0,1.2516291673878228,0.36180196788536356
te,word,32.0,9.0,4.0,0.0,0.0,0.0,0,0.0,0.0,0.0,1.0,46.0,0.6956521739130435,0.1956521739130435,0.08695652173913043,0.0,0.0,0.0,0.0,0.0,0.0,0.0,0.021739130434782608,1.2511853253400387,0.3616736687609083
bande,word,9.0,9.0,0.0,0.0,0.0,0.0,0,0.0,0.0,0.0,1.0,19.0,0.47368421052631576,0.47368421052631576,0.0,0.0,0.0,0.0,0.0,0.0,0.0,0.0,0.05263157894736842,1.2448406699719212,0.3598396520588766
votre,lemma,18.0,4.0,0.0,0.0,0.0,1.0,0,0.0,0.0,2.0,0.0,25.0,0.72,0.16,0.0,0.0,0.0,0.04,0.0,0.0,0.0,0.08,0.0,1.2415101887362598,0.35887692707893515
fou,lemma,6.0,2.0,0.0,0.0,0.0,0.0,0,0.0,0.0,1.0,0.0,9.0,0.6666666666666666,0.2222222222222222,0.0,0.0,0.0,0.0,0.0,0.0,0.0,0.1111111111111111,0.0,1.224394445405986,0.35392936770586797
julien,word,13.0,3.0,3.0,0.0,0.0,0.0,0,0.0,0.0,0.0,0.0,19.0,0.6842105263157895,0.15789473684210525,0.15789473684210525,0.0,0.0,0.0,0.0,0.0,0.0,0.0,0.0,1.215533232382473,0.35136790270226037
julien,lemma,13.0,3.0,3.0,0.0,0.0,0.0,0,0.0,0.0,0.0,0.0,19.0,0.6842105263157895,0.15789473684210525,0.15789473684210525,0.0,0.0,0.0,0.0,0.0,0.0,0.0,0.0,1.215533232382473,0.35136790270226037
gros,lemma,24.0,20.0,0.0,0.0,0.0,2.0,0,0.0,0.0,0.0,0.0,46.0,0.5217391304347826,0.43478260869565216,0.0,0.0,0.0,0.043478260869565216,0.0,0.0,0.0,0.0,0.0,1.208830175294948,0.3494302846694561
les,word,39.0,20.0,2.0,0.0,0.0,0.0,0,0.0,0.0,0.0,1.0,62.0,0.6290322580645161,0.3225806451612903,0.03225806451612903,0.0,0.0,0.0,0.0,0.0,0.0,0.0,0.016129032258064516,1.2030794001711504,0.3477679378571023
!,punctuation,22.0,4.0,0.0,0.0,0.0,6.0,0,0.0,0.0,0.0,0.0,32.0,0.6875,0.125,0.0,0.0,0.0,0.1875,0.0,0.0,0.0,0.0,0.0,1.1994602933016414,0.3467217813584418
savoir,lemma,9.0,2.0,2.0,0.0,0.0,0.0,0,0.0,0.0,0.0,0.0,13.0,0.6923076923076923,0.15384615384615385,0.15384615384615385,0.0,0.0,0.0,0.0,0.0,0.0,0.0,0.0,1.198183947911799,0.3463528348000054
on,word,44.0,11.0,3.0,1.0,0.0,0.0,0,0.0,0.0,1.0,0.0,60.0,0.7333333333333333,0.18333333333333332,0.05,0.016666666666666666,0.0,0.0,0.0,0.0,0.0,0.016666666666666666,0.0,1.1898301534882716,0.3439380466658731
fatima,word,8.0,3.0,0.0,0.0,0.0,1.0,0,0.0,0.0,0.0,0.0,12.0,0.6666666666666666,0.25,0.0,0.0,0.0,0.08333333333333333,0.0,0.0,0.0,0.0,0.0,1.188721875540867,0.3436176824934946
fatimer,lemma,8.0,3.0,0.0,0.0,0.0,1.0,0,0.0,0.0,0.0,0.0,12.0,0.6666666666666666,0.25,0.0,0.0,0.0,0.08333333333333333,0.0,0.0,0.0,0.0,0.0,1.188721875540867,0.3436176824934946
vie,lemma,18.0,5.0,1.0,0.0,0.0,0.0,0,0.0,0.0,1.0,0.0,25.0,0.72,0.2,0.04,0.0,0.0,0.0,0.0,0.0,0.0,0.04,0.0,1.1771245697587873,0.34026530931184235
vie,word,18.0,5.0,1.0,0.0,0.0,0.0,0,0.0,0.0,1.0,0.0,25.0,0.72,0.2,0.04,0.0,0.0,0.0,0.0,0.0,0.0,0.04,0.0,1.1771245697587873,0.34026530931184235
dire,lemma,18.0,3.0,1.0,0.0,0.0,2.0,0,0.0,0.0,0.0,0.0,24.0,0.75,0.125,0.041666666666666664,0.0,0.0,0.08333333333333333,0.0,0.0,0.0,0.0,0.0,1.176065103715944,0.3399590549441781
brice,word,19.0,2.0,2.0,0.0,0.0,2.0,0,0.0,0.0,0.0,0.0,25.0,0.76,0.08,0.08,0.0,0.0,0.08,0.0,0.0,0.0,0.0,0.0,1.1754312795575996,0.33977583867393024
faire,word,20.0,6.0,1.0,1.0,0.0,0.0,0,0.0,0.0,0.0,0.0,28.0,0.7142857142857143,0.21428571428571427,0.03571428571428571,0.03571428571428571,0.0,0.0,0.0,0.0,0.0,0.0,0.0,1.166342889840669,0.33714870487889637
ta,word,32.0,4.0,2.0,0.0,2.0,0.0,0,1.0,0.0,0.0,0.0,41.0,0.7804878048780488,0.0975609756097561,0.04878048780487805,0.0,0.04878048780487805,0.0,0.0,0.024390243902439025,0.0,0.0,0.0,1.1624300533985716,0.3360176414923512
blague,word,5.0,1.0,1.0,0.0,0.0,0.0,0,0.0,0.0,0.0,0.0,7.0,0.7142857142857143,0.14285714285714285,0.14285714285714285,0.0,0.0,0.0,0.0,0.0,0.0,0.0,0.0,1.1488348542809166,0.33208774762064913
gueule,lemma,5.0,1.0,1.0,0.0,0.0,0.0,0,0.0,0.0,0.0,0.0,7.0,0.7142857142857143,0.14285714285714285,0.14285714285714285,0.0,0.0,0.0,0.0,0.0,0.0,0.0,0.0,1.1488348542809166,0.33208774762064913
s'en,word,9.0,3.0,0.0,0.0,0.0,0.0,0,0.0,0.0,1.0,0.0,13.0,0.6923076923076923,0.23076923076923078,0.0,0.0,0.0,0.0,0.0,0.0,0.0,0.07692307692307693,0.0,1.1401156785146092,0.32956734059212633
ton,word,13.0,2.0,1.0,0.0,0.0,1.0,0,0.0,0.0,0.0,0.0,17.0,0.7647058823529411,0.11764705882352941,0.058823529411764705,0.0,0.0,0.058823529411764705,0.0,0.0,0.0,0.0,0.0,1.1400677626718572,0.3295534898073634
pour,word,22.0,4.0,2.0,0.0,0.0,1.0,0,0.0,0.0,0.0,0.0,29.0,0.7586206896551724,0.13793103448275862,0.06896551724137931,0.0,0.0,0.034482758620689655,0.0,0.0,0.0,0.0,0.0,1.1301363189199674,0.3266826587441375
pour,lemma,22.0,4.0,2.0,0.0,0.0,1.0,0,0.0,0.0,0.0,0.0,29.0,0.7586206896551724,0.13793103448275862,0.06896551724137931,0.0,0.0,0.034482758620689655,0.0,0.0,0.0,0.0,0.0,1.1301363189199674,0.3266826587441375
as,lemma,8.0,2.0,1.0,0.0,0.0,0.0,0,0.0,0.0,0.0,0.0,11.0,0.7272727272727273,0.18181818181818182,0.09090909090909091,0.0,0.0,0.0,0.0,0.0,0.0,0.0,0.0,1.0957952550009336,0.31675586506681047
veut,word,10.0,3.0,0.0,0.0,0.0,0.0,0,0.0,1.0,0.0,0.0,14.0,0.7142857142857143,0.21428571428571427,0.0,0.0,0.0,0.0,0.0,0.0,0.07142857142857142,0.0,0.0,1.0949143184120975,0.31650121728476155
qui,word,12.0,4.0,1.0,0.0,0.0,0.0,0,0.0,0.0,0.0,0.0,17.0,0.7058823529411765,0.23529411764705882,0.058823529411764705,0.0,0.0,0.0,0.0,0.0,0.0,0.0,0.0,1.086312840741288,0.3140148326357718
qui,lemma,12.0,4.0,1.0,0.0,0.0,0.0,0,0.0,0.0,0.0,0.0,17.0,0.7058823529411765,0.23529411764705882,0.058823529411764705,0.0,0.0,0.0,0.0,0.0,0.0,0.0,0.0,1.086312840741288,0.3140148326357718
con,lemma,9.0,1.0,0.0,0.0,0.0,2.0,0,0.0,0.0,0.0,0.0,12.0,0.75,0.08333333333333333,0.0,0.0,0.0,0.16666666666666666,0.0,0.0,0.0,0.0,0.0,1.0408520829727552,0.3008737265871313
gouine,lemma,3.0,3.0,0.0,0.0,0.0,0.0,0,0.0,0.0,0.0,0.0,6.0,0.5,0.5,0.0,0.0,0.0,0.0,0.0,0.0,0.0,0.0,0.0,1.0,0.2890648263178879
gouine,word,3.0,3.0,0.0,0.0,0.0,0.0,0,0.0,0.0,0.0,0.0,6.0,0.5,0.5,0.0,0.0,0.0,0.0,0.0,0.0,0.0,0.0,0.0,1.0,0.2890648263178879
repostez,word,3.0,3.0,0.0,0.0,0.0,0.0,0,0.0,0.0,0.0,0.0,6.0,0.5,0.5,0.0,0.0,0.0,0.0,0.0,0.0,0.0,0.0,0.0,1.0,0.2890648263178879
negre,word,3.0,3.0,0.0,0.0,0.0,0.0,0,0.0,0.0,0.0,0.0,6.0,0.5,0.5,0.0,0.0,0.0,0.0,0.0,0.0,0.0,0.0,0.0,1.0,0.2890648263178879
oyer,lemma,3.0,3.0,0.0,0.0,0.0,0.0,0,0.0,0.0,0.0,0.0,6.0,0.5,0.5,0.0,0.0,0.0,0.0,0.0,0.0,0.0,0.0,0.0,1.0,0.2890648263178879
oyé,word,3.0,3.0,0.0,0.0,0.0,0.0,0,0.0,0.0,0.0,0.0,6.0,0.5,0.5,0.0,0.0,0.0,0.0,0.0,0.0,0.0,0.0,0.0,1.0,0.2890648263178879
negre,lemma,3.0,3.0,0.0,0.0,0.0,0.0,0,0.0,0.0,0.0,0.0,6.0,0.5,0.5,0.0,0.0,0.0,0.0,0.0,0.0,0.0,0.0,0.0,1.0,0.2890648263178879
défendre,lemma,4.0,4.0,0.0,0.0,0.0,0.0,0,0.0,0.0,0.0,0.0,8.0,0.5,0.5,0.0,0.0,0.0,0.0,0.0,0.0,0.0,0.0,0.0,1.0,0.2890648263178879
story,word,3.0,3.0,0.0,0.0,0.0,0.0,0,0.0,0.0,0.0,0.0,6.0,0.5,0.5,0.0,0.0,0.0,0.0,0.0,0.0,0.0,0.0,0.0,1.0,0.2890648263178879
rire,word,3.0,0.0,3.0,0.0,0.0,0.0,0,0.0,0.0,0.0,0.0,6.0,0.5,0.0,0.5,0.0,0.0,0.0,0.0,0.0,0.0,0.0,0.0,1.0,0.2890648263178879
reposter,lemma,3.0,3.0,0.0,0.0,0.0,0.0,0,0.0,0.0,0.0,0.0,6.0,0.5,0.5,0.0,0.0,0.0,0.0,0.0,0.0,0.0,0.0,0.0,1.0,0.2890648263178879
story,lemma,3.0,3.0,0.0,0.0,0.0,0.0,0,0.0,0.0,0.0,0.0,6.0,0.5,0.5,0.0,0.0,0.0,0.0,0.0,0.0,0.0,0.0,0.0,1.0,0.2890648263178879
défendre,word,4.0,4.0,0.0,0.0,0.0,0.0,0,0.0,0.0,0.0,0.0,8.0,0.5,0.5,0.0,0.0,0.0,0.0,0.0,0.0,0.0,0.0,0.0,1.0,0.2890648263178879
assumer,lemma,4.0,4.0,0.0,0.0,0.0,0.0,0,0.0,0.0,0.0,0.0,8.0,0.5,0.5,0.0,0.0,0.0,0.0,0.0,0.0,0.0,0.0,0.0,1.0,0.2890648263178879
sale,lemma,4.0,5.0,0.0,0.0,0.0,0.0,0,0.0,0.0,0.0,0.0,9.0,0.4444444444444444,0.5555555555555556,0.0,0.0,0.0,0.0,0.0,0.0,0.0,0.0,0.0,0.9910760598382222,0.28648522910495233
sale,word,4.0,5.0,0.0,0.0,0.0,0.0,0,0.0,0.0,0.0,0.0,9.0,0.4444444444444444,0.5555555555555556,0.0,0.0,0.0,0.0,0.0,0.0,0.0,0.0,0.0,0.9910760598382222,0.28648522910495233
merde,word,9.0,7.0,0.0,0.0,0.0,0.0,0,0.0,0.0,0.0,0.0,16.0,0.5625,0.4375,0.0,0.0,0.0,0.0,0.0,0.0,0.0,0.0,0.0,0.9886994082884974,0.285798222737513
merde,lemma,8.0,6.0,0.0,0.0,0.0,0.0,0,0.0,0.0,0.0,0.0,14.0,0.5714285714285714,0.42857142857142855,0.0,0.0,0.0,0.0,0.0,0.0,0.0,0.0,0.0,0.9852281360342515,0.2847948000262373
leur,word,4.0,3.0,0.0,0.0,0.0,0.0,0,0.0,0.0,0.0,0.0,7.0,0.5714285714285714,0.42857142857142855,0.0,0.0,0.0,0.0,0.0,0.0,0.0,0.0,0.0,0.9852281360342515,0.2847948000262373
autres,word,4.0,3.0,0.0,0.0,0.0,0.0,0,0.0,0.0,0.0,0.0,7.0,0.5714285714285714,0.42857142857142855,0.0,0.0,0.0,0.0,0.0,0.0,0.0,0.0,0.0,0.9852281360342515,0.2847948000262373
autre,word,4.0,3.0,0.0,0.0,0.0,0.0,0,0.0,0.0,0.0,0.0,7.0,0.5714285714285714,0.42857142857142855,0.0,0.0,0.0,0.0,0.0,0.0,0.0,0.0,0.0,0.9852281360342515,0.2847948000262373
frere,word,4.0,3.0,0.0,0.0,0.0,0.0,0,0.0,0.0,0.0,0.0,7.0,0.5714285714285714,0.42857142857142855,0.0,0.0,0.0,0.0,0.0,0.0,0.0,0.0,0.0,0.9852281360342515,0.2847948000262373
marrant,word,3.0,0.0,4.0,0.0,0.0,0.0,0,0.0,0.0,0.0,0.0,7.0,0.42857142857142855,0.0,0.5714285714285714,0.0,0.0,0.0,0.0,0.0,0.0,0.0,0.0,0.9852281360342515,0.2847948000262373
marrant,lemma,3.0,0.0,4.0,0.0,0.0,0.0,0,0.0,0.0,0.0,0.0,7.0,0.42857142857142855,0.0,0.5714285714285714,0.0,0.0,0.0,0.0,0.0,0.0,0.0,0.0,0.9852281360342515,0.2847948000262373
mtn,word,4.0,3.0,0.0,0.0,0.0,0.0,0,0.0,0.0,0.0,0.0,7.0,0.5714285714285714,0.42857142857142855,0.0,0.0,0.0,0.0,0.0,0.0,0.0,0.0,0.0,0.9852281360342515,0.2847948000262373
mtn,lemma,4.0,3.0,0.0,0.0,0.0,0.0,0,0.0,0.0,0.0,0.0,7.0,0.5714285714285714,0.42857142857142855,0.0,0.0,0.0,0.0,0.0,0.0,0.0,0.0,0.0,0.9852281360342515,0.2847948000262373
?,punctuation,37.0,0.0,1.0,0.0,5.0,3.0,0,0.0,0.0,0.0,0.0,46.0,0.8043478260869565,0.0,0.021739130434782608,0.0,0.10869565217391304,0.06521739130434782,0.0,0.0,0.0,0.0,0.0,0.9775988581250254,0.282589444132476
un,word,16.0,11.0,0.0,0.0,0.0,0.0,0,0.0,0.0,0.0,0.0,27.0,0.5925925925925926,0.4074074074074074,0.0,0.0,0.0,0.0,0.0,0.0,0.0,0.0,0.0,0.9751190649408661,0.28187262314639266
manche,word,3.0,2.0,0.0,0.0,0.0,0.0,0,0.0,0.0,0.0,0.0,5.0,0.6,0.4,0.0,0.0,0.0,0.0,0.0,0.0,0.0,0.0,0.0,0.9709505944546686,0.28066766494928874
plat,lemma,3.0,2.0,0.0,0.0,0.0,0.0,0,0.0,0.0,0.0,0.0,5.0,0.6,0.4,0.0,0.0,0.0,0.0,0.0,0.0,0.0,0.0,0.0,0.9709505944546686,0.28066766494928874
pote,lemma,3.0,0.0,0.0,0.0,0.0,2.0,0,0.0,0.0,0.0,0.0,5.0,0.6,0.0,0.0,0.0,0.0,0.4,0.0,0.0,0.0,0.0,0.0,0.9709505944546686,0.28066766494928874
vérité,lemma,3.0,2.0,0.0,0.0,0.0,0.0,0,0.0,0.0,0.0,0.0,5.0,0.6,0.4,0.0,0.0,0.0,0.0,0.0,0.0,0.0,0.0,0.0,0.9709505944546686,0.28066766494928874
remettre,lemma,3.0,0.0,2.0,0.0,0.0,0.0,0,0.0,0.0,0.0,0.0,5.0,0.6,0.0,0.4,0.0,0.0,0.0,0.0,0.0,0.0,0.0,0.0,0.9709505944546686,0.28066766494928874
etre,word,3.0,0.0,0.0,0.0,0.0,2.0,0,0.0,0.0,0.0,0.0,5.0,0.6,0.0,0.0,0.0,0.0,0.4,0.0,0.0,0.0,0.0,0.0,0.9709505944546686,0.28066766494928874
sou,lemma,3.0,2.0,0.0,0.0,0.0,0.0,0,0.0,0.0,0.0,0.0,5.0,0.6,0.4,0.0,0.0,0.0,0.0,0.0,0.0,0.0,0.0,0.0,0.9709505944546686,0.28066766494928874
graisse,lemma,2.0,3.0,0.0,0.0,0.0,0.0,0,0.0,0.0,0.0,0.0,5.0,0.4,0.6,0.0,0.0,0.0,0.0,0.0,0.0,0.0,0.0,0.0,0.9709505944546686,0.28066766494928874
question,word,3.0,0.0,2.0,0.0,0.0,0.0,0,0.0,0.0,0.0,0.0,5.0,0.6,0.0,0.4,0.0,0.0,0.0,0.0,0.0,0.0,0.0,0.0,0.9709505944546686,0.28066766494928874
question,lemma,3.0,0.0,2.0,0.0,0.0,0.0,0,0.0,0.0,0.0,0.0,5.0,0.6,0.0,0.4,0.0,0.0,0.0,0.0,0.0,0.0,0.0,0.0,0.9709505944546686,0.28066766494928874
rire,lemma,3.0,0.0,2.0,0.0,0.0,0.0,0,0.0,0.0,0.0,0.0,5.0,0.6,0.0,0.4,0.0,0.0,0.0,0.0,0.0,0.0,0.0,0.0,0.9709505944546686,0.28066766494928874
crasseux,lemma,2.0,3.0,0.0,0.0,0.0,0.0,0,0.0,0.0,0.0,0.0,5.0,0.4,0.6,0.0,0.0,0.0,0.0,0.0,0.0,0.0,0.0,0.0,0.9709505944546686,0.28066766494928874
classe,word,2.0,3.0,0.0,0.0,0.0,0.0,0,0.0,0.0,0.0,0.0,5.0,0.4,0.6,0.0,0.0,0.0,0.0,0.0,0.0,0.0,0.0,0.0,0.9709505944546686,0.28066766494928874
manche,lemma,3.0,2.0,0.0,0.0,0.0,0.0,0,0.0,0.0,0.0,0.0,5.0,0.6,0.4,0.0,0.0,0.0,0.0,0.0,0.0,0.0,0.0,0.0,0.9709505944546686,0.28066766494928874
classe,lemma,2.0,3.0,0.0,0.0,0.0,0.0,0,0.0,0.0,0.0,0.0,5.0,0.4,0.6,0.0,0.0,0.0,0.0,0.0,0.0,0.0,0.0,0.0,0.9709505944546686,0.28066766494928874
josiane,word,3.0,0.0,0.0,0.0,0.0,2.0,0,0.0,0.0,0.0,0.0,5.0,0.6,0.0,0.0,0.0,0.0,0.4,0.0,0.0,0.0,0.0,0.0,0.9709505944546686,0.28066766494928874
drôle,lemma,2.0,0.0,3.0,0.0,0.0,0.0,0,0.0,0.0,0.0,0.0,5.0,0.4,0.0,0.6,0.0,0.0,0.0,0.0,0.0,0.0,0.0,0.0,0.9709505944546686,0.28066766494928874
dises,word,3.0,0.0,0.0,0.0,0.0,2.0,0,0.0,0.0,0.0,0.0,5.0,0.6,0.0,0.0,0.0,0.0,0.4,0.0,0.0,0.0,0.0,0.0,0.9709505944546686,0.28066766494928874
degouter,word,2.0,3.0,0.0,0.0,0.0,0.0,0,0.0,0.0,0.0,0.0,5.0,0.4,0.6,0.0,0.0,0.0,0.0,0.0,0.0,0.0,0.0,0.0,0.9709505944546686,0.28066766494928874
insulte,word,3.0,0.0,0.0,0.0,0.0,0.0,0,0.0,2.0,0.0,0.0,5.0,0.6,0.0,0.0,0.0,0.0,0.0,0.0,0.0,0.4,0.0,0.0,0.9709505944546686,0.28066766494928874
par,word,3.0,2.0,0.0,0.0,0.0,0.0,0,0.0,0.0,0.0,0.0,5.0,0.6,0.4,0.0,0.0,0.0,0.0,0.0,0.0,0.0,0.0,0.0,0.9709505944546686,0.28066766494928874
oe,lemma,3.0,2.0,0.0,0.0,0.0,0.0,0,0.0,0.0,0.0,0.0,5.0,0.6,0.4,0.0,0.0,0.0,0.0,0.0,0.0,0.0,0.0,0.0,0.9709505944546686,0.28066766494928874
cons,word,3.0,0.0,0.0,0.0,0.0,2.0,0,0.0,0.0,0.0,0.0,5.0,0.6,0.0,0.0,0.0,0.0,0.4,0.0,0.0,0.0,0.0,0.0,0.9709505944546686,0.28066766494928874
drôle,word,2.0,0.0,3.0,0.0,0.0,0.0,0,0.0,0.0,0.0,0.0,5.0,0.4,0.0,0.6,0.0,0.0,0.0,0.0,0.0,0.0,0.0,0.0,0.9709505944546686,0.28066766494928874
drole,lemma,2.0,0.0,3.0,0.0,0.0,0.0,0,0.0,0.0,0.0,0.0,5.0,0.4,0.0,0.6,0.0,0.0,0.0,0.0,0.0,0.0,0.0,0.0,0.9709505944546686,0.28066766494928874
josiane,lemma,3.0,0.0,0.0,0.0,0.0,2.0,0,0.0,0.0,0.0,0.0,5.0,0.6,0.0,0.0,0.0,0.0,0.4,0.0,0.0,0.0,0.0,0.0,0.9709505944546686,0.28066766494928874
arabe,word,2.0,3.0,0.0,0.0,0.0,0.0,0,0.0,0.0,0.0,0.0,5.0,0.4,0.6,0.0,0.0,0.0,0.0,0.0,0.0,0.0,0.0,0.0,0.9709505944546686,0.28066766494928874
vérité,word,3.0,2.0,0.0,0.0,0.0,0.0,0,0.0,0.0,0.0,0.0,5.0,0.6,0.4,0.0,0.0,0.0,0.0,0.0,0.0,0.0,0.0,0.0,0.9709505944546686,0.28066766494928874
y,word,3.0,2.0,0.0,0.0,0.0,0.0,0,0.0,0.0,0.0,0.0,5.0,0.6,0.4,0.0,0.0,0.0,0.0,0.0,0.0,0.0,0.0,0.0,0.9709505944546686,0.28066766494928874
tas,word,2.0,3.0,0.0,0.0,0.0,0.0,0,0.0,0.0,0.0,0.0,5.0,0.4,0.6,0.0,0.0,0.0,0.0,0.0,0.0,0.0,0.0,0.0,0.9709505944546686,0.28066766494928874
sous,word,3.0,2.0,0.0,0.0,0.0,0.0,0,0.0,0.0,0.0,0.0,5.0,0.6,0.4,0.0,0.0,0.0,0.0,0.0,0.0,0.0,0.0,0.0,0.9709505944546686,0.28066766494928874
tas,lemma,2.0,3.0,0.0,0.0,0.0,0.0,0,0.0,0.0,0.0,0.0,5.0,0.4,0.6,0.0,0.0,0.0,0.0,0.0,0.0,0.0,0.0,0.0,0.9709505944546686,0.28066766494928874
etre,lemma,3.0,0.0,0.0,0.0,0.0,2.0,0,0.0,0.0,0.0,0.0,5.0,0.6,0.0,0.0,0.0,0.0,0.4,0.0,0.0,0.0,0.0,0.0,0.9709505944546686,0.28066766494928874
graisse,word,2.0,3.0,0.0,0.0,0.0,0.0,0,0.0,0.0,0.0,0.0,5.0,0.4,0.6,0.0,0.0,0.0,0.0,0.0,0.0,0.0,0.0,0.0,0.9709505944546686,0.28066766494928874
alors,lemma,18.0,2.0,3.0,0.0,0.0,0.0,0,0.0,0.0,0.0,0.0,23.0,0.782608695652174,0.08695652173913043,0.13043478260869565,0.0,0.0,0.0,0.0,0.0,0.0,0.0,0.0,0.9664516287472262,0.2793671722084568
alors,word,18.0,2.0,3.0,0.0,0.0,0.0,0,0.0,0.0,0.0,0.0,23.0,0.782608695652174,0.08695652173913043,0.13043478260869565,0.0,0.0,0.0,0.0,0.0,0.0,0.0,0.0,0.9664516287472262,0.2793671722084568
part,word,5.0,3.0,0.0,0.0,0.0,0.0,0,0.0,0.0,0.0,0.0,8.0,0.625,0.375,0.0,0.0,0.0,0.0,0.0,0.0,0.0,0.0,0.0,0.954434002924965,0.2758932992873915
part,lemma,5.0,3.0,0.0,0.0,0.0,0.0,0,0.0,0.0,0.0,0.0,8.0,0.625,0.375,0.0,0.0,0.0,0.0,0.0,0.0,0.0,0.0,0.0,0.954434002924965,0.2758932992873915
crasseuse,lemma,3.0,5.0,0.0,0.0,0.0,0.0,0,0.0,0.0,0.0,0.0,8.0,0.375,0.625,0.0,0.0,0.0,0.0,0.0,0.0,0.0,0.0,0.0,0.954434002924965,0.2758932992873915
autre,lemma,10.0,6.0,0.0,0.0,0.0,0.0,0,0.0,0.0,0.0,0.0,16.0,0.625,0.375,0.0,0.0,0.0,0.0,0.0,0.0,0.0,0.0,0.0,0.954434002924965,0.2758932992873915
casser,lemma,14.0,0.0,3.0,0.0,0.0,1.0,0,0.0,0.0,0.0,0.0,18.0,0.7777777777777778,0.0,0.16666666666666666,0.0,0.0,0.05555555555555555,0.0,0.0,0.0,0.0,0.0,0.9444885341662053,0.2730184140879906
lui,word,8.0,1.0,0.0,0.0,0.0,0.0,0,0.0,0.0,1.0,0.0,10.0,0.8,0.1,0.0,0.0,0.0,0.0,0.0,0.0,0.0,0.1,0.0,0.9219280948873623,0.2664969846261966
luire,lemma,8.0,1.0,0.0,0.0,0.0,0.0,0,0.0,0.0,1.0,0.0,10.0,0.8,0.1,0.0,0.0,0.0,0.0,0.0,0.0,0.0,0.1,0.0,0.9219280948873623,0.2664969846261966
gueule,word,8.0,1.0,1.0,0.0,0.0,0.0,0,0.0,0.0,0.0,0.0,10.0,0.8,0.1,0.1,0.0,0.0,0.0,0.0,0.0,0.0,0.0,0.0,0.9219280948873623,0.2664969846261966
mon,word,8.0,0.0,0.0,0.0,1.0,0.0,0,0.0,0.0,1.0,0.0,10.0,0.8,0.0,0.0,0.0,0.1,0.0,0.0,0.0,0.0,0.1,0.0,0.9219280948873623,0.2664969846261966
crasseuse,word,3.0,6.0,0.0,0.0,0.0,0.0,0,0.0,0.0,0.0,0.0,9.0,0.3333333333333333,0.6666666666666666,0.0,0.0,0.0,0.0,0.0,0.0,0.0,0.0,0.0,0.9182958340544896,0.265447025779401
casser,word,4.0,0.0,2.0,0.0,0.0,0.0,0,0.0,0.0,0.0,0.0,6.0,0.6666666666666666,0.0,0.3333333333333333,0.0,0.0,0.0,0.0,0.0,0.0,0.0,0.0,0.9182958340544896,0.265447025779401
oe,word,4.0,2.0,0.0,0.0,0.0,0.0,0,0.0,0.0,0.0,0.0,6.0,0.6666666666666666,0.3333333333333333,0.0,0.0,0.0,0.0,0.0,0.0,0.0,0.0,0.0,0.9182958340544896,0.265447025779401
mdr,lemma,4.0,2.0,0.0,0.0,0.0,0.0,0,0.0,0.0,0.0,0.0,6.0,0.6666666666666666,0.3333333333333333,0.0,0.0,0.0,0.0,0.0,0.0,0.0,0.0,0.0,0.9182958340544896,0.265447025779401
assume,word,2.0,4.0,0.0,0.0,0.0,0.0,0,0.0,0.0,0.0,0.0,6.0,0.3333333333333333,0.6666666666666666,0.0,0.0,0.0,0.0,0.0,0.0,0.0,0.0,0.0,0.9182958340544896,0.265447025779401
y,lemma,4.0,2.0,0.0,0.0,0.0,0.0,0,0.0,0.0,0.0,0.0,6.0,0.6666666666666666,0.3333333333333333,0.0,0.0,0.0,0.0,0.0,0.0,0.0,0.0,0.0,0.9182958340544896,0.265447025779401
putain,word,4.0,0.0,0.0,0.0,0.0,2.0,0,0.0,0.0,0.0,0.0,6.0,0.6666666666666666,0.0,0.0,0.0,0.0,0.3333333333333333,0.0,0.0,0.0,0.0,0.0,0.9182958340544896,0.265447025779401
fai,lemma,4.0,2.0,0.0,0.0,0.0,0.0,0,0.0,0.0,0.0,0.0,6.0,0.6666666666666666,0.3333333333333333,0.0,0.0,0.0,0.0,0.0,0.0,0.0,0.0,0.0,0.9182958340544896,0.265447025779401
pute,word,10.0,5.0,0.0,0.0,0.0,0.0,0,0.0,0.0,0.0,0.0,15.0,0.6666666666666666,0.3333333333333333,0.0,0.0,0.0,0.0,0.0,0.0,0.0,0.0,0.0,0.9182958340544896,0.265447025779401
pute,lemma,10.0,5.0,0.0,0.0,0.0,0.0,0,0.0,0.0,0.0,0.0,15.0,0.6666666666666666,0.3333333333333333,0.0,0.0,0.0,0.0,0.0,0.0,0.0,0.0,0.0,0.9182958340544896,0.265447025779401
frere,lemma,4.0,2.0,0.0,0.0,0.0,0.0,0,0.0,0.0,0.0,0.0,6.0,0.6666666666666666,0.3333333333333333,0.0,0.0,0.0,0.0,0.0,0.0,0.0,0.0,0.0,0.9182958340544896,0.265447025779401
place,word,4.0,0.0,0.0,0.0,0.0,2.0,0,0.0,0.0,0.0,0.0,6.0,0.6666666666666666,0.0,0.0,0.0,0.0,0.3333333333333333,0.0,0.0,0.0,0.0,0.0,0.9182958340544896,0.265447025779401
place,lemma,4.0,0.0,0.0,0.0,0.0,2.0,0,0.0,0.0,0.0,0.0,6.0,0.6666666666666666,0.0,0.0,0.0,0.0,0.3333333333333333,0.0,0.0,0.0,0.0,0.0,0.9182958340544896,0.265447025779401
putain,lemma,4.0,0.0,0.0,0.0,0.0,2.0,0,0.0,0.0,0.0,0.0,6.0,0.6666666666666666,0.0,0.0,0.0,0.0,0.3333333333333333,0.0,0.0,0.0,0.0,0.0,0.9182958340544896,0.265447025779401
drole,word,2.0,0.0,4.0,0.0,0.0,0.0,0,0.0,0.0,0.0,0.0,6.0,0.3333333333333333,0.0,0.6666666666666666,0.0,0.0,0.0,0.0,0.0,0.0,0.0,0.0,0.9182958340544896,0.265447025779401
arabe,lemma,2.0,4.0,0.0,0.0,0.0,0.0,0,0.0,0.0,0.0,0.0,6.0,0.3333333333333333,0.6666666666666666,0.0,0.0,0.0,0.0,0.0,0.0,0.0,0.0,0.0,0.9182958340544896,0.265447025779401
mdr,word,4.0,2.0,0.0,0.0,0.0,0.0,0,0.0,0.0,0.0,0.0,6.0,0.6666666666666666,0.3333333333333333,0.0,0.0,0.0,0.0,0.0,0.0,0.0,0.0,0.0,0.9182958340544896,0.265447025779401
ftg,lemma,12.0,1.0,2.0,0.0,0.0,0.0,0,0.0,0.0,0.0,0.0,15.0,0.8,0.06666666666666667,0.13333333333333333,0.0,0.0,0.0,0.0,0.0,0.0,0.0,0.0,0.9055872616982603,0.2617734245184993
ftg,word,12.0,1.0,2.0,0.0,0.0,0.0,0,0.0,0.0,0.0,0.0,15.0,0.8,0.06666666666666667,0.13333333333333333,0.0,0.0,0.0,0.0,0.0,0.0,0.0,0.0,0.9055872616982603,0.2617734245184993
avec,lemma,11.0,5.0,0.0,0.0,0.0,0.0,0,0.0,0.0,0.0,0.0,16.0,0.6875,0.3125,0.0,0.0,0.0,0.0,0.0,0.0,0.0,0.0,0.0,0.8960382325345574,0.25901313606178905
pierre,word,11.0,5.0,0.0,0.0,0.0,0.0,0,0.0,0.0,0.0,0.0,16.0,0.6875,0.3125,0.0,0.0,0.0,0.0,0.0,0.0,0.0,0.0,0.0,0.8960382325345574,0.25901313606178905
pierre,lemma,11.0,5.0,0.0,0.0,0.0,0.0,0,0.0,0.0,0.0,0.0,16.0,0.6875,0.3125,0.0,0.0,0.0,0.0,0.0,0.0,0.0,0.0,0.0,0.8960382325345574,0.25901313606178905
grosse,word,11.0,5.0,0.0,0.0,0.0,0.0,0,0.0,0.0,0.0,0.0,16.0,0.6875,0.3125,0.0,0.0,0.0,0.0,0.0,0.0,0.0,0.0,0.0,0.8960382325345574,0.25901313606178905
avec,word,11.0,5.0,0.0,0.0,0.0,0.0,0,0.0,0.0,0.0,0.0,16.0,0.6875,0.3125,0.0,0.0,0.0,0.0,0.0,0.0,0.0,0.0,0.0,0.8960382325345574,0.25901313606178905
brice,lemma,17.0,2.0,2.0,0.0,0.0,0.0,0,0.0,0.0,0.0,0.0,21.0,0.8095238095238095,0.09523809523809523,0.09523809523809523,0.0,0.0,0.0,0.0,0.0,0.0,0.0,0.0,0.8929427417665807,0.25811833856057526
toi,word,31.0,8.0,0.0,1.0,0.0,0.0,0,0.0,0.0,0.0,0.0,40.0,0.775,0.2,0.0,0.025,0.0,0.0,0.0,0.0,0.0,0.0,0.0,0.882425954337534,0.25507830522897573
juste,word,7.0,3.0,0.0,0.0,0.0,0.0,0,0.0,0.0,0.0,0.0,10.0,0.7,0.3,0.0,0.0,0.0,0.0,0.0,0.0,0.0,0.0,0.0,0.8812908992306927,0.2547502007216554
parle,lemma,7.0,3.0,0.0,0.0,0.0,0.0,0,0.0,0.0,0.0,0.0,10.0,0.7,0.3,0.0,0.0,0.0,0.0,0.0,0.0,0.0,0.0,0.0,0.8812908992306927,0.2547502007216554
juste,lemma,7.0,3.0,0.0,0.0,0.0,0.0,0,0.0,0.0,0.0,0.0,10.0,0.7,0.3,0.0,0.0,0.0,0.0,0.0,0.0,0.0,0.0,0.0,0.8812908992306927,0.2547502007216554
toi,lemma,32.0,8.0,0.0,1.0,0.0,0.0,0,0.0,0.0,0.0,0.0,41.0,0.7804878048780488,0.1951219512195122,0.0,0.024390243902439025,0.0,0.0,0.0,0.0,0.0,0.0,0.0,0.8697471265693033,0.25141330208223767
chose,word,5.0,0.0,0.0,0.0,0.0,2.0,0,0.0,0.0,0.0,0.0,7.0,0.7142857142857143,0.0,0.0,0.0,0.0,0.2857142857142857,0.0,0.0,0.0,0.0,0.0,0.863120568566631,0.2494977972441098
pourquoi,lemma,5.0,2.0,0.0,0.0,0.0,0.0,0,0.0,0.0,0.0,0.0,7.0,0.7142857142857143,0.2857142857142857,0.0,0.0,0.0,0.0,0.0,0.0,0.0,0.0,0.0,0.863120568566631,0.2494977972441098
porc,lemma,2.0,5.0,0.0,0.0,0.0,0.0,0,0.0,0.0,0.0,0.0,7.0,0.2857142857142857,0.7142857142857143,0.0,0.0,0.0,0.0,0.0,0.0,0.0,0.0,0.0,0.863120568566631,0.2494977972441098
porc,word,2.0,5.0,0.0,0.0,0.0,0.0,0,0.0,0.0,0.0,0.0,7.0,0.2857142857142857,0.7142857142857143,0.0,0.0,0.0,0.0,0.0,0.0,0.0,0.0,0.0,0.863120568566631,0.2494977972441098
fais,word,5.0,2.0,0.0,0.0,0.0,0.0,0,0.0,0.0,0.0,0.0,7.0,0.7142857142857143,0.2857142857142857,0.0,0.0,0.0,0.0,0.0,0.0,0.0,0.0,0.0,0.863120568566631,0.2494977972441098
pourquoi,word,5.0,2.0,0.0,0.0,0.0,0.0,0,0.0,0.0,0.0,0.0,7.0,0.7142857142857143,0.2857142857142857,0.0,0.0,0.0,0.0,0.0,0.0,0.0,0.0,0.0,0.863120568566631,0.2494977972441098
insulte,lemma,5.0,0.0,0.0,0.0,0.0,0.0,0,0.0,2.0,0.0,0.0,7.0,0.7142857142857143,0.0,0.0,0.0,0.0,0.0,0.0,0.0,0.2857142857142857,0.0,0.0,0.863120568566631,0.2494977972441098
veux,word,6.0,2.0,0.0,0.0,0.0,0.0,0,0.0,0.0,0.0,0.0,8.0,0.75,0.25,0.0,0.0,0.0,0.0,0.0,0.0,0.0,0.0,0.0,0.8112781244591328,0.23451197014228103
grave,word,2.0,6.0,0.0,0.0,0.0,0.0,0,0.0,0.0,0.0,0.0,8.0,0.25,0.75,0.0,0.0,0.0,0.0,0.0,0.0,0.0,0.0,0.0,0.8112781244591328,0.23451197014228103
degouter,lemma,2.0,6.0,0.0,0.0,0.0,0.0,0,0.0,0.0,0.0,0.0,8.0,0.25,0.75,0.0,0.0,0.0,0.0,0.0,0.0,0.0,0.0,0.0,0.8112781244591328,0.23451197014228103
parle,word,10.0,3.0,0.0,0.0,0.0,0.0,0,0.0,0.0,0.0,0.0,13.0,0.7692307692307693,0.23076923076923078,0.0,0.0,0.0,0.0,0.0,0.0,0.0,0.0,0.0,0.7793498372920851,0.22528262535771074
chose,lemma,7.0,0.0,0.0,0.0,0.0,2.0,0,0.0,0.0,0.0,0.0,9.0,0.7777777777777778,0.0,0.0,0.0,0.0,0.2222222222222222,0.0,0.0,0.0,0.0,0.0,0.7642045065086203,0.22090464294526152
au,word,7.0,2.0,0.0,0.0,0.0,0.0,0,0.0,0.0,0.0,0.0,9.0,0.7777777777777778,0.2222222222222222,0.0,0.0,0.0,0.0,0.0,0.0,0.0,0.0,0.0,0.7642045065086203,0.22090464294526152
au,lemma,7.0,2.0,0.0,0.0,0.0,0.0,0,0.0,0.0,0.0,0.0,9.0,0.7777777777777778,0.2222222222222222,0.0,0.0,0.0,0.0,0.0,0.0,0.0,0.0,0.0,0.7642045065086203,0.22090464294526152
vos,word,11.0,3.0,0.0,0.0,0.0,0.0,0,0.0,0.0,0.0,0.0,14.0,0.7857142857142857,0.21428571428571427,0.0,0.0,0.0,0.0,0.0,0.0,0.0,0.0,0.0,0.74959525725948,0.21668162284842404
deja,word,4.0,0.0,0.0,0.0,0.0,0.0,0,0.0,1.0,0.0,0.0,5.0,0.8,0.0,0.0,0.0,0.0,0.0,0.0,0.0,0.2,0.0,0.0,0.7219280948873623,0.20868401936261904
lesbiennes,word,1.0,4.0,0.0,0.0,0.0,0.0,0,0.0,0.0,0.0,0.0,5.0,0.2,0.8,0.0,0.0,0.0,0.0,0.0,0.0,0.0,0.0,0.0,0.7219280948873623,0.20868401936261904
porter,lemma,4.0,0.0,0.0,0.0,1.0,0.0,0,0.0,0.0,0.0,0.0,5.0,0.8,0.0,0.0,0.0,0.2,0.0,0.0,0.0,0.0,0.0,0.0,0.7219280948873623,0.20868401936261904
porter,word,4.0,0.0,0.0,0.0,1.0,0.0,0,0.0,0.0,0.0,0.0,5.0,0.8,0.0,0.0,0.0,0.2,0.0,0.0,0.0,0.0,0.0,0.0,0.7219280948873623,0.20868401936261904
peu,lemma,4.0,1.0,0.0,0.0,0.0,0.0,0,0.0,0.0,0.0,0.0,5.0,0.8,0.2,0.0,0.0,0.0,0.0,0.0,0.0,0.0,0.0,0.0,0.7219280948873623,0.20868401936261904
avant,lemma,4.0,1.0,0.0,0.0,0.0,0.0,0,0.0,0.0,0.0,0.0,5.0,0.8,0.2,0.0,0.0,0.0,0.0,0.0,0.0,0.0,0.0,0.0,0.7219280948873623,0.20868401936261904
avant,word,4.0,1.0,0.0,0.0,0.0,0.0,0,0.0,0.0,0.0,0.0,5.0,0.8,0.2,0.0,0.0,0.0,0.0,0.0,0.0,0.0,0.0,0.0,0.7219280948873623,0.20868401936261904
religion,word,8.0,0.0,2.0,0.0,0.0,0.0,0,0.0,0.0,0.0,0.0,10.0,0.8,0.0,0.2,0.0,0.0,0.0,0.0,0.0,0.0,0.0,0.0,0.7219280948873623,0.20868401936261904
qu'on,word,8.0,0.0,0.0,0.0,0.0,2.0,0,0.0,0.0,0.0,0.0,10.0,0.8,0.0,0.0,0.0,0.0,0.2,0.0,0.0,0.0,0.0,0.0,0.7219280948873623,0.20868401936261904
mère,word,4.0,1.0,0.0,0.0,0.0,0.0,0,0.0,0.0,0.0,0.0,5.0,0.8,0.2,0.0,0.0,0.0,0.0,0.0,0.0,0.0,0.0,0.0,0.7219280948873623,0.20868401936261904
venir,lemma,4.0,1.0,0.0,0.0,0.0,0.0,0,0.0,0.0,0.0,0.0,5.0,0.8,0.2,0.0,0.0,0.0,0.0,0.0,0.0,0.0,0.0,0.0,0.7219280948873623,0.20868401936261904
ne,lemma,12.0,0.0,0.0,0.0,0.0,3.0,0,0.0,0.0,0.0,0.0,15.0,0.8,0.0,0.0,0.0,0.0,0.2,0.0,0.0,0.0,0.0,0.0,0.7219280948873623,0.20868401936261904
ne,word,12.0,0.0,0.0,0.0,0.0,3.0,0,0.0,0.0,0.0,0.0,15.0,0.8,0.0,0.0,0.0,0.0,0.2,0.0,0.0,0.0,0.0,0.0,0.7219280948873623,0.20868401936261904
mère,lemma,4.0,1.0,0.0,0.0,0.0,0.0,0,0.0,0.0,0.0,0.0,5.0,0.8,0.2,0.0,0.0,0.0,0.0,0.0,0.0,0.0,0.0,0.0,0.7219280948873623,0.20868401936261904
arrete,word,9.0,2.0,0.0,0.0,0.0,0.0,0,0.0,0.0,0.0,0.0,11.0,0.8181818181818182,0.18181818181818182,0.0,0.0,0.0,0.0,0.0,0.0,0.0,0.0,0.0,0.6840384356390417,0.1977314515927593
arrete,lemma,9.0,2.0,0.0,0.0,0.0,0.0,0,0.0,0.0,0.0,0.0,11.0,0.8181818181818182,0.18181818181818182,0.0,0.0,0.0,0.0,0.0,0.0,0.0,0.0,0.0,0.6840384356390417,0.1977314515927593
mere,lemma,14.0,1.0,0.0,0.0,1.0,0.0,0,0.0,0.0,0.0,0.0,16.0,0.875,0.0625,0.0,0.0,0.0625,0.0,0.0,0.0,0.0,0.0,0.0,0.6685644431995964,0.19325846465580673
nous,lemma,14.0,1.0,0.0,0.0,0.0,0.0,0,0.0,0.0,0.0,1.0,16.0,0.875,0.0625,0.0,0.0,0.0,0.0,0.0,0.0,0.0,0.0,0.0625,0.6685644431995964,0.19325846465580673
nous,word,14.0,1.0,0.0,0.0,0.0,0.0,0,0.0,0.0,0.0,1.0,16.0,0.875,0.0625,0.0,0.0,0.0,0.0,0.0,0.0,0.0,0.0,0.0625,0.6685644431995964,0.19325846465580673
blagu,lemma,5.0,1.0,0.0,0.0,0.0,0.0,0,0.0,0.0,0.0,0.0,6.0,0.8333333333333334,0.16666666666666666,0.0,0.0,0.0,0.0,0.0,0.0,0.0,0.0,0.0,0.6500224216483541,0.18789861841651434
religion,lemma,10.0,0.0,2.0,0.0,0.0,0.0,0,0.0,0.0,0.0,0.0,12.0,0.8333333333333334,0.0,0.16666666666666666,0.0,0.0,0.0,0.0,0.0,0.0,0.0,0.0,0.6500224216483541,0.18789861841651434
couilles,word,5.0,1.0,0.0,0.0,0.0,0.0,0,0.0,0.0,0.0,0.0,6.0,0.8333333333333334,0.16666666666666666,0.0,0.0,0.0,0.0,0.0,0.0,0.0,0.0,0.0,0.6500224216483541,0.18789861841651434
couille,lemma,5.0,1.0,0.0,0.0,0.0,0.0,0,0.0,0.0,0.0,0.0,6.0,0.8333333333333334,0.16666666666666666,0.0,0.0,0.0,0.0,0.0,0.0,0.0,0.0,0.0,0.6500224216483541,0.18789861841651434
t'as,word,10.0,2.0,0.0,0.0,0.0,0.0,0,0.0,0.0,0.0,0.0,12.0,0.8333333333333334,0.16666666666666666,0.0,0.0,0.0,0.0,0.0,0.0,0.0,0.0,0.0,0.6500224216483541,0.18789861841651434
ma,word,5.0,1.0,0.0,0.0,0.0,0.0,0,0.0,0.0,0.0,0.0,6.0,0.8333333333333334,0.16666666666666666,0.0,0.0,0.0,0.0,0.0,0.0,0.0,0.0,0.0,0.6500224216483541,0.18789861841651434
v,lemma,11.0,0.0,0.0,0.0,0.0,2.0,0,0.0,0.0,0.0,0.0,13.0,0.8461538461538461,0.0,0.0,0.0,0.0,0.15384615384615385,0.0,0.0,0.0,0.0,0.0,0.6193821946787638,0.17904160652920906
muslim,word,6.0,1.0,0.0,0.0,0.0,0.0,0,0.0,0.0,0.0,0.0,7.0,0.8571428571428571,0.14285714285714285,0.0,0.0,0.0,0.0,0.0,0.0,0.0,0.0,0.0,0.5916727785823275,0.17103178897792262
con,word,6.0,1.0,0.0,0.0,0.0,0.0,0,0.0,0.0,0.0,0.0,7.0,0.8571428571428571,0.14285714285714285,0.0,0.0,0.0,0.0,0.0,0.0,0.0,0.0,0.0,0.5916727785823275,0.17103178897792262
stop,lemma,6.0,1.0,0.0,0.0,0.0,0.0,0,0.0,0.0,0.0,0.0,7.0,0.8571428571428571,0.14285714285714285,0.0,0.0,0.0,0.0,0.0,0.0,0.0,0.0,0.0,0.5916727785823275,0.17103178897792262
ferme,word,6.0,1.0,0.0,0.0,0.0,0.0,0,0.0,0.0,0.0,0.0,7.0,0.8571428571428571,0.14285714285714285,0.0,0.0,0.0,0.0,0.0,0.0,0.0,0.0,0.0,0.5916727785823275,0.17103178897792262
theo,word,6.0,0.0,1.0,0.0,0.0,0.0,0,0.0,0.0,0.0,0.0,7.0,0.8571428571428571,0.0,0.14285714285714285,0.0,0.0,0.0,0.0,0.0,0.0,0.0,0.0,0.5916727785823275,0.17103178897792262
theo,lemma,6.0,0.0,1.0,0.0,0.0,0.0,0,0.0,0.0,0.0,0.0,7.0,0.8571428571428571,0.0,0.14285714285714285,0.0,0.0,0.0,0.0,0.0,0.0,0.0,0.0,0.5916727785823275,0.17103178897792262
muslim,lemma,6.0,1.0,0.0,0.0,0.0,0.0,0,0.0,0.0,0.0,0.0,7.0,0.8571428571428571,0.14285714285714285,0.0,0.0,0.0,0.0,0.0,0.0,0.0,0.0,0.0,0.5916727785823275,0.17103178897792262
stop,word,6.0,1.0,0.0,0.0,0.0,0.0,0,0.0,0.0,0.0,0.0,7.0,0.8571428571428571,0.14285714285714285,0.0,0.0,0.0,0.0,0.0,0.0,0.0,0.0,0.0,0.5916727785823275,0.17103178897792262
ferme,lemma,6.0,1.0,0.0,0.0,0.0,0.0,0,0.0,0.0,0.0,0.0,7.0,0.8571428571428571,0.14285714285714285,0.0,0.0,0.0,0.0,0.0,0.0,0.0,0.0,0.0,0.5916727785823275,0.17103178897792262
casse,word,7.0,0.0,0.0,0.0,0.0,1.0,0,0.0,0.0,0.0,0.0,8.0,0.875,0.0,0.0,0.0,0.0,0.125,0.0,0.0,0.0,0.0,0.0,0.5435644431995964,0.15712536136607075
vs,word,14.0,0.0,0.0,0.0,0.0,2.0,0,0.0,0.0,0.0,0.0,16.0,0.875,0.0,0.0,0.0,0.0,0.125,0.0,0.0,0.0,0.0,0.0,0.5435644431995964,0.15712536136607075
mere,word,13.0,0.0,0.0,0.0,1.0,0.0,0,0.0,0.0,0.0,0.0,14.0,0.9285714285714286,0.0,0.0,0.0,0.07142857142857142,0.0,0.0,0.0,0.0,0.0,0.0,0.37123232664087563,0.10731020802403013
parler,lemma,13.0,1.0,0.0,0.0,0.0,0.0,0,0.0,0.0,0.0,0.0,14.0,0.9285714285714286,0.07142857142857142,0.0,0.0,0.0,0.0,0.0,0.0,0.0,0.0,0.0,0.37123232664087563,0.10731020802403013
tg,lemma,23.0,1.0,0.0,0.0,0.0,0.0,0,0.0,0.0,0.0,0.0,24.0,0.9583333333333334,0.041666666666666664,0.0,0.0,0.0,0.0,0.0,0.0,0.0,0.0,0.0,0.24988229283318544,0.07223218157774035
tg,word,23.0,1.0,0.0,0.0,0.0,0.0,0,0.0,0.0,0.0,0.0,24.0,0.9583333333333334,0.041666666666666664,0.0,0.0,0.0,0.0,0.0,0.0,0.0,0.0,0.0,0.24988229283318544,0.07223218157774035
jaloux,lemma,0.0,0.0,0.0,0.0,0.0,0.0,0,0.0,0.0,0.0,6.0,6.0,0.0,0.0,0.0,0.0,0.0,0.0,0.0,0.0,0.0,0.0,1.0,-0.0,-0.0
vais,word,8.0,0.0,0.0,0.0,0.0,0.0,0,0.0,0.0,0.0,0.0,8.0,1.0,0.0,0.0,0.0,0.0,0.0,0.0,0.0,0.0,0.0,0.0,-0.0,-0.0
avez,word,5.0,0.0,0.0,0.0,0.0,0.0,0,0.0,0.0,0.0,0.0,5.0,1.0,0.0,0.0,0.0,0.0,0.0,0.0,0.0,0.0,0.0,0.0,-0.0,-0.0
laisser,lemma,8.0,0.0,0.0,0.0,0.0,0.0,0,0.0,0.0,0.0,0.0,8.0,1.0,0.0,0.0,0.0,0.0,0.0,0.0,0.0,0.0,0.0,0.0,-0.0,-0.0
niqu,lemma,6.0,0.0,0.0,0.0,0.0,0.0,0,0.0,0.0,0.0,0.0,6.0,1.0,0.0,0.0,0.0,0.0,0.0,0.0,0.0,0.0,0.0,0.0,-0.0,-0.0
jaloux,word,0.0,0.0,0.0,0.0,0.0,0.0,0,0.0,0.0,0.0,5.0,5.0,0.0,0.0,0.0,0.0,0.0,0.0,0.0,0.0,0.0,0.0,1.0,-0.0,-0.0
insulter,lemma,5.0,0.0,0.0,0.0,0.0,0.0,0,0.0,0.0,0.0,0.0,5.0,1.0,0.0,0.0,0.0,0.0,0.0,0.0,0.0,0.0,0.0,0.0,-0.0,-0.0
gueul,lemma,5.0,0.0,0.0,0.0,0.0,0.0,0,0.0,0.0,0.0,0.0,5.0,1.0,0.0,0.0,0.0,0.0,0.0,0.0,0.0,0.0,0.0,0.0,-0.0,-0.0
change,lemma,6.0,0.0,0.0,0.0,0.0,0.0,0,0.0,0.0,0.0,0.0,6.0,1.0,0.0,0.0,0.0,0.0,0.0,0.0,0.0,0.0,0.0,0.0,-0.0,-0.0
change,word,6.0,0.0,0.0,0.0,0.0,0.0,0,0.0,0.0,0.0,0.0,6.0,1.0,0.0,0.0,0.0,0.0,0.0,0.0,0.0,0.0,0.0,0.0,-0.0,-0.0
parler,word,10.0,0.0,0.0,0.0,0.0,0.0,0,0.0,0.0,0.0,0.0,10.0,1.0,0.0,0.0,0.0,0.0,0.0,0.0,0.0,0.0,0.0,0.0,-0.0,-0.0
nique,word,6.0,0.0,0.0,0.0,0.0,0.0,0,0.0,0.0,0.0,0.0,6.0,1.0,0.0,0.0,0.0,0.0,0.0,0.0,0.0,0.0,0.0,0.0,-0.0,-0.0
faites,word,5.0,0.0,0.0,0.0,0.0,0.0,0,0.0,0.0,0.0,0.0,5.0,1.0,0.0,0.0,0.0,0.0,0.0,0.0,0.0,0.0,0.0,0.0,-0.0,-0.0
fait,lemma,6.0,0.0,0.0,0.0,0.0,0.0,0,0.0,0.0,0.0,0.0,6.0,1.0,0.0,0.0,0.0,0.0,0.0,0.0,0.0,0.0,0.0,0.0,-0.0,-0.0
r,lemma,5.0,0.0,0.0,0.0,0.0,0.0,0,0.0,0.0,0.0,0.0,5.0,1.0,0.0,0.0,0.0,0.0,0.0,0.0,0.0,0.0,0.0,0.0,-0.0,-0.0
bah,word,10.0,0.0,0.0,0.0,0.0,0.0,0,0.0,0.0,0.0,0.0,10.0,1.0,0.0,0.0,0.0,0.0,0.0,0.0,0.0,0.0,0.0,0.0,-0.0,-0.0
tereser,lemma,6.0,0.0,0.0,0.0,0.0,0.0,0,0.0,0.0,0.0,0.0,6.0,1.0,0.0,0.0,0.0,0.0,0.0,0.0,0.0,0.0,0.0,0.0,-0.0,-0.0
teresa,word,6.0,0.0,0.0,0.0,0.0,0.0,0,0.0,0.0,0.0,0.0,6.0,1.0,0.0,0.0,0.0,0.0,0.0,0.0,0.0,0.0,0.0,0.0,-0.0,-0.0
avis,word,6.0,0.0,0.0,0.0,0.0,0.0,0,0.0,0.0,0.0,0.0,6.0,1.0,0.0,0.0,0.0,0.0,0.0,0.0,0.0,0.0,0.0,0.0,-0.0,-0.0
bah,lemma,10.0,0.0,0.0,0.0,0.0,0.0,0,0.0,0.0,0.0,0.0,10.0,1.0,0.0,0.0,0.0,0.0,0.0,0.0,0.0,0.0,0.0,0.0,-0.0,-0.0
tranquille,lemma,9.0,0.0,0.0,0.0,0.0,0.0,0,0.0,0.0,0.0,0.0,9.0,1.0,0.0,0.0,0.0,0.0,0.0,0.0,0.0,0.0,0.0,0.0,-0.0,-0.0
tranquille,word,9.0,0.0,0.0,0.0,0.0,0.0,0,0.0,0.0,0.0,0.0,9.0,1.0,0.0,0.0,0.0,0.0,0.0,0.0,0.0,0.0,0.0,0.0,-0.0,-0.0
-,punctuation,7.0,0.0,0.0,0.0,0.0,0.0,0,0.0,0.0,0.0,0.0,7.0,1.0,0.0,0.0,0.0,0.0,0.0,0.0,0.0,0.0,0.0,0.0,-0.0,-0.0
être,word,5.0,0.0,0.0,0.0,0.0,0.0,0,0.0,0.0,0.0,0.0,5.0,1.0,0.0,0.0,0.0,0.0,0.0,0.0,0.0,0.0,0.0,0.0,-0.0,-0.0
