marker_value,marker_type,Comportementale,Designee,Montree,Suggeree,total_count,P(Comportementale),P(Designee),P(Montree),P(Suggeree),entropy,normalized_entropy
devoir,lemma,2.0,2.0,2.0,1.0,7.0,0.2857142857142857,0.2857142857142857,0.2857142857142857,0.14285714285714285,1.950212064914747,0.9751060324573735
place,word,2.0,1.0,2.0,2.0,7.0,0.2857142857142857,0.14285714285714285,0.2857142857142857,0.2857142857142857,1.9502120649147465,0.9751060324573733
place,lemma,2.0,1.0,2.0,2.0,7.0,0.2857142857142857,0.14285714285714285,0.2857142857142857,0.2857142857142857,1.9502120649147465,0.9751060324573733
tkt,lemma,1.0,1.0,1.0,2.0,5.0,0.2,0.2,0.2,0.4,1.9219280948873623,0.9609640474436811
tkt,word,1.0,1.0,1.0,2.0,5.0,0.2,0.2,0.2,0.4,1.9219280948873623,0.9609640474436811
casser,word,1.0,2.0,1.0,2.0,6.0,0.16666666666666666,0.3333333333333333,0.16666666666666666,0.3333333333333333,1.9182958340544896,0.9591479170272448
arabe,lemma,2.0,1.0,3.0,2.0,8.0,0.25,0.125,0.375,0.25,1.9056390622295665,0.9528195311147832
gens,word,2.0,2.0,5.0,3.0,12.0,0.16666666666666666,0.16666666666666666,0.4166666666666667,0.25,1.8879185026711327,0.9439592513355664
gens,lemma,2.0,2.0,5.0,3.0,12.0,0.16666666666666666,0.16666666666666666,0.4166666666666667,0.25,1.8879185026711327,0.9439592513355664
religion,word,3.0,2.0,5.0,2.0,12.0,0.25,0.16666666666666666,0.4166666666666667,0.16666666666666666,1.8879185026711325,0.9439592513355662
photos,word,3.0,2.0,6.0,5.0,16.0,0.1875,0.125,0.375,0.3125,1.882856063692049,0.9414280318460245
sa,word,10.0,10.0,26.0,13.0,59.0,0.1694915254237288,0.1694915254237288,0.4406779661016949,0.22033898305084745,1.869834389950827,0.9349171949754135
elle,word,3.0,8.0,12.0,8.0,31.0,0.0967741935483871,0.25806451612903225,0.3870967741935484,0.25806451612903225,1.864698326166961,0.9323491630834805
va,word,15.0,4.0,14.0,8.0,41.0,0.36585365853658536,0.0975609756097561,0.34146341463414637,0.1951219512195122,1.8476415694245656,0.9238207847122828
photo,lemma,3.0,2.0,7.0,6.0,18.0,0.16666666666666666,0.1111111111111111,0.3888888888888889,0.3333333333333333,1.8412501702815547,0.9206250851407773
voir,word,3.0,2.0,6.0,2.0,13.0,0.23076923076923078,0.15384615384615385,0.46153846153846156,0.15384615384615385,1.8339272176418302,0.9169636088209151
quand,lemma,4.0,3.0,5.0,1.0,13.0,0.3076923076923077,0.23076923076923078,0.38461538461538464,0.07692307692307693,1.8262452584026092,0.9131226292013046
quand,word,4.0,3.0,5.0,1.0,13.0,0.3076923076923077,0.23076923076923078,0.38461538461538464,0.07692307692307693,1.8262452584026092,0.9131226292013046
se,lemma,5.0,1.0,4.0,5.0,15.0,0.3333333333333333,0.06666666666666667,0.26666666666666666,0.3333333333333333,1.8256051990169437,0.9128025995084719
se,word,5.0,1.0,4.0,5.0,15.0,0.3333333333333333,0.06666666666666667,0.26666666666666666,0.3333333333333333,1.8256051990169437,0.9128025995084719
lui,lemma,3.0,10.0,16.0,10.0,39.0,0.07692307692307693,0.2564102564102564,0.41025641025641024,0.2564102564102564,1.818903516300435,0.9094517581502175
faites,word,3.0,1.0,3.0,1.0,8.0,0.375,0.125,0.375,0.125,1.811278124459133,0.9056390622295665
bande,lemma,2.0,4.0,7.0,2.0,15.0,0.13333333333333333,0.26666666666666666,0.4666666666666667,0.13333333333333333,1.7967916319816364,0.8983958159908182
meme,word,3.0,3.0,11.0,7.0,24.0,0.125,0.125,0.4583333333333333,0.2916666666666667,1.7843371980653047,0.8921685990326523
laisse,word,1.0,2.0,5.0,4.0,12.0,0.08333333333333333,0.16666666666666666,0.4166666666666667,0.3333333333333333,1.7841591278514217,0.8920795639257109
religion,lemma,3.0,2.0,7.0,2.0,14.0,0.21428571428571427,0.14285714285714285,0.5,0.14285714285714285,1.7783283537314114,0.8891641768657057
aller,lemma,25.0,6.0,36.0,16.0,83.0,0.30120481927710846,0.07228915662650602,0.43373493975903615,0.1927710843373494,1.7759613614599572,0.8879806807299786
son,lemma,10.0,11.0,40.0,19.0,80.0,0.125,0.1375,0.5,0.2375,1.761168403577281,0.8805842017886405
alors,word,3.0,4.0,12.0,4.0,23.0,0.13043478260869565,0.17391304347826086,0.5217391304347826,0.17391304347826086,1.750760325151911,0.8753801625759555
alors,lemma,3.0,4.0,12.0,4.0,23.0,0.13043478260869565,0.17391304347826086,0.5217391304347826,0.17391304347826086,1.750760325151911,0.8753801625759555
meme,lemma,3.0,2.0,10.0,7.0,22.0,0.13636363636363635,0.09090909090909091,0.45454545454545453,0.3181818181818182,1.74917466839001,0.874587334195005
bien,lemma,5.0,4.0,11.0,2.0,22.0,0.22727272727272727,0.18181818181818182,0.5,0.09090909090909091,1.7474594241169754,0.8737297120584877
bien,word,5.0,4.0,11.0,2.0,22.0,0.22727272727272727,0.18181818181818182,0.5,0.09090909090909091,1.7474594241169754,0.8737297120584877
en,word,7.0,5.0,20.0,6.0,38.0,0.18421052631578946,0.13157894736842105,0.5263157894736842,0.15789473684210525,1.7424153599984744,0.8712076799992372
laisse,lemma,1.0,2.0,6.0,4.0,13.0,0.07692307692307693,0.15384615384615385,0.46153846153846156,0.3076923076923077,1.7381493331928661,0.8690746665964331
ce,word,1.0,5.0,9.0,8.0,23.0,0.043478260869565216,0.21739130434782608,0.391304347826087,0.34782608695652173,1.7349112826910291,0.8674556413455146
vas,word,3.0,2.0,8.0,2.0,15.0,0.2,0.13333333333333333,0.5333333333333333,0.13333333333333333,1.7232314287976205,0.8616157143988102
me,lemma,4.0,4.0,11.0,2.0,21.0,0.19047619047619047,0.19047619047619047,0.5238095238095238,0.09523809523809523,1.72309133682589,0.861545668412945
paul,word,4.0,6.0,22.0,12.0,44.0,0.09090909090909091,0.13636363636363635,0.5,0.2727272727272727,1.7176856953872666,0.8588428476936333
ce,lemma,1.0,5.0,10.0,8.0,24.0,0.041666666666666664,0.20833333333333334,0.4166666666666667,0.3333333333333333,1.717090774749888,0.858545387374944
me,word,4.0,5.0,12.0,2.0,23.0,0.17391304347826086,0.21739130434782608,0.5217391304347826,0.08695652173913043,1.7135971524443743,0.8567985762221871
ca,lemma,4.0,3.0,12.0,3.0,22.0,0.18181818181818182,0.13636363636363635,0.5454545454545454,0.13636363636363635,1.708098663501806,0.854049331750903
ca,word,4.0,3.0,12.0,3.0,22.0,0.18181818181818182,0.13636363636363635,0.5454545454545454,0.13636363636363635,1.708098663501806,0.854049331750903
les,word,10.0,8.0,40.0,18.0,76.0,0.13157894736842105,0.10526315789473684,0.5263157894736842,0.23684210526315788,1.7064136348866152,0.8532068174433076
autre,lemma,5.0,1.0,10.0,5.0,21.0,0.23809523809523808,0.047619047619047616,0.47619047619047616,0.23809523809523808,1.7047668562193676,0.8523834281096838
je,word,11.0,6.0,35.0,12.0,64.0,0.171875,0.09375,0.546875,0.1875,1.6858128373271106,0.8429064186635553
je,lemma,11.0,6.0,35.0,12.0,64.0,0.171875,0.09375,0.546875,0.1875,1.6858128373271106,0.8429064186635553
paul,lemma,4.0,6.0,24.0,12.0,46.0,0.08695652173913043,0.13043478260869565,0.5217391304347826,0.2608695652173913,1.6851179336594355,0.8425589668297178
de,word,20.0,24.0,94.0,31.0,169.0,0.11834319526627218,0.14201183431952663,0.5562130177514792,0.1834319526627219,1.6837841724079476,0.8418920862039738
vous,word,8.0,16.0,54.0,23.0,101.0,0.07920792079207921,0.15841584158415842,0.5346534653465347,0.22772277227722773,1.6799357391266598,0.8399678695633299
bande,word,2.0,5.0,10.0,2.0,19.0,0.10526315789473684,0.2631578947368421,0.5263157894736842,0.10526315789473684,1.677984280637773,0.8389921403188865
c'est,word,3.0,6.0,16.0,4.0,29.0,0.10344827586206896,0.20689655172413793,0.5517241379310345,0.13793103448275862,1.6764409086968683,0.8382204543484342
cela,lemma,3.0,2.0,13.0,8.0,26.0,0.11538461538461539,0.07692307692307693,0.5,0.3076923076923077,1.6673395705257974,0.8336697852628987
vous,lemma,8.0,16.0,56.0,23.0,103.0,0.07766990291262135,0.1553398058252427,0.5436893203883495,0.22330097087378642,1.664618967721693,0.8323094838608465
veut,word,4.0,3.0,9.0,1.0,17.0,0.23529411764705882,0.17647058823529413,0.5294117647058824,0.058823529411764705,1.6589797521242051,0.8294898760621026
pas,lemma,16.0,16.0,71.0,21.0,124.0,0.12903225806451613,0.12903225806451613,0.5725806451612904,0.1693548387096774,1.6568518639095657,0.8284259319547829
pas,word,16.0,16.0,71.0,21.0,124.0,0.12903225806451613,0.12903225806451613,0.5725806451612904,0.1693548387096774,1.6568518639095657,0.8284259319547829
on,word,17.0,4.0,38.0,13.0,72.0,0.2361111111111111,0.05555555555555555,0.5277777777777778,0.18055555555555555,1.6558440271652817,0.8279220135826408
vouloir,lemma,5.0,3.0,16.0,4.0,28.0,0.17857142857142858,0.10714285714285714,0.5714285714285714,0.14285714285714285,1.6514789228933084,0.8257394614466542
en,lemma,7.0,8.0,33.0,9.0,57.0,0.12280701754385964,0.14035087719298245,0.5789473684210527,0.15789473684210525,1.6461213228276717,0.8230606614138358
voir,lemma,3.0,3.0,17.0,11.0,34.0,0.08823529411764706,0.08823529411764706,0.5,0.3235294117647059,1.6448042791740753,0.8224021395870377
est,word,2.0,2.0,11.0,9.0,24.0,0.08333333333333333,0.08333333333333333,0.4583333333333333,0.375,1.6440011333048612,0.8220005666524306
',punctuation,19.0,33.0,121.0,39.0,212.0,0.08962264150943396,0.15566037735849056,0.5707547169811321,0.18396226415094338,1.6407092897513562,0.8203546448756781
ne,word,2.0,1.0,8.0,4.0,15.0,0.13333333333333333,0.06666666666666667,0.5333333333333333,0.26666666666666666,1.640223928941852,0.820111964470926
ne,lemma,2.0,1.0,8.0,4.0,15.0,0.13333333333333333,0.06666666666666667,0.5333333333333333,0.26666666666666666,1.640223928941852,0.820111964470926
bon,word,3.0,2.0,11.0,3.0,19.0,0.15789473684210525,0.10526315789473684,0.5789473684210527,0.15789473684210525,1.6393210497942587,0.8196605248971294
bon,lemma,3.0,2.0,11.0,3.0,19.0,0.15789473684210525,0.10526315789473684,0.5789473684210527,0.15789473684210525,1.6393210497942587,0.8196605248971294
casser,lemma,1.0,3.0,10.0,5.0,19.0,0.05263157894736842,0.15789473684210525,0.5263157894736842,0.2631578947368421,1.6382533594712747,0.8191266797356374
pour,word,6.0,3.0,19.0,5.0,33.0,0.18181818181818182,0.09090909090909091,0.5757575757575758,0.15151515151515152,1.6327297031052612,0.8163648515526306
pour,lemma,6.0,3.0,19.0,5.0,33.0,0.18181818181818182,0.09090909090909091,0.5757575757575758,0.15151515151515152,1.6327297031052612,0.8163648515526306
de,lemma,20.0,26.0,117.0,41.0,204.0,0.09803921568627451,0.12745098039215685,0.5735294117647058,0.20098039215686275,1.632512111824361,0.8162560559121805
il,lemma,3.0,6.0,25.0,13.0,47.0,0.06382978723404255,0.1276595744680851,0.5319148936170213,0.2765957446808511,1.6297636689820476,0.8148818344910238
on,lemma,18.0,4.0,45.0,15.0,82.0,0.21951219512195122,0.04878048780487805,0.5487804878048781,0.18292682926829268,1.6161447083385134,0.8080723541692567
negre,lemma,3.0,0.0,3.0,3.0,9.0,0.3333333333333333,0.0,0.3333333333333333,0.3333333333333333,1.584962500721156,0.792481250360578
repostez,word,3.0,0.0,3.0,3.0,9.0,0.3333333333333333,0.0,0.3333333333333333,0.3333333333333333,1.584962500721156,0.792481250360578
reposter,lemma,3.0,0.0,3.0,3.0,9.0,0.3333333333333333,0.0,0.3333333333333333,0.3333333333333333,1.584962500721156,0.792481250360578
réconforter,word,2.0,0.0,2.0,2.0,6.0,0.3333333333333333,0.0,0.3333333333333333,0.3333333333333333,1.584962500721156,0.792481250360578
réconforter,lemma,2.0,0.0,2.0,2.0,6.0,0.3333333333333333,0.0,0.3333333333333333,0.3333333333333333,1.584962500721156,0.792481250360578
remettre,lemma,2.0,2.0,0.0,2.0,6.0,0.3333333333333333,0.3333333333333333,0.0,0.3333333333333333,1.584962500721156,0.792481250360578
story,lemma,3.0,0.0,3.0,3.0,9.0,0.3333333333333333,0.0,0.3333333333333333,0.3333333333333333,1.584962500721156,0.792481250360578
story,word,3.0,0.0,3.0,3.0,9.0,0.3333333333333333,0.0,0.3333333333333333,0.3333333333333333,1.584962500721156,0.792481250360578
negre,word,3.0,0.0,3.0,3.0,9.0,0.3333333333333333,0.0,0.3333333333333333,0.3333333333333333,1.584962500721156,0.792481250360578
oyé,word,3.0,0.0,3.0,3.0,9.0,0.3333333333333333,0.0,0.3333333333333333,0.3333333333333333,1.584962500721156,0.792481250360578
oyer,lemma,3.0,0.0,3.0,3.0,9.0,0.3333333333333333,0.0,0.3333333333333333,0.3333333333333333,1.584962500721156,0.792481250360578
tu,lemma,14.0,10.0,57.0,12.0,93.0,0.15053763440860216,0.10752688172043011,0.6129032258064516,0.12903225806451613,1.57123912644433,0.785619563222165
avec,word,2.0,4.0,12.0,2.0,20.0,0.1,0.2,0.6,0.1,1.5709505944546687,0.7854752972273343
avec,lemma,2.0,4.0,12.0,2.0,20.0,0.1,0.2,0.6,0.1,1.5709505944546687,0.7854752972273343
ça,word,3.0,2.0,17.0,8.0,30.0,0.1,0.06666666666666667,0.5666666666666667,0.26666666666666666,1.565498735494544,0.782749367747272
tout,word,0.0,2.0,3.0,3.0,8.0,0.0,0.25,0.375,0.375,1.561278124459133,0.7806390622295665
trop,lemma,0.0,3.0,2.0,2.0,7.0,0.0,0.42857142857142855,0.2857142857142857,0.2857142857142857,1.5566567074628228,0.7783283537314114
trop,word,0.0,3.0,2.0,2.0,7.0,0.0,0.42857142857142855,0.2857142857142857,0.2857142857142857,1.5566567074628228,0.7783283537314114
eter,lemma,0.0,3.0,2.0,2.0,7.0,0.0,0.42857142857142855,0.2857142857142857,0.2857142857142857,1.5566567074628228,0.7783283537314114
etait,word,0.0,3.0,2.0,2.0,7.0,0.0,0.42857142857142855,0.2857142857142857,0.2857142857142857,1.5566567074628228,0.7783283537314114
être,lemma,8.0,14.0,74.0,31.0,127.0,0.06299212598425197,0.11023622047244094,0.5826771653543307,0.2440944881889764,1.5526011939584505,0.7763005969792253
juste,lemma,1.0,1.0,7.0,3.0,12.0,0.08333333333333333,0.08333333333333333,0.5833333333333334,0.25,1.5510981710072647,0.7755490855036323
juste,word,1.0,1.0,7.0,3.0,12.0,0.08333333333333333,0.08333333333333333,0.5833333333333334,0.25,1.5510981710072647,0.7755490855036323
allez,word,3.0,1.0,7.0,1.0,12.0,0.25,0.08333333333333333,0.5833333333333334,0.08333333333333333,1.5510981710072647,0.7755490855036323
tout,lemma,3.0,2.0,19.0,12.0,36.0,0.08333333333333333,0.05555555555555555,0.5277777777777778,0.3333333333333333,1.5453399940466048,0.7726699970233024
le,lemma,33.0,18.0,168.0,61.0,280.0,0.11785714285714285,0.06428571428571428,0.6,0.21785714285714286,1.5392545862915439,0.7696272931457719
a,word,12.0,5.0,51.0,16.0,84.0,0.14285714285714285,0.05952380952380952,0.6071428571428571,0.19047619047619047,1.5360926260687964,0.7680463130343982
mec,lemma,0.0,3.0,2.0,4.0,9.0,0.0,0.3333333333333333,0.2222222222222222,0.4444444444444444,1.5304930567574826,0.7652465283787413
mec,word,0.0,3.0,2.0,4.0,9.0,0.0,0.3333333333333333,0.2222222222222222,0.4444444444444444,1.5304930567574826,0.7652465283787413
tomber,lemma,0.0,1.0,2.0,2.0,5.0,0.0,0.2,0.4,0.4,1.5219280948873621,0.7609640474436811
tomber,word,0.0,1.0,2.0,2.0,5.0,0.0,0.2,0.4,0.4,1.5219280948873621,0.7609640474436811
peut,word,2.0,0.0,2.0,1.0,5.0,0.4,0.0,0.4,0.2,1.5219280948873621,0.7609640474436811
dire,word,2.0,0.0,2.0,1.0,5.0,0.4,0.0,0.4,0.2,1.5219280948873621,0.7609640474436811
rire,lemma,0.0,2.0,1.0,2.0,5.0,0.0,0.4,0.2,0.4,1.5219280948873621,0.7609640474436811
n'est,word,1.0,2.0,0.0,2.0,5.0,0.2,0.4,0.0,0.4,1.5219280948873621,0.7609640474436811
sont,word,0.0,1.0,2.0,2.0,5.0,0.0,0.2,0.4,0.4,1.5219280948873621,0.7609640474436811
devoir,word,2.0,2.0,1.0,0.0,5.0,0.4,0.4,0.2,0.0,1.5219280948873621,0.7609640474436811
sortir,word,0.0,1.0,2.0,2.0,5.0,0.0,0.2,0.4,0.4,1.5219280948873621,0.7609640474436811
sortir,lemma,0.0,1.0,2.0,2.0,5.0,0.0,0.2,0.4,0.4,1.5219280948873621,0.7609640474436811
la,word,20.0,9.0,96.0,33.0,158.0,0.12658227848101267,0.056962025316455694,0.6075949367088608,0.2088607594936709,1.5215700335012294,0.7607850167506147
mais,lemma,9.0,15.0,65.0,13.0,102.0,0.08823529411764706,0.14705882352941177,0.6372549019607843,0.12745098039215685,1.5087752622676491,0.7543876311338246
mais,word,9.0,15.0,65.0,13.0,102.0,0.08823529411764706,0.14705882352941177,0.6372549019607843,0.12745098039215685,1.5087752622676491,0.7543876311338246
comme,word,1.0,4.0,17.0,7.0,29.0,0.034482758620689655,0.13793103448275862,0.5862068965517241,0.2413793103448276,1.5083826242427791,0.7541913121213896
comme,lemma,1.0,4.0,17.0,7.0,29.0,0.034482758620689655,0.13793103448275862,0.5862068965517241,0.2413793103448276,1.5083826242427791,0.7541913121213896
autre,word,2.0,0.0,4.0,2.0,8.0,0.25,0.0,0.5,0.25,1.5,0.75
aimer,lemma,0.0,3.0,6.0,3.0,12.0,0.0,0.25,0.5,0.25,1.5,0.75
savoir,lemma,0.0,3.0,7.0,4.0,14.0,0.0,0.21428571428571427,0.5,0.2857142857142857,1.4926140680171258,0.7463070340085629
mon,word,1.0,1.0,7.0,2.0,11.0,0.09090909090909091,0.09090909090909091,0.6363636363636364,0.18181818181818182,1.4911148500551854,0.7455574250275927
tu,word,14.0,13.0,80.0,15.0,122.0,0.11475409836065574,0.10655737704918032,0.6557377049180327,0.12295081967213115,1.47363658535176,0.73681829267588
mérite,lemma,0.0,2.0,5.0,6.0,13.0,0.0,0.15384615384615385,0.38461538461538464,0.46153846153846156,1.4604846813131116,0.7302423406565558
mérite,word,0.0,2.0,5.0,6.0,13.0,0.0,0.15384615384615385,0.38461538461538464,0.46153846153846156,1.4604846813131116,0.7302423406565558
insulte,word,3.0,2.0,1.0,0.0,6.0,0.5,0.3333333333333333,0.16666666666666666,0.0,1.4591479170272448,0.7295739585136224
faut,word,0.0,3.0,2.0,1.0,6.0,0.0,0.5,0.3333333333333333,0.16666666666666666,1.4591479170272448,0.7295739585136224
qu'elle,word,0.0,2.0,3.0,1.0,6.0,0.0,0.3333333333333333,0.5,0.16666666666666666,1.4591479170272448,0.7295739585136224
t'ai,word,0.0,1.0,3.0,2.0,6.0,0.0,0.16666666666666666,0.5,0.3333333333333333,1.4591479170272446,0.7295739585136223
sort,word,1.0,0.0,3.0,2.0,6.0,0.16666666666666666,0.0,0.5,0.3333333333333333,1.4591479170272446,0.7295739585136223
rire,word,0.0,3.0,1.0,2.0,6.0,0.0,0.5,0.16666666666666666,0.3333333333333333,1.4591479170272446,0.7295739585136223
sort,lemma,1.0,0.0,3.0,2.0,6.0,0.16666666666666666,0.0,0.5,0.3333333333333333,1.4591479170272446,0.7295739585136223
dire,lemma,4.0,1.0,18.0,6.0,29.0,0.13793103448275862,0.034482758620689655,0.6206896551724138,0.20689655172413793,1.4590697871865872,0.7295348935932936
avoir,lemma,16.0,8.0,83.0,21.0,128.0,0.125,0.0625,0.6484375,0.1640625,1.458070791561338,0.729035395780669
falloir,lemma,0.0,3.0,3.0,1.0,7.0,0.0,0.42857142857142855,0.42857142857142855,0.14285714285714285,1.4488156357251847,0.7244078178625923
pourquoi,lemma,1.0,0.0,3.0,3.0,7.0,0.14285714285714285,0.0,0.42857142857142855,0.42857142857142855,1.4488156357251847,0.7244078178625923
chose,word,1.0,0.0,3.0,3.0,7.0,0.14285714285714285,0.0,0.42857142857142855,0.42857142857142855,1.4488156357251847,0.7244078178625923
pourquoi,word,1.0,0.0,3.0,3.0,7.0,0.14285714285714285,0.0,0.42857142857142855,0.42857142857142855,1.4488156357251847,0.7244078178625923
c,word,2.0,5.0,30.0,11.0,48.0,0.041666666666666664,0.10416666666666667,0.625,0.22916666666666666,1.4418352893106845,0.7209176446553422
c,lemma,2.0,5.0,30.0,11.0,48.0,0.041666666666666664,0.10416666666666667,0.625,0.22916666666666666,1.4418352893106845,0.7209176446553422
frr,lemma,0.0,2.0,5.0,2.0,9.0,0.0,0.2222222222222222,0.5555555555555556,0.2222222222222222,1.4355205042826666,0.7177602521413333
frr,word,0.0,2.0,5.0,2.0,9.0,0.0,0.2222222222222222,0.5555555555555556,0.2222222222222222,1.4355205042826666,0.7177602521413333
votre,word,0.0,2.0,6.0,3.0,11.0,0.0,0.18181818181818182,0.5454545454545454,0.2727272727272727,1.4353713907745331,0.7176856953872666
arthur,word,2.0,0.0,6.0,3.0,11.0,0.18181818181818182,0.0,0.5454545454545454,0.2727272727272727,1.4353713907745331,0.7176856953872666
arthur,lemma,2.0,0.0,6.0,3.0,11.0,0.18181818181818182,0.0,0.5454545454545454,0.2727272727272727,1.4353713907745331,0.7176856953872666
fatima,word,1.0,1.0,9.0,3.0,14.0,0.07142857142857142,0.07142857142857142,0.6428571428571429,0.21428571428571427,1.4299111709758698,0.7149555854879349
ou,word,2.0,1.0,8.0,1.0,12.0,0.16666666666666666,0.08333333333333333,0.6666666666666666,0.08333333333333333,1.4182958340544896,0.7091479170272448
que,lemma,3.0,7.0,43.0,13.0,66.0,0.045454545454545456,0.10606060606060606,0.6515151515151515,0.19696969696969696,1.4104324111070732,0.7052162055535366
que,word,3.0,7.0,43.0,13.0,66.0,0.045454545454545456,0.10606060606060606,0.6515151515151515,0.19696969696969696,1.4104324111070732,0.7052162055535366
tous,word,3.0,0.0,12.0,9.0,24.0,0.125,0.0,0.5,0.375,1.4056390622295665,0.7028195311147832
",",punctuation,5.0,2.0,28.0,7.0,42.0,0.11904761904761904,0.047619047619047616,0.6666666666666666,0.16666666666666666,1.3954825954822614,0.6977412977411307
parce,word,0.0,1.0,4.0,4.0,9.0,0.0,0.1111111111111111,0.4444444444444444,0.4444444444444444,1.3921472236645345,0.6960736118322672
parce,lemma,0.0,1.0,4.0,4.0,9.0,0.0,0.1111111111111111,0.4444444444444444,0.4444444444444444,1.3921472236645345,0.6960736118322672
fait,word,0.0,2.0,7.0,3.0,12.0,0.0,0.16666666666666666,0.5833333333333334,0.25,1.384431504340598,0.692215752170299
qu'il,word,0.0,2.0,1.0,4.0,7.0,0.0,0.2857142857142857,0.14285714285714285,0.5714285714285714,1.3787834934861753,0.6893917467430877
deja,word,2.0,1.0,4.0,0.0,7.0,0.2857142857142857,0.14285714285714285,0.5714285714285714,0.0,1.3787834934861753,0.6893917467430877
marrant,lemma,0.0,4.0,1.0,2.0,7.0,0.0,0.5714285714285714,0.14285714285714285,0.2857142857142857,1.3787834934861753,0.6893917467430877
marrant,word,0.0,4.0,1.0,2.0,7.0,0.0,0.5714285714285714,0.14285714285714285,0.2857142857142857,1.3787834934861753,0.6893917467430877
fait,lemma,2.0,0.0,4.0,1.0,7.0,0.2857142857142857,0.0,0.5714285714285714,0.14285714285714285,1.3787834934861753,0.6893917467430877
avant,word,1.0,0.0,3.0,1.0,5.0,0.2,0.0,0.6,0.2,1.3709505944546687,0.6854752972273344
avant,lemma,1.0,0.0,3.0,1.0,5.0,0.2,0.0,0.6,0.2,1.3709505944546687,0.6854752972273344
justine,lemma,0.0,1.0,3.0,1.0,5.0,0.0,0.2,0.6,0.2,1.3709505944546687,0.6854752972273344
vais,word,2.0,0.0,6.0,2.0,10.0,0.2,0.0,0.6,0.2,1.3709505944546687,0.6854752972273344
cul,word,0.0,1.0,3.0,1.0,5.0,0.0,0.2,0.6,0.2,1.3709505944546687,0.6854752972273344
porter,lemma,1.0,0.0,3.0,1.0,5.0,0.2,0.0,0.6,0.2,1.3709505944546687,0.6854752972273344
cul,lemma,0.0,1.0,3.0,1.0,5.0,0.0,0.2,0.6,0.2,1.3709505944546687,0.6854752972273344
justine,word,0.0,1.0,3.0,1.0,5.0,0.0,0.2,0.6,0.2,1.3709505944546687,0.6854752972273344
paix,lemma,1.0,0.0,3.0,1.0,5.0,0.2,0.0,0.6,0.2,1.3709505944546687,0.6854752972273344
porter,word,1.0,0.0,3.0,1.0,5.0,0.2,0.0,0.6,0.2,1.3709505944546687,0.6854752972273344
y,word,2.0,0.0,6.0,2.0,10.0,0.2,0.0,0.6,0.2,1.3709505944546687,0.6854752972273344
paix,word,1.0,0.0,3.0,1.0,5.0,0.2,0.0,0.6,0.2,1.3709505944546687,0.6854752972273344
te,word,10.0,4.0,35.0,3.0,52.0,0.19230769230769232,0.07692307692307693,0.6730769230769231,0.057692307692307696,1.3639190634466516,0.6819595317233258
nous,word,6.0,1.0,13.0,1.0,21.0,0.2857142857142857,0.047619047619047616,0.6190476190476191,0.047619047619047616,1.3630083113425158,0.6815041556712579
nous,lemma,6.0,1.0,13.0,1.0,21.0,0.2857142857142857,0.047619047619047616,0.6190476190476191,0.047619047619047616,1.3630083113425158,0.6815041556712579
ils,word,0.0,1.0,5.0,4.0,10.0,0.0,0.1,0.5,0.4,1.360964047443681,0.6804820237218405
ou,lemma,2.0,1.0,9.0,1.0,13.0,0.15384615384615385,0.07692307692307693,0.6923076923076923,0.07692307692307693,1.3520301017579528,0.6760150508789764
fatimer,lemma,1.0,1.0,9.0,2.0,13.0,0.07692307692307693,0.07692307692307693,0.6923076923076923,0.15384615384615385,1.3520301017579528,0.6760150508789764
chose,lemma,1.0,0.0,5.0,3.0,9.0,0.1111111111111111,0.0,0.5555555555555556,0.3333333333333333,1.3516441151533924,0.6758220575766962
le,word,4.0,2.0,32.0,10.0,48.0,0.08333333333333333,0.041666666666666664,0.6666666666666666,0.20833333333333334,1.3512274809529556,0.6756137404764778
rien,lemma,6.0,0.0,22.0,8.0,36.0,0.16666666666666666,0.0,0.6111111111111112,0.2222222222222222,1.3472230399326601,0.6736115199663301
rien,word,6.0,0.0,22.0,8.0,36.0,0.16666666666666666,0.0,0.6111111111111112,0.2222222222222222,1.3472230399326601,0.6736115199663301
son,word,0.0,1.0,6.0,5.0,12.0,0.0,0.08333333333333333,0.5,0.4166666666666667,1.3250112108241772,0.6625056054120886
juif,lemma,1.0,1.0,11.0,3.0,16.0,0.0625,0.0625,0.6875,0.1875,1.3244602933016414,0.6622301466508207
mon,lemma,1.0,1.0,15.0,7.0,24.0,0.041666666666666664,0.041666666666666664,0.625,0.2916666666666667,1.324344026199031,0.6621720130995155
te,lemma,10.0,5.0,41.0,3.0,59.0,0.1694915254237288,0.0847457627118644,0.6949152542372882,0.05084745762711865,1.3191948948734455,0.6595974474367228
quoi,lemma,4.0,5.0,35.0,5.0,49.0,0.08163265306122448,0.10204081632653061,0.7142857142857143,0.10204081632653061,1.3138080779530155,0.6569040389765077
quoi,word,4.0,5.0,35.0,5.0,49.0,0.08163265306122448,0.10204081632653061,0.7142857142857143,0.10204081632653061,1.3138080779530155,0.6569040389765077
arrete,word,2.0,0.0,7.0,2.0,11.0,0.18181818181818182,0.0,0.6363636363636364,0.18181818181818182,1.3092966682370037,0.6546483341185019
arrete,lemma,2.0,0.0,7.0,2.0,11.0,0.18181818181818182,0.0,0.6363636363636364,0.18181818181818182,1.3092966682370037,0.6546483341185019
y,lemma,2.0,0.0,7.0,2.0,11.0,0.18181818181818182,0.0,0.6363636363636364,0.18181818181818182,1.3092966682370037,0.6546483341185019
pouvoir,lemma,2.0,0.0,5.0,1.0,8.0,0.25,0.0,0.625,0.125,1.2987949406953985,0.6493974703476992
fou,word,0.0,3.0,6.0,1.0,10.0,0.0,0.3,0.6,0.1,1.295461844238322,0.647730922119161
autres,word,1.0,0.0,6.0,3.0,10.0,0.1,0.0,0.6,0.3,1.295461844238322,0.647730922119161
brice,word,4.0,1.0,19.0,3.0,27.0,0.14814814814814814,0.037037037037037035,0.7037037037037037,0.1111111111111111,1.2932019370674834,0.6466009685337417
l,lemma,4.0,0.0,7.0,1.0,12.0,0.3333333333333333,0.0,0.5833333333333334,0.08333333333333333,1.2806721295208872,0.6403360647604436
l,word,4.0,0.0,7.0,1.0,12.0,0.3333333333333333,0.0,0.5833333333333334,0.08333333333333333,1.2806721295208872,0.6403360647604436
si,lemma,5.0,1.0,26.0,5.0,37.0,0.13513513513513514,0.02702702702702703,0.7027027027027027,0.13513513513513514,1.278893538046733,0.6394467690233665
si,word,5.0,1.0,26.0,5.0,37.0,0.13513513513513514,0.02702702702702703,0.7027027027027027,0.13513513513513514,1.278893538046733,0.6394467690233665
faire,lemma,9.0,2.0,36.0,4.0,51.0,0.17647058823529413,0.0392156862745098,0.7058823529411765,0.0784313725490196,1.2675895563851416,0.6337947781925708
s'en,word,0.0,2.0,10.0,3.0,15.0,0.0,0.13333333333333333,0.6666666666666666,0.2,1.2419460322060458,0.6209730161030229
fou,lemma,0.0,3.0,7.0,1.0,11.0,0.0,0.2727272727272727,0.6363636363636364,0.09090909090909091,1.2406705316766884,0.6203352658383442
non,word,0.0,1.0,8.0,4.0,13.0,0.0,0.07692307692307693,0.6153846153846154,0.3076923076923077,1.2389012566026305,0.6194506283013153
non,lemma,0.0,1.0,8.0,4.0,13.0,0.0,0.07692307692307693,0.6153846153846154,0.3076923076923077,1.2389012566026305,0.6194506283013153
tranquille,word,1.0,0.0,6.0,2.0,9.0,0.1111111111111111,0.0,0.6666666666666666,0.2222222222222222,1.224394445405986,0.612197222702993
tranquille,lemma,1.0,0.0,6.0,2.0,9.0,0.1111111111111111,0.0,0.6666666666666666,0.2222222222222222,1.224394445405986,0.612197222702993
et,word,11.0,3.0,72.0,13.0,99.0,0.1111111111111111,0.030303030303030304,0.7272727272727273,0.13131313131313133,1.2238116529396659,0.6119058264698329
et,lemma,11.0,3.0,72.0,13.0,99.0,0.1111111111111111,0.030303030303030304,0.7272727272727273,0.13131313131313133,1.2238116529396659,0.6119058264698329
?,punctuation,6.0,2.0,36.0,5.0,49.0,0.12244897959183673,0.04081632653061224,0.7346938775510204,0.10204081632653061,1.2221238128766982,0.6110619064383491
lui,word,4.0,1.0,9.0,0.0,14.0,0.2857142857142857,0.07142857142857142,0.6428571428571429,0.0,1.1981174211304033,0.5990587105652017
luire,lemma,4.0,1.0,9.0,0.0,14.0,0.2857142857142857,0.07142857142857142,0.6428571428571429,0.0,1.1981174211304033,0.5990587105652017
toi,word,2.0,3.0,34.0,7.0,46.0,0.043478260869565216,0.06521739130434782,0.7391304347826086,0.15217391304347827,1.1892117699900948,0.5946058849950474
croire,lemma,0.0,1.0,8.0,3.0,12.0,0.0,0.08333333333333333,0.6666666666666666,0.25,1.188721875540867,0.5943609377704335
êtes,word,1.0,0.0,8.0,3.0,12.0,0.08333333333333333,0.0,0.6666666666666666,0.25,1.188721875540867,0.5943609377704335
une,word,2.0,1.0,20.0,4.0,27.0,0.07407407407407407,0.037037037037037035,0.7407407407407407,0.14814814814814814,1.1830889133580151,0.5915444566790076
toi,lemma,2.0,3.0,35.0,7.0,47.0,0.0425531914893617,0.06382978723404255,0.7446808510638298,0.14893617021276595,1.1730723080682646,0.5865361540341323
des,word,0.0,4.0,32.0,11.0,47.0,0.0,0.0851063829787234,0.6808510638297872,0.23404255319148937,1.1704665579540146,0.5852332789770073
arrêter,lemma,1.0,0.0,11.0,5.0,17.0,0.058823529411764705,0.0,0.6470588235294118,0.29411764705882354,1.1660870601063933,0.5830435300531966
qu'on,word,1.0,0.0,7.0,2.0,10.0,0.1,0.0,0.7,0.2,1.1567796494470395,0.5783898247235197
laisser,lemma,2.0,0.0,7.0,1.0,10.0,0.2,0.0,0.7,0.1,1.1567796494470395,0.5783898247235197
brice,lemma,4.0,1.0,17.0,1.0,23.0,0.17391304347826086,0.043478260869565216,0.7391304347826086,0.043478260869565216,1.1545676820893709,0.5772838410446854
il,word,2.0,1.0,19.0,3.0,25.0,0.08,0.04,0.76,0.12,1.145235779471061,0.5726178897355305
un,word,5.0,0.0,26.0,5.0,36.0,0.1388888888888889,0.0,0.7222222222222222,0.1388888888888889,1.1301829564272563,0.5650914782136282
.,punctuation,1.0,0.0,16.0,8.0,25.0,0.04,0.0,0.64,0.32,1.1238561897747248,0.5619280948873624
vie,word,3.0,3.0,23.0,1.0,30.0,0.1,0.1,0.7666666666666667,0.03333333333333333,1.1218339291539108,0.5609169645769554
vie,lemma,3.0,3.0,23.0,1.0,30.0,0.1,0.1,0.7666666666666667,0.03333333333333333,1.1218339291539108,0.5609169645769554
ton,lemma,5.0,3.0,56.0,9.0,73.0,0.0684931506849315,0.0410958904109589,0.7671232876712328,0.1232876712328767,1.1198830708689635,0.5599415354344818
à,lemma,3.0,0.0,21.0,5.0,29.0,0.10344827586206896,0.0,0.7241379310344828,0.1724137931034483,1.1130432759912188,0.5565216379956094
à,word,3.0,0.0,19.0,4.0,26.0,0.11538461538461539,0.0,0.7307692307692307,0.15384615384615385,1.1056124005414156,0.5528062002707078
un,lemma,7.0,3.0,74.0,12.0,96.0,0.07291666666666667,0.03125,0.7708333333333334,0.125,1.0961555109111265,0.5480777554555633
dit,word,2.0,1.0,8.0,0.0,11.0,0.18181818181818182,0.09090909090909091,0.7272727272727273,0.0,1.0957952550009336,0.5478976275004668
gros,word,0.0,2.0,27.0,10.0,39.0,0.0,0.05128205128205128,0.6923076923076923,0.2564102564102564,1.0904985391882156,0.5452492695941078
qui,word,0.0,1.0,14.0,5.0,20.0,0.0,0.05,0.7,0.25,1.076297625725199,0.5381488128625995
qui,lemma,0.0,1.0,14.0,5.0,20.0,0.0,0.05,0.7,0.25,1.076297625725199,0.5381488128625995
ici,lemma,0.0,1.0,6.0,1.0,8.0,0.0,0.125,0.75,0.125,1.061278124459133,0.5306390622295665
ici,word,0.0,1.0,6.0,1.0,8.0,0.0,0.125,0.75,0.125,1.061278124459133,0.5306390622295665
gueule,lemma,1.0,1.0,6.0,0.0,8.0,0.125,0.125,0.75,0.0,1.061278124459133,0.5306390622295665
bah,word,1.0,0.0,9.0,2.0,12.0,0.08333333333333333,0.0,0.75,0.16666666666666666,1.0408520829727552,0.5204260414863776
bah,lemma,1.0,0.0,9.0,2.0,12.0,0.08333333333333333,0.0,0.75,0.16666666666666666,1.0408520829727552,0.5204260414863776
ton,word,0.0,1.0,14.0,4.0,19.0,0.0,0.05263157894736842,0.7368421052631579,0.21052631578947367,1.0214554656116666,0.5107277328058333
ta,word,3.0,2.0,40.0,5.0,50.0,0.06,0.04,0.8,0.1,1.0190231543328292,0.5095115771664146
vs,word,1.0,0.0,12.0,3.0,16.0,0.0625,0.0,0.75,0.1875,1.014097655573916,0.507048827786958
ptdrrr,word,0.0,0.0,3.0,3.0,6.0,0.0,0.0,0.5,0.5,1.0,0.5
ptdrrr,lemma,0.0,0.0,3.0,3.0,6.0,0.0,0.0,0.5,0.5,1.0,0.5
défendre,lemma,0.0,0.0,5.0,5.0,10.0,0.0,0.0,0.5,0.5,1.0,0.5
défendre,word,0.0,0.0,5.0,5.0,10.0,0.0,0.0,0.5,0.5,1.0,0.5
toiausssi,word,0.0,0.0,3.0,3.0,6.0,0.0,0.0,0.5,0.5,1.0,0.5
plats,word,0.0,0.0,3.0,3.0,6.0,0.0,0.0,0.5,0.5,1.0,0.5
voyais,word,0.0,0.0,3.0,3.0,6.0,0.0,0.0,0.5,0.5,1.0,0.5
soirs,word,0.0,0.0,3.0,3.0,6.0,0.0,0.0,0.5,0.5,1.0,0.5
suicider,lemma,3.0,0.0,3.0,0.0,6.0,0.5,0.0,0.5,0.0,1.0,0.5
soir,lemma,0.0,0.0,3.0,3.0,6.0,0.0,0.0,0.5,0.5,1.0,0.5
grvvv,lemma,0.0,0.0,3.0,3.0,6.0,0.0,0.0,0.5,0.5,1.0,0.5
channger,lemma,0.0,0.0,3.0,3.0,6.0,0.0,0.0,0.5,0.5,1.0,0.5
suicider,word,3.0,0.0,3.0,0.0,6.0,0.5,0.0,0.5,0.0,1.0,0.5
tai,word,0.0,0.0,3.0,3.0,6.0,0.0,0.0,0.5,0.5,1.0,0.5
toiausssi,lemma,0.0,0.0,3.0,3.0,6.0,0.0,0.0,0.5,0.5,1.0,0.5
avoir,word,4.0,0.0,4.0,0.0,8.0,0.5,0.0,0.5,0.0,1.0,0.5
mange,word,0.0,0.0,3.0,3.0,6.0,0.0,0.0,0.5,0.5,1.0,0.5
mérité,word,0.0,0.0,3.0,3.0,6.0,0.0,0.0,0.5,0.5,1.0,0.5
manger,lemma,0.0,0.0,3.0,3.0,6.0,0.0,0.0,0.5,0.5,1.0,0.5
jvais,word,3.0,0.0,3.0,0.0,6.0,0.5,0.0,0.5,0.0,1.0,0.5
jvai,lemma,3.0,0.0,3.0,0.0,6.0,0.5,0.0,0.5,0.0,1.0,0.5
mes,word,0.0,0.0,3.0,3.0,6.0,0.0,0.0,0.5,0.5,1.0,0.5
mérité,lemma,0.0,0.0,3.0,3.0,6.0,0.0,0.0,0.5,0.5,1.0,0.5
grvvv,word,0.0,0.0,3.0,3.0,6.0,0.0,0.0,0.5,0.5,1.0,0.5
channgé,word,0.0,0.0,3.0,3.0,6.0,0.0,0.0,0.5,0.5,1.0,0.5
par,lemma,0.0,0.0,3.0,3.0,6.0,0.0,0.0,0.5,0.5,1.0,0.5
croyais,word,0.0,0.0,3.0,3.0,6.0,0.0,0.0,0.5,0.5,1.0,0.5
porc,word,0.0,0.0,5.0,4.0,9.0,0.0,0.0,0.5555555555555556,0.4444444444444444,0.9910760598382222,0.4955380299191111
porc,lemma,0.0,0.0,5.0,4.0,9.0,0.0,0.0,0.5555555555555556,0.4444444444444444,0.9910760598382222,0.4955380299191111
même,word,1.0,1.0,7.0,0.0,9.0,0.1111111111111111,0.1111111111111111,0.7777777777777778,0.0,0.9864267287308425,0.49321336436542124
même,lemma,1.0,1.0,7.0,0.0,9.0,0.1111111111111111,0.1111111111111111,0.7777777777777778,0.0,0.9864267287308425,0.49321336436542124
tas,lemma,0.0,0.0,4.0,3.0,7.0,0.0,0.0,0.5714285714285714,0.42857142857142855,0.9852281360342515,0.49261406801712576
plat,lemma,0.0,0.0,4.0,3.0,7.0,0.0,0.0,0.5714285714285714,0.42857142857142855,0.9852281360342515,0.49261406801712576
jamais,word,0.0,0.0,4.0,3.0,7.0,0.0,0.0,0.5714285714285714,0.42857142857142855,0.9852281360342515,0.49261406801712576
jamais,lemma,0.0,0.0,4.0,3.0,7.0,0.0,0.0,0.5714285714285714,0.42857142857142855,0.9852281360342515,0.49261406801712576
tai,lemma,0.0,0.0,4.0,3.0,7.0,0.0,0.0,0.5714285714285714,0.42857142857142855,0.9852281360342515,0.49261406801712576
graisse,word,0.0,0.0,4.0,3.0,7.0,0.0,0.0,0.5714285714285714,0.42857142857142855,0.9852281360342515,0.49261406801712576
vérité,lemma,0.0,0.0,4.0,3.0,7.0,0.0,0.0,0.5714285714285714,0.42857142857142855,0.9852281360342515,0.49261406801712576
graisse,lemma,0.0,0.0,4.0,3.0,7.0,0.0,0.0,0.5714285714285714,0.42857142857142855,0.9852281360342515,0.49261406801712576
vérité,word,0.0,0.0,4.0,3.0,7.0,0.0,0.0,0.5714285714285714,0.42857142857142855,0.9852281360342515,0.49261406801712576
tas,word,0.0,0.0,4.0,3.0,7.0,0.0,0.0,0.5714285714285714,0.42857142857142855,0.9852281360342515,0.49261406801712576
faire,word,9.0,0.0,26.0,1.0,36.0,0.25,0.0,0.7222222222222222,0.027777777777777776,0.9826817324242788,0.4913408662121394
t,word,3.0,6.0,31.0,0.0,40.0,0.075,0.15,0.775,0.0,0.9758093916752739,0.48790469583763696
être,word,0.0,0.0,3.0,2.0,5.0,0.0,0.0,0.6,0.4,0.9709505944546686,0.4854752972273343
amusant,lemma,0.0,0.0,3.0,2.0,5.0,0.0,0.0,0.6,0.4,0.9709505944546686,0.4854752972273343
lesbiennes,word,0.0,2.0,3.0,0.0,5.0,0.0,0.4,0.6,0.0,0.9709505944546686,0.4854752972273343
vivre,word,2.0,0.0,3.0,0.0,5.0,0.4,0.0,0.6,0.0,0.9709505944546686,0.4854752972273343
question,lemma,0.0,2.0,0.0,3.0,5.0,0.0,0.4,0.0,0.6,0.9709505944546686,0.4854752972273343
lesbien,lemma,0.0,2.0,3.0,0.0,5.0,0.0,0.4,0.6,0.0,0.9709505944546686,0.4854752972273343
manche,lemma,0.0,0.0,3.0,2.0,5.0,0.0,0.0,0.6,0.4,0.9709505944546686,0.4854752972273343
t'inquiète,word,0.0,3.0,0.0,2.0,5.0,0.0,0.6,0.0,0.4,0.9709505944546686,0.4854752972273343
josiane,lemma,0.0,0.0,3.0,2.0,5.0,0.0,0.0,0.6,0.4,0.9709505944546686,0.4854752972273343
josiane,word,0.0,0.0,3.0,2.0,5.0,0.0,0.0,0.6,0.4,0.9709505944546686,0.4854752972273343
inquiet,lemma,0.0,3.0,0.0,2.0,5.0,0.0,0.6,0.0,0.4,0.9709505944546686,0.4854752972273343
drole,lemma,0.0,3.0,2.0,0.0,5.0,0.0,0.6,0.4,0.0,0.9709505944546686,0.4854752972273343
amusant,word,0.0,0.0,3.0,2.0,5.0,0.0,0.0,0.6,0.4,0.9709505944546686,0.4854752972273343
etre,lemma,0.0,0.0,3.0,2.0,5.0,0.0,0.0,0.6,0.4,0.9709505944546686,0.4854752972273343
question,word,0.0,2.0,0.0,3.0,5.0,0.0,0.4,0.0,0.6,0.9709505944546686,0.4854752972273343
r,lemma,0.0,0.0,3.0,2.0,5.0,0.0,0.0,0.6,0.4,0.9709505944546686,0.4854752972273343
par,word,0.0,0.0,3.0,2.0,5.0,0.0,0.0,0.6,0.4,0.9709505944546686,0.4854752972273343
degouter,word,0.0,3.0,2.0,0.0,5.0,0.0,0.6,0.4,0.0,0.9709505944546686,0.4854752972273343
drôle,lemma,0.0,3.0,0.0,2.0,5.0,0.0,0.6,0.0,0.4,0.9709505944546686,0.4854752972273343
manche,word,0.0,0.0,3.0,2.0,5.0,0.0,0.0,0.6,0.4,0.9709505944546686,0.4854752972273343
loin,lemma,0.0,0.0,2.0,3.0,5.0,0.0,0.0,0.4,0.6,0.9709505944546686,0.4854752972273343
loin,word,0.0,0.0,2.0,3.0,5.0,0.0,0.0,0.4,0.6,0.9709505944546686,0.4854752972273343
classe,word,2.0,0.0,3.0,0.0,5.0,0.4,0.0,0.6,0.0,0.9709505944546686,0.4854752972273343
crasseux,lemma,2.0,0.0,3.0,0.0,5.0,0.4,0.0,0.6,0.0,0.9709505944546686,0.4854752972273343
classe,lemma,2.0,0.0,3.0,0.0,5.0,0.4,0.0,0.6,0.0,0.9709505944546686,0.4854752972273343
cons,word,0.0,0.0,3.0,2.0,5.0,0.0,0.0,0.6,0.4,0.9709505944546686,0.4854752972273343
etre,word,0.0,0.0,3.0,2.0,5.0,0.0,0.0,0.6,0.4,0.9709505944546686,0.4854752972273343
arriver,lemma,0.0,0.0,3.0,2.0,5.0,0.0,0.0,0.6,0.4,0.9709505944546686,0.4854752972273343
venir,lemma,0.0,0.0,3.0,2.0,5.0,0.0,0.0,0.6,0.4,0.9709505944546686,0.4854752972273343
drôle,word,0.0,3.0,0.0,2.0,5.0,0.0,0.6,0.0,0.4,0.9709505944546686,0.4854752972273343
dises,word,0.0,0.0,3.0,2.0,5.0,0.0,0.0,0.6,0.4,0.9709505944546686,0.4854752972273343
arabe,word,2.0,0.0,3.0,0.0,5.0,0.4,0.0,0.6,0.0,0.9709505944546686,0.4854752972273343
arrêter,word,0.0,0.0,8.0,5.0,13.0,0.0,0.0,0.6153846153846154,0.38461538461538464,0.9612366047228759,0.48061830236143793
t,lemma,3.0,6.0,32.0,0.0,41.0,0.07317073170731707,0.14634146341463414,0.7804878048780488,0.0,0.9608529190939274,0.4804264595469637
julien,lemma,2.0,1.0,18.0,1.0,22.0,0.09090909090909091,0.045454545454545456,0.8181818181818182,0.045454545454545456,0.9567657083663145,0.47838285418315724
julien,word,2.0,1.0,18.0,1.0,22.0,0.09090909090909091,0.045454545454545456,0.8181818181818182,0.045454545454545456,0.9567657083663145,0.47838285418315724
assumer,lemma,0.0,3.0,5.0,0.0,8.0,0.0,0.375,0.625,0.0,0.954434002924965,0.4772170014624825
jte,lemma,0.0,0.0,5.0,3.0,8.0,0.0,0.0,0.625,0.375,0.954434002924965,0.4772170014624825
jte,word,0.0,0.0,5.0,3.0,8.0,0.0,0.0,0.625,0.375,0.954434002924965,0.4772170014624825
grave,word,0.0,3.0,5.0,0.0,8.0,0.0,0.375,0.625,0.0,0.954434002924965,0.4772170014624825
degouter,lemma,0.0,5.0,3.0,0.0,8.0,0.0,0.625,0.375,0.0,0.954434002924965,0.4772170014624825
taire,lemma,0.0,3.0,23.0,3.0,29.0,0.0,0.10344827586206896,0.7931034482758621,0.10344827586206896,0.9424051332779779,0.47120256663898896
suis,word,1.0,1.0,8.0,0.0,10.0,0.1,0.1,0.8,0.0,0.9219280948873623,0.46096404744368114
voit,word,0.0,0.0,2.0,4.0,6.0,0.0,0.0,0.3333333333333333,0.6666666666666666,0.9182958340544896,0.4591479170272448
voile,lemma,0.0,0.0,4.0,2.0,6.0,0.0,0.0,0.6666666666666666,0.3333333333333333,0.9182958340544896,0.4591479170272448
avis,word,0.0,0.0,4.0,2.0,6.0,0.0,0.0,0.6666666666666666,0.3333333333333333,0.9182958340544896,0.4591479170272448
voile,word,0.0,0.0,4.0,2.0,6.0,0.0,0.0,0.6666666666666666,0.3333333333333333,0.9182958340544896,0.4591479170272448
vivre,lemma,2.0,0.0,4.0,0.0,6.0,0.3333333333333333,0.0,0.6666666666666666,0.0,0.9182958340544896,0.4591479170272448
putain,word,0.0,0.0,4.0,2.0,6.0,0.0,0.0,0.6666666666666666,0.3333333333333333,0.9182958340544896,0.4591479170272448
personne,lemma,0.0,0.0,6.0,3.0,9.0,0.0,0.0,0.6666666666666666,0.3333333333333333,0.9182958340544896,0.4591479170272448
drole,word,0.0,4.0,2.0,0.0,6.0,0.0,0.6666666666666666,0.3333333333333333,0.0,0.9182958340544896,0.4591479170272448
putain,lemma,0.0,0.0,4.0,2.0,6.0,0.0,0.0,0.6666666666666666,0.3333333333333333,0.9182958340544896,0.4591479170272448
fai,lemma,0.0,0.0,4.0,2.0,6.0,0.0,0.0,0.6666666666666666,0.3333333333333333,0.9182958340544896,0.4591479170272448
cu,word,0.0,0.0,4.0,2.0,6.0,0.0,0.0,0.6666666666666666,0.3333333333333333,0.9182958340544896,0.4591479170272448
dejer,lemma,2.0,0.0,4.0,0.0,6.0,0.3333333333333333,0.0,0.6666666666666666,0.0,0.9182958340544896,0.4591479170272448
sais,word,0.0,2.0,4.0,0.0,6.0,0.0,0.3333333333333333,0.6666666666666666,0.0,0.9182958340544896,0.4591479170272448
oe,word,0.0,0.0,4.0,2.0,6.0,0.0,0.0,0.6666666666666666,0.3333333333333333,0.9182958340544896,0.4591479170272448
cu,lemma,0.0,0.0,4.0,2.0,6.0,0.0,0.0,0.6666666666666666,0.3333333333333333,0.9182958340544896,0.4591479170272448
change,word,2.0,0.0,4.0,0.0,6.0,0.3333333333333333,0.0,0.6666666666666666,0.0,0.9182958340544896,0.4591479170272448
change,lemma,2.0,0.0,4.0,0.0,6.0,0.3333333333333333,0.0,0.6666666666666666,0.0,0.9182958340544896,0.4591479170272448
montre,word,0.0,0.0,4.0,2.0,6.0,0.0,0.0,0.6666666666666666,0.3333333333333333,0.9182958340544896,0.4591479170272448
assume,word,0.0,2.0,4.0,0.0,6.0,0.0,0.3333333333333333,0.6666666666666666,0.0,0.9182958340544896,0.4591479170272448
mdr,lemma,0.0,0.0,4.0,2.0,6.0,0.0,0.0,0.6666666666666666,0.3333333333333333,0.9182958340544896,0.4591479170272448
mdr,word,0.0,0.0,4.0,2.0,6.0,0.0,0.0,0.6666666666666666,0.3333333333333333,0.9182958340544896,0.4591479170272448
montre,lemma,0.0,0.0,4.0,2.0,6.0,0.0,0.0,0.6666666666666666,0.3333333333333333,0.9182958340544896,0.4591479170272448
votre,lemma,0.0,2.0,20.0,3.0,25.0,0.0,0.08,0.8,0.12,0.916118213778296,0.458059106889148
tes,word,2.0,1.0,12.0,0.0,15.0,0.13333333333333333,0.06666666666666667,0.8,0.0,0.9055872616982603,0.45279363084913016
gros,lemma,0.0,2.0,44.0,10.0,56.0,0.0,0.03571428571428571,0.7857142857142857,0.17857142857142858,0.8888857761841272,0.4444428880920636
t'as,word,2.0,0.0,13.0,1.0,16.0,0.125,0.0,0.8125,0.0625,0.8683927290103626,0.4341963645051813
parler,word,1.0,0.0,9.0,1.0,11.0,0.09090909090909091,0.0,0.8181818181818182,0.09090909090909091,0.8658566174572235,0.43292830872861177
gueule,word,1.0,1.0,9.0,0.0,11.0,0.09090909090909091,0.09090909090909091,0.8181818181818182,0.0,0.8658566174572235,0.43292830872861177
mtn,lemma,2.0,0.0,5.0,0.0,7.0,0.2857142857142857,0.0,0.7142857142857143,0.0,0.863120568566631,0.4315602842833155
insulte,lemma,5.0,2.0,0.0,0.0,7.0,0.7142857142857143,0.2857142857142857,0.0,0.0,0.863120568566631,0.4315602842833155
ma,word,0.0,0.0,5.0,2.0,7.0,0.0,0.0,0.7142857142857143,0.2857142857142857,0.863120568566631,0.4315602842833155
mtn,word,2.0,0.0,5.0,0.0,7.0,0.2857142857142857,0.0,0.7142857142857143,0.0,0.863120568566631,0.4315602842833155
fais,word,0.0,0.0,5.0,2.0,7.0,0.0,0.0,0.7142857142857143,0.2857142857142857,0.863120568566631,0.4315602842833155
personne,word,0.0,0.0,8.0,3.0,11.0,0.0,0.0,0.7272727272727273,0.2727272727272727,0.8453509366224364,0.4226754683112182
grave,lemma,0.0,3.0,8.0,0.0,11.0,0.0,0.2727272727272727,0.7272727272727273,0.0,0.8453509366224364,0.4226754683112182
pd,word,0.0,0.0,8.0,3.0,11.0,0.0,0.0,0.7272727272727273,0.2727272727272727,0.8453509366224364,0.4226754683112182
pd,lemma,0.0,0.0,8.0,3.0,11.0,0.0,0.0,0.7272727272727273,0.2727272727272727,0.8453509366224364,0.4226754683112182
parle,lemma,3.0,0.0,8.0,0.0,11.0,0.2727272727272727,0.0,0.7272727272727273,0.0,0.8453509366224364,0.4226754683112182
veux,word,2.0,0.0,6.0,0.0,8.0,0.25,0.0,0.75,0.0,0.8112781244591328,0.4056390622295664
crasseuse,lemma,0.0,2.0,6.0,0.0,8.0,0.0,0.25,0.75,0.0,0.8112781244591328,0.4056390622295664
v,lemma,0.0,0.0,10.0,3.0,13.0,0.0,0.0,0.7692307692307693,0.23076923076923078,0.7793498372920851,0.38967491864604253
crasseuse,word,0.0,2.0,7.0,0.0,9.0,0.0,0.2222222222222222,0.7777777777777778,0.0,0.7642045065086203,0.38210225325431013
t'es,word,0.0,0.0,14.0,4.0,18.0,0.0,0.0,0.7777777777777778,0.2222222222222222,0.7642045065086203,0.38210225325431013
-,punctuation,2.0,0.0,7.0,0.0,9.0,0.2222222222222222,0.0,0.7777777777777778,0.0,0.7642045065086203,0.38210225325431013
casse,word,0.0,0.0,7.0,2.0,9.0,0.0,0.0,0.7777777777777778,0.2222222222222222,0.7642045065086203,0.38210225325431013
!,punctuation,0.0,0.0,25.0,7.0,32.0,0.0,0.0,0.78125,0.21875,0.7578784625383954,0.3789392312691977
parle,word,3.0,0.0,11.0,0.0,14.0,0.21428571428571427,0.0,0.7857142857142857,0.0,0.74959525725948,0.37479762862974
pote,lemma,0.0,0.0,1.0,4.0,5.0,0.0,0.0,0.2,0.8,0.7219280948873623,0.36096404744368116
insulter,lemma,4.0,0.0,1.0,0.0,5.0,0.8,0.0,0.2,0.0,0.7219280948873623,0.36096404744368116
mettre,lemma,0.0,1.0,4.0,0.0,5.0,0.0,0.2,0.8,0.0,0.7219280948873623,0.36096404744368116
juive,word,0.0,0.0,8.0,2.0,10.0,0.0,0.0,0.8,0.2,0.7219280948873623,0.36096404744368116
oe,lemma,0.0,0.0,4.0,1.0,5.0,0.0,0.0,0.8,0.2,0.7219280948873623,0.36096404744368116
sai,lemma,0.0,1.0,4.0,0.0,5.0,0.0,0.2,0.8,0.0,0.7219280948873623,0.36096404744368116
vu,word,0.0,1.0,4.0,0.0,5.0,0.0,0.2,0.8,0.0,0.7219280948873623,0.36096404744368116
penser,lemma,0.0,1.0,4.0,0.0,5.0,0.0,0.2,0.8,0.0,0.7219280948873623,0.36096404744368116
es,word,0.0,0.0,4.0,1.0,5.0,0.0,0.0,0.8,0.2,0.7219280948873623,0.36096404744368116
plus,word,0.0,1.0,4.0,0.0,5.0,0.0,0.2,0.8,0.0,0.7219280948873623,0.36096404744368116
plus,lemma,0.0,1.0,4.0,0.0,5.0,0.0,0.2,0.8,0.0,0.7219280948873623,0.36096404744368116
parler,lemma,1.0,0.0,13.0,1.0,15.0,0.06666666666666667,0.0,0.8666666666666667,0.06666666666666667,0.6998428398862386,0.3499214199431193
du,word,0.0,0.0,9.0,2.0,11.0,0.0,0.0,0.8181818181818182,0.18181818181818182,0.6840384356390417,0.3420192178195208
sur,word,0.0,0.0,10.0,2.0,12.0,0.0,0.0,0.8333333333333334,0.16666666666666666,0.6500224216483541,0.32501121082417705
blagu,lemma,1.0,0.0,5.0,0.0,6.0,0.16666666666666666,0.0,0.8333333333333334,0.0,0.6500224216483541,0.32501121082417705
mère,word,1.0,0.0,5.0,0.0,6.0,0.16666666666666666,0.0,0.8333333333333334,0.0,0.6500224216483541,0.32501121082417705
mère,lemma,1.0,0.0,5.0,0.0,6.0,0.16666666666666666,0.0,0.8333333333333334,0.0,0.6500224216483541,0.32501121082417705
avez,word,0.0,0.0,5.0,1.0,6.0,0.0,0.0,0.8333333333333334,0.16666666666666666,0.6500224216483541,0.32501121082417705
sur,lemma,0.0,0.0,10.0,2.0,12.0,0.0,0.0,0.8333333333333334,0.16666666666666666,0.6500224216483541,0.32501121082417705
con,lemma,0.0,0.0,11.0,2.0,13.0,0.0,0.0,0.8461538461538461,0.15384615384615385,0.6193821946787638,0.3096910973393819
blague,word,1.0,0.0,6.0,0.0,7.0,0.14285714285714285,0.0,0.8571428571428571,0.0,0.5916727785823275,0.29583638929116374
leur,word,0.0,0.0,6.0,1.0,7.0,0.0,0.0,0.8571428571428571,0.14285714285714285,0.5916727785823275,0.29583638929116374
theo,word,0.0,0.0,6.0,1.0,7.0,0.0,0.0,0.8571428571428571,0.14285714285714285,0.5916727785823275,0.29583638929116374
nique,word,1.0,0.0,6.0,0.0,7.0,0.14285714285714285,0.0,0.8571428571428571,0.0,0.5916727785823275,0.29583638929116374
niqu,lemma,1.0,0.0,6.0,0.0,7.0,0.14285714285714285,0.0,0.8571428571428571,0.0,0.5916727785823275,0.29583638929116374
ferme,lemma,1.0,0.0,6.0,0.0,7.0,0.14285714285714285,0.0,0.8571428571428571,0.0,0.5916727785823275,0.29583638929116374
ferme,word,1.0,0.0,6.0,0.0,7.0,0.14285714285714285,0.0,0.8571428571428571,0.0,0.5916727785823275,0.29583638929116374
theo,lemma,0.0,0.0,6.0,1.0,7.0,0.0,0.0,0.8571428571428571,0.14285714285714285,0.5916727785823275,0.29583638929116374
ftg,lemma,0.0,2.0,13.0,0.0,15.0,0.0,0.13333333333333333,0.8666666666666667,0.0,0.5665095065529053,0.28325475327645266
ftg,word,0.0,2.0,13.0,0.0,15.0,0.0,0.13333333333333333,0.8666666666666667,0.0,0.5665095065529053,0.28325475327645266
teresa,word,0.0,0.0,7.0,1.0,8.0,0.0,0.0,0.875,0.125,0.5435644431995964,0.2717822215997982
tereser,lemma,0.0,0.0,7.0,1.0,8.0,0.0,0.0,0.875,0.125,0.5435644431995964,0.2717822215997982
muslim,lemma,0.0,0.0,7.0,1.0,8.0,0.0,0.0,0.875,0.125,0.5435644431995964,0.2717822215997982
as,lemma,2.0,0.0,14.0,0.0,16.0,0.125,0.0,0.875,0.0,0.5435644431995964,0.2717822215997982
muslim,word,0.0,0.0,7.0,1.0,8.0,0.0,0.0,0.875,0.125,0.5435644431995964,0.2717822215997982
part,word,1.0,0.0,8.0,0.0,9.0,0.1111111111111111,0.0,0.8888888888888888,0.0,0.5032583347756457,0.25162916738782287
pierre,word,2.0,0.0,16.0,0.0,18.0,0.1111111111111111,0.0,0.8888888888888888,0.0,0.5032583347756457,0.25162916738782287
part,lemma,1.0,0.0,8.0,0.0,9.0,0.1111111111111111,0.0,0.8888888888888888,0.0,0.5032583347756457,0.25162916738782287
frere,lemma,1.0,0.0,8.0,0.0,9.0,0.1111111111111111,0.0,0.8888888888888888,0.0,0.5032583347756457,0.25162916738782287
pierre,lemma,2.0,0.0,16.0,0.0,18.0,0.1111111111111111,0.0,0.8888888888888888,0.0,0.5032583347756457,0.25162916738782287
frere,word,1.0,0.0,9.0,0.0,10.0,0.1,0.0,0.9,0.0,0.4689955935892812,0.2344977967946406
au,word,0.0,1.0,12.0,0.0,13.0,0.0,0.07692307692307693,0.9230769230769231,0.0,0.39124356362925566,0.19562178181462783
au,lemma,0.0,1.0,12.0,0.0,13.0,0.0,0.07692307692307693,0.9230769230769231,0.0,0.39124356362925566,0.19562178181462783
tg,lemma,0.0,0.0,24.0,1.0,25.0,0.0,0.0,0.96,0.04,0.24229218908241482,0.12114609454120741
tg,word,0.0,0.0,24.0,1.0,25.0,0.0,0.0,0.96,0.04,0.24229218908241482,0.12114609454120741
vos,word,0.0,0.0,14.0,0.0,14.0,0.0,0.0,1.0,0.0,-0.0,-0.0
pire,lemma,0.0,0.0,5.0,0.0,5.0,0.0,0.0,1.0,0.0,-0.0,-0.0
pire,word,0.0,0.0,5.0,0.0,5.0,0.0,0.0,1.0,0.0,-0.0,-0.0
pute,word,0.0,0.0,17.0,0.0,17.0,0.0,0.0,1.0,0.0,-0.0,-0.0
pute,lemma,0.0,0.0,17.0,0.0,17.0,0.0,0.0,1.0,0.0,-0.0,-0.0
ete,lemma,0.0,0.0,5.0,0.0,5.0,0.0,0.0,1.0,0.0,-0.0,-0.0
cousine,word,0.0,0.0,6.0,0.0,6.0,0.0,0.0,1.0,0.0,-0.0,-0.0
couille,lemma,0.0,0.0,6.0,0.0,6.0,0.0,0.0,1.0,0.0,-0.0,-0.0
couilles,word,0.0,0.0,6.0,0.0,6.0,0.0,0.0,1.0,0.0,-0.0,-0.0
cousin,lemma,0.0,0.0,6.0,0.0,6.0,0.0,0.0,1.0,0.0,-0.0,-0.0
con,word,0.0,0.0,8.0,0.0,8.0,0.0,0.0,1.0,0.0,-0.0,-0.0
sale,word,0.0,0.0,11.0,0.0,11.0,0.0,0.0,1.0,0.0,-0.0,-0.0
sale,lemma,0.0,0.0,11.0,0.0,11.0,0.0,0.0,1.0,0.0,-0.0,-0.0
dans,lemma,0.0,0.0,5.0,0.0,5.0,0.0,0.0,1.0,0.0,-0.0,-0.0
etes,word,0.0,0.0,5.0,0.0,5.0,0.0,0.0,1.0,0.0,-0.0,-0.0
dans,word,0.0,0.0,5.0,0.0,5.0,0.0,0.0,1.0,0.0,-0.0,-0.0
peu,lemma,0.0,0.0,5.0,0.0,5.0,0.0,0.0,1.0,0.0,-0.0,-0.0
gueul,lemma,0.0,0.0,5.0,0.0,5.0,0.0,0.0,1.0,0.0,-0.0,-0.0
grosse,word,0.0,0.0,17.0,0.0,17.0,0.0,0.0,1.0,0.0,-0.0,-0.0
sou,lemma,0.0,0.0,5.0,0.0,5.0,0.0,0.0,1.0,0.0,-0.0,-0.0
stop,lemma,0.0,0.0,7.0,0.0,7.0,0.0,0.0,1.0,0.0,-0.0,-0.0
stop,word,0.0,0.0,7.0,0.0,7.0,0.0,0.0,1.0,0.0,-0.0,-0.0
chien,lemma,0.0,0.0,5.0,0.0,5.0,0.0,0.0,1.0,0.0,-0.0,-0.0
chien,word,0.0,0.0,5.0,0.0,5.0,0.0,0.0,1.0,0.0,-0.0,-0.0
gouine,lemma,0.0,0.0,6.0,0.0,6.0,0.0,0.0,1.0,0.0,-0.0,-0.0
gouine,word,0.0,0.0,6.0,0.0,6.0,0.0,0.0,1.0,0.0,-0.0,-0.0
sous,word,0.0,0.0,5.0,0.0,5.0,0.0,0.0,1.0,0.0,-0.0,-0.0
merd,lemma,0.0,0.0,5.0,0.0,5.0,0.0,0.0,1.0,0.0,-0.0,-0.0
merde,word,0.0,0.0,17.0,0.0,17.0,0.0,0.0,1.0,0.0,-0.0,-0.0
merde,lemma,0.0,0.0,14.0,0.0,14.0,0.0,0.0,1.0,0.0,-0.0,-0.0
mere,word,0.0,0.0,18.0,0.0,18.0,0.0,0.0,1.0,0.0,-0.0,-0.0
mere,lemma,0.0,0.0,20.0,0.0,20.0,0.0,0.0,1.0,0.0,-0.0,-0.0
j,word,0.0,0.0,5.0,0.0,5.0,0.0,0.0,1.0,0.0,-0.0,-0.0
j,lemma,0.0,0.0,5.0,0.0,5.0,0.0,0.0,1.0,0.0,-0.0,-0.0
jaloux,word,0.0,5.0,0.0,0.0,5.0,0.0,1.0,0.0,0.0,-0.0,-0.0
jaloux,lemma,0.0,6.0,0.0,0.0,6.0,0.0,1.0,0.0,0.0,-0.0,-0.0
jour,lemma,0.0,0.0,5.0,0.0,5.0,0.0,0.0,1.0,0.0,-0.0,-0.0
jour,word,0.0,0.0,5.0,0.0,5.0,0.0,0.0,1.0,0.0,-0.0,-0.0
