marker_value,spacy_count,stanza_count,total_count,in_lexique_emotionnel
peur,262,262,524,True
dangereux,93,134,227,True
colère,92,104,196,True
surprise,82,85,167,True
danger,60,60,120,True
heureux,60,57,117,True
menacer,56,43,99,True
triste,48,48,96,True
plaisir,44,44,88,True
inquiet,57,26,83,True
inquiéter,24,58,82,True
drôle,40,40,80,True
étonnant,38,38,76,True
menace,30,42,72,True
content,34,34,68,True
craindre,24,40,64,True
mécontentement,30,31,61,True
malheur,30,30,60,True
heureusement,28,28,56,True
joie,28,28,56,True
terrible,26,26,52,True
bonheur,24,24,48,True
fier,24,24,48,True
horrible,24,24,48,True
tristesse,20,20,40,True
panique,18,18,36,True
honte,12,20,32,True
inquiétude,16,16,32,True
surprendre,13,18,31,True
étonner,13,18,31,True
marrant,16,14,30,True
surpris,19,11,30,True
fierté,12,14,26,True
surprenant,13,13,26,True
décevoir,7,17,24,True
malheureusement,12,12,24,True
ravi,8,15,23,True
amusant,13,8,21,True
enthousiasme,9,12,21,True
inquiétant,10,11,21,True
effrayant,9,11,20,True
merveilleux,10,10,20,True
méfiance,10,10,20,True
satisfaire,11,9,20,True
scandale,10,10,20,True
effrayer,11,8,19,True
jaloux,12,7,19,True
mécontent,10,9,19,True
admirer,9,9,18,True
angoisse,9,9,18,True
redouter,7,10,17,True
déçu,11,5,16,True
embêtant,8,8,16,True
honneur,8,8,16,True
regretter,8,8,16,True
étonnement,8,8,16,True
cauchemar,7,7,14,True
joyeux,7,7,14,True
menacé,7,7,14,True
peine,7,7,14,True
sympa,7,7,14,True
furieux,7,6,13,True
fâché,6,7,13,True
coupable,6,6,12,True
détresse,6,6,12,True
faute,6,6,12,True
rigolo,7,5,12,True
vexé,6,6,12,True
émerveiller,6,6,12,True
amuser,7,4,11,True
menaçant,4,7,11,True
ravir,9,2,11,True
plaisant,1,9,10,True
préoccupation,5,5,10,True
rire,4,6,10,True
souci,5,5,10,True
tension,5,5,10,True
étonné,5,5,10,True
alarmant,5,4,9,True
angoisser,5,4,9,True
embêter,7,2,9,True
stressé,3,6,9,True
admirable,4,4,8,True
admiration,4,4,8,True
chagrin,4,4,8,True
drame,4,4,8,True
désagréable,4,4,8,True
engouement,4,4,8,True
folâtre,4,4,8,True
humeur,4,4,8,True
immonde,4,4,8,True
indignation,4,4,8,True
misère,4,4,8,True
satisfaction,4,4,8,True
satisfait,3,5,8,True
stress,4,4,8,True
stressant,4,4,8,True
timidement,4,4,8,True
timidité,4,4,8,True
ébahi,4,4,8,True
désespérer,4,3,7,True
malheureux,4,3,7,True
tendu,1,6,7,True
amour,3,3,6,True
dramatique,3,3,6,True
dégoûtant,2,4,6,True
enrager,3,3,6,True
frustrant,2,4,6,True
fâcher,4,2,6,True
paniquer,4,2,6,True
préoccupant,3,3,6,True
remords,4,2,6,True
réjouir,3,3,6,True
timide,3,3,6,True
vexer,4,2,6,True
énervé,2,4,6,True
angoissé,2,3,5,True
désespéré,2,3,5,True
tendre,5,0,5,True
terroriser,3,2,5,True
affolé,2,2,4,True
affront,2,2,4,True
alerte,2,2,4,True
colérique,2,2,4,True
consoler,2,2,4,True
crainte,1,3,4,True
deuil,2,2,4,True
divertissement,2,2,4,True
déception,2,2,4,True
dégoût,2,2,4,True
déprime,2,2,4,True
déprimer,2,2,4,True
déshonorant,2,2,4,True
ennui,2,2,4,True
exaspération,2,2,4,True
excitant,2,2,4,True
frayeur,2,2,4,True
fureur,2,2,4,True
grognon,2,2,4,True
honorer,2,2,4,True
honteux,2,2,4,True
humiliation,2,2,4,True
infâme,2,2,4,True
insécurité,2,2,4,True
intimider,2,2,4,True
joyeusement,2,2,4,True
mélancolie,2,2,4,True
nostalgie,2,2,4,True
optimiste,2,2,4,True
paix,2,2,4,True
provoquer,2,2,4,True
rage,2,2,4,True
regret,2,2,4,True
regrettable,2,2,4,True
ronchonner,2,2,4,True
révolte,2,2,4,True
révolté,2,2,4,True
sentiment,2,2,4,True
sourire,2,2,4,True
stresser,4,0,4,True
susceptible,2,2,4,True
terreur,2,2,4,True
trac,2,2,4,True
vénérer,2,2,4,True
égard,2,2,4,True
égayer,2,2,4,True
attristant,1,2,3,True
décontenancée,1,2,3,True
dégoûter,3,0,3,True
délice,1,2,3,True
frustrer,3,0,3,True
félicité,2,1,3,True
méfiant,2,1,3,True
plaire,2,1,3,True
ému,3,0,3,True
énerver,3,0,3,True
abattre,0,2,2,True
abattu,2,0,2,True
accabler,2,0,2,True
affoler,2,0,2,True
affreux,2,0,2,True
attrister,2,0,2,True
bien-être,1,1,2,True
consterner,1,1,2,True
ennuyer,1,1,2,True
enragé,1,1,2,True
exciter,2,0,2,True
hilare,1,1,2,True
humiliant,2,0,2,True
humilier,2,0,2,True
hurler,1,1,2,True
isoler,1,1,2,True
jalousie,1,1,2,True
nerveux,1,1,2,True
provoquant,1,1,2,True
respecter,1,1,2,True
scandaliser,2,0,2,True
sensible,1,1,2,True
terrifiant,1,1,2,True
épouvante,1,1,2,True
affliger,1,0,1,True
alarmer,1,0,1,True
angoissant,0,1,1,True
boudeur,1,0,1,True
contrarier,0,1,1,True
craintif,1,0,1,True
culpabiliser,1,0,1,True
curieux,1,0,1,True
décontenancer,1,0,1,True
décourager,1,0,1,True
exaspérer,1,0,1,True
humilié,0,1,1,True
jovial,1,0,1,True
lasser,1,0,1,True
marrer,1,0,1,True
mécontenter,1,0,1,True
préoccuper,1,0,1,True
redoutable,0,1,1,True
révolter,1,0,1,True
troubler,1,0,1,True
émerveillé,1,0,1,True
épouvanter,0,1,1,True
peu,68,68,136,False
",",42,42,84,False
choquer,46,37,83,False
assez,38,38,76,False
beaucoup,36,36,72,False
pays,32,32,64,False
inquiète,31,31,62,False
souffrir,28,25,53,False
choqué,25,25,50,False
grand,25,25,50,False
craignent,31,18,49,False
contre,24,24,48,False
impressionnant,19,29,48,False
-,22,22,44,False
',21,21,42,False
insulte,20,20,40,False
risque,20,20,40,False
dangereu,36,0,36,False
fou,18,18,36,False
génial,18,18,36,False
choquante,16,18,34,False
contents,16,16,32,False
dérange,16,16,32,False
vie,16,16,32,False
voir,16,16,32,False
vraiment,16,16,32,False
énorme,16,16,32,False
dangereuse,18,13,31,False
impressionner,23,8,31,False
choquantes,14,14,28,False
inquiets,14,14,28,False
inquiètent,14,14,28,False
insultes,14,14,28,False
spectaculaire,14,14,28,False
subir,13,15,28,False
dépression,13,13,26,False
président,14,12,26,False
insulter,15,10,25,False
aise,12,12,24,False
contente,12,12,24,False
cool,12,12,24,False
santé,12,12,24,False
tellement,12,12,24,False
«,12,12,24,False
»,12,12,24,False
dangereuses,11,11,22,False
fière,11,11,22,False
petit,11,11,22,False
étrange,11,11,22,False
plaisante,14,7,21,False
avant,10,10,20,False
guerre,10,10,20,False
incroyable,10,10,20,False
insolite,10,10,20,False
marre,10,10,20,False
soi,0,20,20,False
super,10,10,20,False
véritable,10,10,20,False
étonnante,10,10,20,False
grande,9,9,18,False
grave,9,9,18,False
gros,9,9,18,False
parler,9,9,18,False
redoute,12,6,18,False
craint,9,8,17,False
choc,8,8,16,False
corée,8,8,16,False
déçue,10,6,16,False
minable,8,8,16,False
mort,8,8,16,False
mécontents,8,8,16,False
père,8,8,16,False
regrette,8,8,16,False
terroriste,8,8,16,False
travail,8,8,16,False
tristes,8,8,16,False
trump,8,8,16,False
amuse,5,10,15,False
exceptionnel,6,9,15,False
insulté,5,10,15,False
traité,5,10,15,False
bon,7,7,14,False
choquant,6,8,14,False
loi,7,7,14,False
magique,7,7,14,False
menacent,7,7,14,False
prestigieux,7,7,14,False
agréable,6,6,12,False
autant,6,6,12,False
carburant,6,6,12,False
chine,6,6,12,False
colèr,12,0,12,False
donald,6,6,12,False
drole,6,6,12,False
décourage,6,6,12,False
détruire,6,6,12,False
embête,6,6,12,False
encore,6,6,12,False
enfant,6,6,12,False
exploit,6,6,12,False
fan,6,6,12,False
formidable,6,6,12,False
fortement,6,6,12,False
forêt,6,6,12,False
france,6,6,12,False
gagner,6,6,12,False
gens,6,6,12,False
impressionné,4,8,12,False
incroyables,6,6,12,False
inquiétudes,6,6,12,False
mauvais,6,6,12,False
menaces,6,6,12,False
menacés,6,6,12,False
monde,6,6,12,False
mourir,6,6,12,False
nord,6,6,12,False
particulièrement,6,6,12,False
planète,6,6,12,False
plutôt,6,6,12,False
prix,6,6,12,False
pénible,6,6,12,False
risques,6,6,12,False
soit,6,6,12,False
tête,6,6,12,False
vexe,4,8,12,False
victime,6,6,12,False
vraie,8,4,12,False
école,6,6,12,False
amusante,3,8,11,False
menaçante,7,4,11,False
venir,5,6,11,False
animal,5,5,10,False
attentat,5,5,10,False
choqués,5,5,10,False
chose,5,5,10,False
choses,5,5,10,False
degouter,6,4,10,False
effondrer,5,5,10,False
effrayants,5,5,10,False
effrayé,5,5,10,False
extraordinaire,5,5,10,False
femme,5,5,10,False
fâchés,5,5,10,False
heureuse,5,5,10,False
mauvaise,5,5,10,False
ministre,5,5,10,False
nombreux,5,5,10,False
paniqué,4,6,10,False
particulier,5,5,10,False
perdre,5,5,10,False
plein,4,6,10,False
ravie,5,5,10,False
stupéfait,4,6,10,False
surprises,5,5,10,False
tensions,5,5,10,False
traiter,7,3,10,False
violence,5,5,10,False
étonne,5,5,10,False
étonnés,5,5,10,False
craignaient,6,3,9,False
exceptionnelle,6,3,9,False
français,5,4,9,False
potentielle,6,3,9,False
élu,6,3,9,False
émue,3,6,9,False
énerve,3,6,9,False
(,4,4,8,False
),4,4,8,False
adulte,4,4,8,False
agression,4,4,8,False
akhenaton,4,4,8,False
amusent,4,4,8,False
an,4,4,8,False
ans,4,4,8,False
argent,4,4,8,False
armstrong,4,4,8,False
arrivée,4,4,8,False
augmentation,4,4,8,False
blague,4,4,8,False
blagues,4,4,8,False
bonne,4,4,8,False
campagne,4,4,8,False
cancer,4,4,8,False
cause,4,4,8,False
chinois,4,4,8,False
choquée,3,5,8,False
climatique,4,4,8,False
complètement,4,4,8,False
comprendre,4,4,8,False
conflit,4,4,8,False
corps,4,4,8,False
cours,4,4,8,False
crise,4,4,8,False
degeulasse,4,4,8,False
degoute,4,4,8,False
dégager,4,4,8,False
déjà,4,4,8,False
déçus,4,4,8,False
emmanuel,4,4,8,False
environnement,4,4,8,False
europe,4,4,8,False
extrêmement,4,4,8,False
fabuleux,4,4,8,False
façon,4,4,8,False
fois,4,4,8,False
frimer,4,4,8,False
frère,4,4,8,False
fun,4,4,8,False
gêne,4,4,8,False
homme,4,4,8,False
homophobe,4,4,8,False
homosexualité,4,4,8,False
hont,8,0,8,False
hors,4,4,8,False
impressionnantes,4,4,8,False
installer,4,4,8,False
jour,4,4,8,False
kim,4,4,8,False
macron,4,4,8,False
maladie,4,4,8,False
malaise,4,4,8,False
mieux,4,4,8,False
montagne,4,4,8,False
mordre,4,4,8,False
nature,4,4,8,False
nouveau,4,4,8,False
parce,4,4,8,False
part,4,4,8,False
parti,4,4,8,False
pendant,4,4,8,False
politique,4,4,8,False
pollution,4,4,8,False
prestige,4,4,8,False
protéger,4,4,8,False
réchauffement,4,4,8,False
souffraient,4,4,8,False
souffrance,4,4,8,False
subissent,4,4,8,False
surprenante,4,4,8,False
tendue,4,4,8,False
traumatisme,4,4,8,False
travailler,4,4,8,False
virus,4,4,8,False
voter,4,4,8,False
émerveillée,4,4,8,False
certain,3,4,7,False
croire,4,3,7,False
embêtée,2,5,7,False
gêner,5,2,7,False
gêné,3,4,7,False
inquiétante,5,2,7,False
lassée,3,4,7,False
risquer,4,3,7,False
soient,4,3,7,False
terrorisé,3,4,7,False
admirait,2,4,6,False
affolée,2,4,6,False
affreuse,2,4,6,False
alarmante,2,4,6,False
amazonienne,2,4,6,False
amusé,2,4,6,False
animaux,3,3,6,False
artiste,3,3,6,False
besoin,3,3,6,False
blessent,2,4,6,False
choquait,2,4,6,False
citoyen,3,3,6,False
citoyens,3,3,6,False
dieu,3,3,6,False
dirigeant,3,3,6,False
embêté,2,4,6,False
engager,3,3,6,False
excitée,2,4,6,False
fascinée,2,4,6,False
femmes,3,3,6,False
fières,3,3,6,False
gênant,2,4,6,False
heureuses,3,3,6,False
histoire,3,3,6,False
humain,3,3,6,False
humiliante,2,4,6,False
immense,3,3,6,False
impatiente,2,4,6,False
impressionnants,3,3,6,False
inattendu,3,3,6,False
inquiétantes,3,3,6,False
jolie,4,2,6,False
liberté,3,3,6,False
loup,3,3,6,False
magnifique,3,3,6,False
marrantes,3,3,6,False
menacée,3,3,6,False
menaçait,3,3,6,False
mettre,3,3,6,False
montrer,2,4,6,False
mécontentements,3,3,6,False
nombreuses,3,3,6,False
nucléaire,3,3,6,False
passer,3,3,6,False
personnes,3,3,6,False
persécution,3,3,6,False
persécutions,3,3,6,False
peuple,3,3,6,False
pleine,4,2,6,False
premier,3,3,6,False
première,3,3,6,False
problème,3,3,6,False
préoccupations,3,3,6,False
présidente,2,4,6,False
qu'on,3,3,6,False
recevoir,3,3,6,False
redoutent,2,4,6,False
revit,4,2,6,False
ridicule,3,3,6,False
scandalisé,2,4,6,False
senti,3,3,6,False
sentir,3,3,6,False
souffert,2,4,6,False
souffrent,3,3,6,False
subit,4,2,6,False
utiliser,3,3,6,False
violences,3,3,6,False
voulaient,3,3,6,False
amus,5,0,5,False
covid,2,3,5,False
désolé,2,3,5,False
entrer,5,0,5,False
jalou,0,5,5,False
laisser,2,3,5,False
montre,3,2,5,False
obliger,3,2,5,False
partie,2,3,5,False
renvoyer,3,2,5,False
sortir,2,3,5,False
élire,1,4,5,False
étonn,5,0,5,False
"""",2,2,4,False
.,2,2,4,False
abasourdi,2,2,4,False
abattus,2,2,4,False
aborder,2,2,4,False
abusivement,2,2,4,False
accablés,2,2,4,False
accepter,2,2,4,False
accord,2,2,4,False
actuel,2,2,4,False
adultes,2,2,4,False
adversaire,2,2,4,False
afin,2,2,4,False
agace,2,2,4,False
agacer,2,2,4,False
agaçant,2,2,4,False
agir,2,2,4,False
agressif,2,2,4,False
agung,2,2,4,False
air,2,2,4,False
ait,2,2,4,False
ajouter,2,2,4,False
alimentaire,2,2,4,False
amusantes,2,2,4,False
ancien,2,2,4,False
angoisses,2,2,4,False
année,2,2,4,False
années,2,2,4,False
anonymement,2,2,4,False
anéanti,2,2,4,False
anéantis,2,2,4,False
apparition,2,2,4,False
apprendre,2,2,4,False
apprécier,2,2,4,False
apprécié,2,2,4,False
après,2,2,4,False
arbre,2,2,4,False
arme,2,2,4,False
arriver,2,2,4,False
attaquent,2,2,4,False
attaquer,2,2,4,False
atterrés,2,2,4,False
autour,2,2,4,False
avenir,2,2,4,False
avril,2,2,4,False
baigner,2,2,4,False
banal,2,2,4,False
bd,2,2,4,False
beauté,2,2,4,False
boire,2,2,4,False
brexit,2,2,4,False
bégayer,2,2,4,False
c'est,2,2,4,False
cas,2,2,4,False
challenger,2,2,4,False
chambre,2,2,4,False
chanceux,2,2,4,False
changement,2,2,4,False
chapeau,2,2,4,False
chercher,2,2,4,False
chien,2,2,4,False
chirac,2,2,4,False
choquées,2,2,4,False
chouette,2,2,4,False
clinton,2,2,4,False
coeur,2,2,4,False
colonie,2,2,4,False
comment,2,2,4,False
commun,2,2,4,False
complot,2,2,4,False
condition,2,2,4,False
conditions,2,2,4,False
consternée,2,2,4,False
contentes,2,2,4,False
contradiction,2,2,4,False
contrecœur,2,2,4,False
conversation,2,2,4,False
coqueluche,2,2,4,False
couvert,2,2,4,False
coût,2,2,4,False
croiser,2,2,4,False
cyclone,2,2,4,False
cérémonie,2,2,4,False
dangers,2,2,4,False
decu,2,2,4,False
dernier,2,2,4,False
derrière,2,2,4,False
desole,2,2,4,False
dessin,2,2,4,False
deuxième,2,2,4,False
devant,2,2,4,False
deçu,2,2,4,False
dictature,2,2,4,False
doigt,2,2,4,False
doigts,2,2,4,False
dommage,2,2,4,False
drôles,2,2,4,False
déclenchement,2,2,4,False
déforestation,2,2,4,False
dégoute,2,2,4,False
déguster,2,2,4,False
dépenser,2,2,4,False
dépressif,2,2,4,False
désespérés,2,2,4,False
développement,2,2,4,False
effrayée,2,2,4,False
effrayés,2,2,4,False
elizabeth,2,2,4,False
embarrassée,2,2,4,False
encourageant,2,2,4,False
endeuillée,2,2,4,False
endroit,2,2,4,False
enfants,2,2,4,False
ennuis,2,2,4,False
ensuite,2,2,4,False
enthousiasmante,2,2,4,False
er,2,2,4,False
etats-unis,2,2,4,False
exceptionnels,2,2,4,False
exemple,2,2,4,False
exister,2,2,4,False
exploitation,2,2,4,False
exploiter,2,2,4,False
exploits,2,2,4,False
expulsion,2,2,4,False
extension,2,2,4,False
facilement,2,2,4,False
faisant,2,2,4,False
famille,2,2,4,False
fans,2,2,4,False
festival,2,2,4,False
feu,2,2,4,False
fi,2,2,4,False
fiere,2,2,4,False
fiers,2,2,4,False
film,2,2,4,False
forme,2,2,4,False
frein,2,2,4,False
froid,2,2,4,False
fuir,2,2,4,False
féliciter,2,2,4,False
gaie,2,2,4,False
gaîment,2,2,4,False
genre,2,2,4,False
glace,2,2,4,False
globalement,2,2,4,False
godzilla,2,2,4,False
gouvernement,2,2,4,False
génia,2,2,4,False
général,2,2,4,False
habitant,2,2,4,False
habitants,2,2,4,False
hallucinant,2,2,4,False
hantise,2,2,4,False
happy,2,2,4,False
harry,2,2,4,False
hasard,2,2,4,False
hassan,2,2,4,False
hausse,2,2,4,False
haut,2,2,4,False
hillary,2,2,4,False
hommes,2,2,4,False
homophobes,2,2,4,False
horribles,2,2,4,False
humanitaire,2,2,4,False
humiliations,2,2,4,False
héros,2,2,4,False
identité,2,2,4,False
idée,2,2,4,False
idées,2,2,4,False
ii,2,2,4,False
imaginer,2,2,4,False
impressionnante,2,2,4,False
impressionnés,2,2,4,False
inconfortable,2,2,4,False
inquiété,2,2,4,False
insolites,2,2,4,False
intrigant,2,2,4,False
intrigué,1,3,4,False
intérieur,2,2,4,False
iran,2,2,4,False
jacques,2,2,4,False
jalouse,2,2,4,False
jong-un,2,2,4,False
jouer,2,2,4,False
jubile,2,2,4,False
jubiles,2,2,4,False
juif,2,2,4,False
juifs,2,2,4,False
kiffer,2,2,4,False
longtemps,2,2,4,False
lutter,2,2,4,False
maillot,2,2,4,False
maladies,2,2,4,False
manger,2,2,4,False
mariage,2,2,4,False
markle,2,2,4,False
mars,2,2,4,False
maximum,2,2,4,False
mdrrrrrr,2,2,4,False
mdrrrrrrrrrrrrrrrr,2,2,4,False
meghan,2,2,4,False
mer,2,2,4,False
merci,2,2,4,False
milieu,2,2,4,False
militaire,2,2,4,False
militaires,2,2,4,False
moche,2,2,4,False
mont,2,2,4,False
montée,2,2,4,False
mortalité,2,2,4,False
mouvement,2,2,4,False
mskn,2,2,4,False
mystérieusement,2,2,4,False
métier,2,2,4,False
nap,2,2,4,False
napoléon,2,2,4,False
national,2,2,4,False
noir,2,2,4,False
nom,2,2,4,False
nombre,2,2,4,False
notamment,2,2,4,False
nt,2,2,4,False
objectif,2,2,4,False
objet,2,2,4,False
objets,2,2,4,False
obligés,2,2,4,False
obéir,2,2,4,False
occasion,2,2,4,False
oncle,2,2,4,False
oscar,2,2,4,False
oscars,2,2,4,False
ours,2,2,4,False
paranoïa,2,2,4,False
paraître,2,2,4,False
pardon,2,2,4,False
parmi,2,2,4,False
particularité,2,2,4,False
pavoise,2,2,4,False
pavoises,2,2,4,False
pd,2,2,4,False
pen,2,2,4,False
pension,2,2,4,False
persécutées,2,2,4,False
pestilentielle,2,2,4,False
plaisanterie,2,2,4,False
pleurer,2,2,4,False
pokémon,2,2,4,False
police,2,2,4,False
politiques,2,2,4,False
polémique,2,2,4,False
portable,2,2,4,False
porter,2,2,4,False
porterait,2,2,4,False
pourrait,2,2,4,False
poussin,2,2,4,False
prendre,2,2,4,False
prestigieuse,2,2,4,False
prison,2,2,4,False
produire,2,2,4,False
produit,2,2,4,False
produits,2,2,4,False
profiter,2,2,4,False
projet,2,2,4,False
près,2,2,4,False
présent,2,2,4,False
psychose,2,2,4,False
pu,2,2,4,False
public,2,2,4,False
puissent,2,2,4,False
punition,2,2,4,False
rabaisser,2,2,4,False
racisme,2,2,4,False
ranger,2,2,4,False
rapportent,2,2,4,False
rapporter,2,2,4,False
rapprochement,2,2,4,False
ravis,2,2,4,False
regrettaient,2,2,4,False
reine,2,2,4,False
relais,2,2,4,False
rencontrer,2,2,4,False
retrouver,2,2,4,False
revenir,2,2,4,False
riche,2,2,4,False
rohani,2,2,4,False
royal,2,2,4,False
réalisable,2,2,4,False
réaliser,2,2,4,False
réclamer,2,2,4,False
récréation,2,2,4,False
région,2,2,4,False
réjouit,2,2,4,False
répression,2,2,4,False
réunir,2,2,4,False
réussir,2,2,4,False
réveiller,2,2,4,False
rêve,2,2,4,False
s'étonner,2,2,4,False
salle,2,2,4,False
salles,2,2,4,False
saucisson,2,2,4,False
second,2,2,4,False
seize,2,2,4,False
sens,2,2,4,False
service,2,2,4,False
servir,2,2,4,False
seul,2,2,4,False
situation,2,2,4,False
slip,2,2,4,False
somme,2,2,4,False
souffle,2,2,4,False
stresse,2,2,4,False
stupeur,2,2,4,False
stupéfaite,2,2,4,False
stupéfaits,2,2,4,False
submersion,2,2,4,False
succulent,2,2,4,False
sud,2,2,4,False
suffisamment,2,2,4,False
suite,2,2,4,False
sujet,2,2,4,False
surveillance,2,2,4,False
système,2,2,4,False
sécurité,2,2,4,False
sérieusement,2,2,4,False
sévère,2,2,4,False
sévères,2,2,4,False
t'inquiète,2,2,4,False
technologie,2,2,4,False
terrassés,2,2,4,False
terribles,2,2,4,False
territoire,2,2,4,False
terroristes,2,2,4,False
top,2,2,4,False
tort,2,2,4,False
totalement,2,2,4,False
toucher,2,2,4,False
tour,2,2,4,False
train,2,2,4,False
tranche,2,2,4,False
transformer,2,2,4,False
troublé,1,3,4,False
trouver,2,2,4,False
truc,2,2,4,False
trône,2,2,4,False
tsunami,2,2,4,False
tuer,2,2,4,False
téléphone,2,2,4,False
télévision,2,2,4,False
ue,2,2,4,False
urgent,2,2,4,False
utilisation,2,2,4,False
vaccin,2,2,4,False
vague,2,2,4,False
vaincre,2,2,4,False
ventre,2,2,4,False
verre,2,2,4,False
victimes,2,2,4,False
village,2,2,4,False
voie,2,2,4,False
volcan,2,2,4,False
vote,2,2,4,False
vrai,0,4,4,False
vénère,2,2,4,False
william,2,2,4,False
yeux,2,2,4,False
ébahie,2,2,4,False
économie,2,2,4,False
électoral,2,2,4,False
électorale,2,2,4,False
électrique,2,2,4,False
éliminer,2,2,4,False
épanouir,2,2,4,False
épanouissant,2,2,4,False
épaté,2,2,4,False
épatés,2,2,4,False
épidémie,2,2,4,False
équipage,2,2,4,False
états-unis,2,2,4,False
étouffé,2,2,4,False
étranger,2,2,4,False
étudier,2,2,4,False
événement,2,2,4,False
île,2,2,4,False
actrice,1,2,3,False
admire,2,1,3,False
admirent,2,1,3,False
admiré,2,1,3,False
admirée,1,2,3,False
amusée,1,2,3,False
animé,1,2,3,False
attristé,1,2,3,False
blesser,3,0,3,False
bolos,2,1,3,False
boudeuse,1,2,3,False
calédoniens,1,2,3,False
centrale,2,1,3,False
certaine,2,1,3,False
choquent,1,2,3,False
comblé,1,2,3,False
contrarie,2,1,3,False
croie,1,2,3,False
culpabilisé,1,2,3,False
curieuse,1,2,3,False
célébré,2,1,3,False
degoutez,1,2,3,False
degoutée,1,2,3,False
dégeulasse,1,2,3,False
dégouteeee,1,2,3,False
dégoûtée,1,2,3,False
dérangera,1,2,3,False
désapprouvent,2,1,3,False
désespérément,1,2,3,False
effraie,1,2,3,False
effrayante,1,2,3,False
enthousiasm,3,0,3,False
excuse,1,2,3,False
finisse,1,2,3,False
fissurée,1,2,3,False
frappé,2,1,3,False
froissé,1,2,3,False
frustrée,1,2,3,False
fâchais,1,2,3,False
fâchée,1,2,3,False
félicitée,1,2,3,False
gronde,1,2,3,False
heureur,0,3,3,False
homosexuel,2,1,3,False
humanisent,1,2,3,False
idole,1,2,3,False
impressionnent,1,2,3,False
inquiétée,1,2,3,False
introduisent,1,2,3,False
laisse,2,1,3,False
librement,1,2,3,False
luire,3,0,3,False
malheureuse,1,2,3,False
marrante,0,3,3,False
menaçaient,1,2,3,False
moqué,1,2,3,False
mène,2,1,3,False
mécontente,1,2,3,False
mécontentent,1,2,3,False
nauséabonde,1,2,3,False
obligerait,1,2,3,False
parvenaient,1,2,3,False
perde,1,2,3,False
plaisent,1,2,3,False
plaît,2,1,3,False
potentiel,0,3,3,False
préoccupe,1,2,3,False
ragoûtant,1,2,3,False
redoutables,2,1,3,False
redoutaient,1,2,3,False
redémarrera,1,2,3,False
retiennent,1,2,3,False
rigolote,1,2,3,False
risqué,1,2,3,False
rompe,1,2,3,False
rès,1,2,3,False
réagi,2,1,3,False
révoltée,1,2,3,False
sentirais,1,2,3,False
sortent,2,1,3,False
souffrait,1,2,3,False
stressée,1,2,3,False
suffit,2,1,3,False
sévit,1,2,3,False
tracasse,1,2,3,False
traite,2,1,3,False
traumatisé,1,2,3,False
troublée,2,1,3,False
tumulte,1,2,3,False
vienne,2,1,3,False
vrombissement,1,2,3,False
écœurée,1,2,3,False
électrisée,1,2,3,False
émerveillés,1,2,3,False
énerv,3,0,3,False
énervait,1,2,3,False
étonnerait,1,2,3,False
étonnée,2,1,3,False
accablé,0,2,2,False
achever,1,1,2,False
achevé,1,1,2,False
activité,1,1,2,False
activités,1,1,2,False
adjuvant,1,1,2,False
adjuvants,1,1,2,False
admiratif,1,1,2,False
admiratifs,1,1,2,False
affligés,1,1,2,False
agroalimentaire,1,1,2,False
agroalimentaires,1,1,2,False
aient,1,1,2,False
alarmantes,1,1,2,False
alarmants,1,1,2,False
amazonien,2,0,2,False
américain,1,1,2,False
américaine,1,1,2,False
ancêtre,1,1,2,False
ancêtres,1,1,2,False
angoissantes,1,1,2,False
angoissés,1,1,2,False
antenne,1,1,2,False
antennes,1,1,2,False
antibiotique,1,1,2,False
antibiotiques,1,1,2,False
appartenaient,1,1,2,False
appartenir,1,1,2,False
arrive,1,1,2,False
arrivé,1,1,2,False
arrêtent,1,1,2,False
arrêter,1,1,2,False
artistes,1,1,2,False
athlète,1,1,2,False
athlètes,1,1,2,False
attaque,1,1,2,False
attaques,1,1,2,False
attentats,1,1,2,False
atterrer,2,0,2,False
atterré,0,2,2,False
au-delà,1,1,2,False
augmente,1,1,2,False
autoriser,1,1,2,False
autorisé,1,1,2,False
bactérie,1,1,2,False
bactéries,1,1,2,False
beau,1,1,2,False
beaux,1,1,2,False
besoins,1,1,2,False
blessant,1,1,2,False
blessants,1,1,2,False
blessée,1,1,2,False
bonbon,1,1,2,False
bonbons,1,1,2,False
bonnes,1,1,2,False
bouchers-charcutiers,1,1,2,False
bâtiment,1,1,2,False
bâtiments,1,1,2,False
cauchemars,1,1,2,False
certaines,1,1,2,False
chimique,1,1,2,False
chimiques,1,1,2,False
choisie,1,1,2,False
choisir,1,1,2,False
civil,1,1,2,False
civile,1,1,2,False
communique,1,1,2,False
concerne,1,1,2,False
concerner,1,1,2,False
consterné,1,1,2,False
conséquence,1,1,2,False
conséquences,1,1,2,False
contamination,1,1,2,False
contaminations,1,1,2,False
coquillette,1,1,2,False
coquillettes,1,1,2,False
couloir,1,1,2,False
couloirs,1,1,2,False
coup,1,1,2,False
coups,1,1,2,False
craignait,1,1,2,False
craignant,1,1,2,False
craignon,1,1,2,False
craignons,1,1,2,False
crains,1,1,2,False
craintes,1,1,2,False
craintives,1,1,2,False
croc,1,1,2,False
crocs,1,1,2,False
croient,1,1,2,False
côte,1,1,2,False
côtes,1,1,2,False
d'amour,1,1,2,False
d'angoisse,1,1,2,False
d'autre,1,1,2,False
d'autres,1,1,2,False
d'avoir,1,1,2,False
derniers,1,1,2,False
dernières,1,1,2,False
devraient,1,1,2,False
dieux,1,1,2,False
différent,1,1,2,False
différents,1,1,2,False
dirigeants,1,1,2,False
diriger,1,1,2,False
dirigé,1,1,2,False
dramatiques,1,1,2,False
droit,1,1,2,False
droits,1,1,2,False
débouche,1,1,2,False
décider,1,1,2,False
décidé,1,1,2,False
découragés,1,1,2,False
découvre,1,1,2,False
découvrir,1,1,2,False
dégoutée,1,1,2,False
dégoûtantes,1,1,2,False
dégoûtants,1,1,2,False
dégradant,1,1,2,False
dégradantes,1,1,2,False
dégât,1,1,2,False
dégâts,1,1,2,False
démoralisé,1,1,2,False
démoralisés,1,1,2,False
dépressions,1,1,2,False
désavantagés,1,1,2,False
désolée,1,1,2,False
dévalorisant,1,1,2,False
dévalorisants,1,1,2,False
dû,1,1,2,False
eau,1,1,2,False
eaux,1,1,2,False
effet,1,1,2,False
effets,1,1,2,False
effondrée,1,1,2,False
effraient,1,1,2,False
emballés,1,1,2,False
embêtées,1,1,2,False
employé,1,1,2,False
employés,1,1,2,False
emporte,1,1,2,False
emporter,1,1,2,False
engagé,1,1,2,False
ennuie,1,1,2,False
entière,1,1,2,False
entières,1,1,2,False
entoure,1,1,2,False
entraîne,1,1,2,False
entraîner,1,1,2,False
erreur,1,1,2,False
erreurs,1,1,2,False
espionner,1,1,2,False
espionnées,1,1,2,False
européen,1,1,2,False
européens,1,1,2,False
exaspérés,1,1,2,False
existant,1,1,2,False
existants,1,1,2,False
existe,1,1,2,False
existent,1,1,2,False
extraordinaires,1,1,2,False
facteur,1,1,2,False
facteurs,1,1,2,False
faisaient,1,1,2,False
faisait,1,1,2,False
falloir,1,1,2,False
fasciner,2,0,2,False
fasse,1,1,2,False
faut,1,1,2,False
ferait,1,1,2,False
fesse,1,1,2,False
fesses,1,1,2,False
fierter,2,0,2,False
fille,1,1,2,False
filles,1,1,2,False
finie,1,1,2,False
finir,2,0,2,False
fonctionnent,1,1,2,False
fonctionner,1,1,2,False
foyer,1,1,2,False
foyers,1,1,2,False
françaises,1,1,2,False
furieuses,1,1,2,False
félicite,1,1,2,False
gouverner,1,1,2,False
gouverné,1,1,2,False
graves,1,1,2,False
grosse,1,1,2,False
habitation,1,1,2,False
habitations,1,1,2,False
harceleur,1,1,2,False
harceleurs,1,1,2,False
hilares,1,1,2,False
homosexuelles,1,1,2,False
homosexuels,1,1,2,False
humains,1,1,2,False
humiliées,1,1,2,False
humiliés,1,1,2,False
hurle,1,1,2,False
hôtel-restaurant,1,1,2,False
ile-de-france,1,1,2,False
immenses,1,1,2,False
impatient,2,0,2,False
important,1,1,2,False
importante,1,1,2,False
inattendue,1,1,2,False
industrie,1,1,2,False
industries,1,1,2,False
indépendant,1,1,2,False
indépendants,1,1,2,False
influence,1,1,2,False
injecter,1,1,2,False
injectés,1,1,2,False
inquiétanter,2,0,2,False
installation,1,1,2,False
installations,1,1,2,False
insultées,1,1,2,False
insultés,1,1,2,False
intentionné,1,1,2,False
intentionnées,1,1,2,False
intimidation,1,1,2,False
intimidations,1,1,2,False
intriguer,2,0,2,False
intrigués,1,1,2,False
iront,1,1,2,False
isolées,1,1,2,False
jalousies,1,1,2,False
jean-marie,1,1,2,False
jeune,1,1,2,False
jeunes,1,1,2,False
joli,0,2,2,False
jong,2,0,2,False
journaliste,1,1,2,False
journalistes,1,1,2,False
joviales,1,1,2,False
joyeuse,1,1,2,False
l'histoire,1,1,2,False
l'influence,1,1,2,False
libertés,1,1,2,False
licenciées,1,1,2,False
lois,1,1,2,False
loups,1,1,2,False
lui-même,1,1,2,False
là-bas,1,1,2,False
léger,1,1,2,False
légère,1,1,2,False
m'aurait,1,1,2,False
magiques,1,1,2,False
magnifiques,1,1,2,False
maison,1,1,2,False
maisons,1,1,2,False
malheureuses,1,1,2,False
maltraité,1,1,2,False
maltraités,1,1,2,False
massif,1,1,2,False
massive,1,1,2,False
mauvaises,1,1,2,False
meilleur,1,1,2,False
meilleure,1,1,2,False
membre,1,1,2,False
membres,1,1,2,False
menacées,1,1,2,False
menaçants,1,1,2,False
mette,1,1,2,False
million,1,1,2,False
millions,1,1,2,False
ministres,1,1,2,False
moquerie,1,1,2,False
moqueries,1,1,2,False
musulman,1,1,2,False
musulmans,1,1,2,False
mécontentes,1,1,2,False
méfiantes,1,1,2,False
méfiants,1,1,2,False
mêmes,1,1,2,False
n'avais,1,1,2,False
neige,1,1,2,False
neiges,1,1,2,False
nerveuse,1,1,2,False
noires,1,1,2,False
noirs,1,1,2,False
nord-coréens,1,1,2,False
nouvelle,1,1,2,False
nouvelles,1,1,2,False
nucléaires,1,1,2,False
océan,1,1,2,False
océans,1,1,2,False
oeil,2,0,2,False
oiseau,1,1,2,False
oiseaux,1,1,2,False
onde,1,1,2,False
ondes,1,1,2,False
opposer,1,1,2,False
opposé,1,1,2,False
opération,1,1,2,False
opérations,1,1,2,False
original,1,1,2,False
originale,1,1,2,False
ouragan,1,1,2,False
ouragans,1,1,2,False
parlait,1,1,2,False
particulières,1,1,2,False
parties,1,1,2,False
passe,1,1,2,False
patron,1,1,2,False
patrons,1,1,2,False
paysage,1,1,2,False
paysages,1,1,2,False
peines,1,1,2,False
peinture,1,1,2,False
peintures,1,1,2,False
perdues,1,1,2,False
persécuter,2,0,2,False
persécuté,0,2,2,False
petite,1,1,2,False
peuples,1,1,2,False
photographie,1,1,2,False
photographies,1,1,2,False
piste,1,1,2,False
pistes,1,1,2,False
pleuvoir,1,1,2,False
plu,1,1,2,False
pointu,1,1,2,False
pointus,1,1,2,False
poisson,1,1,2,False
poissons,1,1,2,False
positif,1,1,2,False
positive,1,1,2,False
possible,1,1,2,False
possibles,1,1,2,False
possèdent,1,1,2,False
posséder,1,1,2,False
pourraient,1,1,2,False
prestigieuses,1,1,2,False
problèmes,1,1,2,False
promettre,1,1,2,False
promis,1,1,2,False
proposent,1,1,2,False
proposer,1,1,2,False
protégé,1,1,2,False
protégés,1,1,2,False
province,1,1,2,False
provinces,1,1,2,False
provoque,1,1,2,False
préoccupants,1,1,2,False
présenter,1,1,2,False
présentés,1,1,2,False
psychologique,1,1,2,False
psychologiques,1,1,2,False
puisse,1,1,2,False
puni,1,1,2,False
punir,1,1,2,False
qu'il,1,1,2,False
quelqu,1,1,2,False
quotidien,1,1,2,False
quotidiennes,1,1,2,False
raz-de-marée,1,1,2,False
redoutant,1,1,2,False
redouté,1,1,2,False
refuser,1,1,2,False
refusé,1,1,2,False
rejeter,1,1,2,False
rejetés,1,1,2,False
remette,1,1,2,False
remettre,1,1,2,False
remord,0,2,2,False
rende,1,1,2,False
renvoyés,1,1,2,False
représaille,1,1,2,False
représailles,1,1,2,False
représentent,1,1,2,False
représenter,1,1,2,False
respectent,1,1,2,False
responsable,1,1,2,False
responsables,1,1,2,False
retraité,1,1,2,False
retraités,1,1,2,False
revenant,1,1,2,False
revendiquent,1,1,2,False
revendiquer,1,1,2,False
revienne,1,1,2,False
revivre,0,2,2,False
reçoivent,1,1,2,False
ridicules,1,1,2,False
rigolos,1,1,2,False
rigolotes,1,1,2,False
rir,2,0,2,False
risquerait,1,1,2,False
rouge,1,1,2,False
rouges,1,1,2,False
royaume-uni,1,1,2,False
ré-autoriser,1,1,2,False
réalisé,1,1,2,False
réalisées,1,1,2,False
réduire,1,1,2,False
réduites,1,1,2,False
réjouissent,1,1,2,False
réponde,1,1,2,False
répondre,1,1,2,False
réserver,1,1,2,False
réservoir,1,1,2,False
réservoirs,1,1,2,False
réservée,1,1,2,False
résultat,1,1,2,False
résultats,1,1,2,False
s'inquiète,1,1,2,False
sacrer,1,1,2,False
sacrée,1,1,2,False
salarié,1,1,2,False
salariés,1,1,2,False
satisfaites,1,1,2,False
satisfaits,1,1,2,False
sculpture,1,1,2,False
sculptures,1,1,2,False
secret,1,1,2,False
secrètes,1,1,2,False
sensibles,1,1,2,False
serait,1,1,2,False
serveuse,1,1,2,False
serveuses,1,1,2,False
sidéré,1,1,2,False
sidérés,1,1,2,False
site,1,1,2,False
sites,1,1,2,False
soucis,1,1,2,False
souffrant,1,1,2,False
souffre,1,1,2,False
source,1,1,2,False
sources,1,1,2,False
soutenir,1,1,2,False
soutiennent,1,1,2,False
stupéfaire,2,0,2,False
subi,1,1,2,False
surprenants,1,1,2,False
surprend,1,1,2,False
sympas,1,1,2,False
terrasser,2,0,2,False
terrassé,0,2,2,False
terre,1,1,2,False
terres,1,1,2,False
terrifiants,1,1,2,False
timides,1,1,2,False
toilette,1,1,2,False
toilettes,1,1,2,False
touchent,1,1,2,False
touchées,1,1,2,False
tradition,1,1,2,False
traditions,1,1,2,False
transport,1,1,2,False
transports,1,1,2,False
travailleur,1,1,2,False
travailleurs,1,1,2,False
troupeau,1,1,2,False
troupeaux,1,1,2,False
utilisées,1,1,2,False
vex,2,0,2,False
viennent,1,1,2,False
végan,1,1,2,False
végans,1,1,2,False
zone,1,1,2,False
zones,1,1,2,False
éblouis,1,1,2,False
éclater,1,1,2,False
éclaté,1,1,2,False
écraser,1,1,2,False
écrasés,1,1,2,False
écroule,1,1,2,False
électromagnétique,1,1,2,False
électromagnétiques,1,1,2,False
élevé,1,1,2,False
élevée,1,1,2,False
élue,1,1,2,False
élève,1,1,2,False
élèves,1,1,2,False
émises,1,1,2,False
épidémique,1,1,2,False
épidémiques,1,1,2,False
éternel,1,1,2,False
éternelle,1,1,2,False
étranges,1,1,2,False
évoluent,1,1,2,False
évoluer,1,1,2,False
œil,0,2,2,False
œuvre,1,1,2,False
œuvres,1,1,2,False
…,1,1,2,False
acteur,1,0,1,False
affligé,0,1,1,False
angoissante,1,0,1,False
animer,1,0,1,False
augment,1,0,1,False
augmenter,0,1,1,False
bas,1,0,1,False
blessé,0,1,1,False
bolo,0,1,1,False
boucher,1,0,1,False
calédonien,1,0,1,False
central,0,1,1,False
charcutier,1,0,1,False
combler,1,0,1,False
communiqu,1,0,1,False
communiquer,0,1,1,False
crain,1,0,1,False
craintife,0,1,1,False
célébrer,0,1,1,False
débouch,1,0,1,False
déboucher,0,1,1,False
découragé,0,1,1,False
dégeuler,1,0,1,False
dégouteee,1,0,1,False
dégouter,1,0,1,False
dégouté,0,1,1,False
délic,1,0,1,False
déranger,1,0,1,False
désapprouver,0,1,1,False
désavantager,1,0,1,False
désavantagé,0,1,1,False
désespérémer,1,0,1,False
désoler,1,0,1,False
effrai,1,0,1,False
emballer,1,0,1,False
emballé,0,1,1,False
entour,1,0,1,False
entourer,0,1,1,False
exaspéré,0,1,1,False
excus,1,0,1,False
fass,1,0,1,False
fini,0,1,1,False
fissurer,1,0,1,False
française,0,1,1,False
frapper,0,1,1,False
froisser,1,0,1,False
furieur,0,1,1,False
fâchai,1,0,1,False
gronder,1,0,1,False
homosexuelle,0,1,1,False
humaniser,1,0,1,False
humiliée,0,1,1,False
hôtel,1,0,1,False
idol,1,0,1,False
introduire,1,0,1,False
joviale,0,1,1,False
libremer,1,0,1,False
licencier,1,0,1,False
licenciée,0,1,1,False
mener,0,1,1,False
montr,1,0,1,False
moquer,1,0,1,False
mécontentemer,1,0,1,False
méfiante,0,1,1,False
nauséabond,1,0,1,False
party,1,0,1,False
parvenir,1,0,1,False
perd,1,0,1,False
ragoûter,1,0,1,False
redémarrer,1,0,1,False
rend,1,0,1,False
rendre,0,1,1,False
renvoyé,0,1,1,False
restaurant,1,0,1,False
retenir,1,0,1,False
rigolot,0,1,1,False
romp,1,0,1,False
royaume,1,0,1,False
rè,1,0,1,False
réagir,0,1,1,False
sentirai,1,0,1,False
sou,1,0,1,False
suffire,0,1,1,False
sévir,1,0,1,False
taire,1,0,1,False
tracass,1,0,1,False
traumatiser,1,0,1,False
tumult,1,0,1,False
uni,1,0,1,False
vrombissemer,1,0,1,False
ébloui,0,1,1,False
éblouir,1,0,1,False
écroul,1,0,1,False
écrouler,0,1,1,False
écœurer,1,0,1,False
électriser,1,0,1,False
émettre,1,0,1,False
émise,0,1,1,False
épouvant,1,0,1,False
