marker_value,spacy_count,stanza_count,total_count,match_key,lexicon_match_status,exact_lexicon_term,exact_lexicon_category,in_lexique_emotionnel,best_candidate_term,best_candidate_category,best_candidate_confidence,best_candidate_repair_type
peur,262,262,524,peur,exact,peur,peur,True,,,,
dangereux,93,134,227,dangereux,exact,dangereux,peur,True,,,,
colère,92,104,196,colere,exact,colère,colere,True,,,,
surprise,82,85,167,surprise,exact,surprise,surprise,True,,,,
peu,68,68,136,peu,no_match,,,False,,,,
danger,60,60,120,danger,exact,danger,peur,True,,,,
heureux,60,57,117,heureux,exact,heureux,joie,True,,,,
menacer,56,43,99,menacer,exact,menacer,peur,True,,,,
triste,48,48,96,triste,exact,triste,tristesse,True,,,,
plaisir,44,44,88,plaisir,exact,plaisir,joie,True,,,,
",",42,42,84,",",no_match,,,False,,,,
choquer,46,37,83,choquer,no_match,,,False,,,,
inquiet,57,26,83,inquiet,exact,inquiet,peur,True,,,,
inquiéter,24,58,82,inquieter,exact,inquiéter,peur,True,,,,
drôle,40,40,80,drole,exact,drôle,joie,True,,,,
assez,38,38,76,assez,no_match,,,False,,,,
étonnant,38,38,76,etonnant,exact,étonnant,surprise,True,,,,
beaucoup,36,36,72,beaucoup,no_match,,,False,,,,
menace,30,42,72,menace,exact,menace,peur,True,,,,
content,34,34,68,content,exact,content,joie,True,,,,
craindre,24,40,64,craindre,exact,craindre,peur,True,,,,
pays,32,32,64,pays,no_match,,,False,,,,
inquiète,31,31,62,inquiete,repaired_high,,,False,inquiéter,peur,high,truncated_prefix_marker
mécontentement,30,31,61,mecontentement,exact,mécontentement,colere,True,,,,
malheur,30,30,60,malheur,exact,malheur,tristesse,True,,,,
heureusement,28,28,56,heureusement,exact,heureusement,joie,True,,,,
joie,28,28,56,joie,exact,joie,joie,True,,,,
souffrir,28,25,53,souffrir,no_match,,,False,,,,
terrible,26,26,52,terrible,exact,terrible,peur,True,,,,
choqué,25,25,50,choque,no_match,,,False,,,,
grand,25,25,50,grand,no_match,,,False,,,,
craignent,31,18,49,craignent,no_match,,,False,,,,
bonheur,24,24,48,bonheur,exact,bonheur,joie,True,,,,
contre,24,24,48,contre,no_match,,,False,contrit,culpabilite,medium,shared_long_stem_edit_distance
fier,24,24,48,fier,exact,fier,fierte,True,,,,
horrible,24,24,48,horrible,exact,horrible,peur,True,,,,
impressionnant,19,29,48,impressionnant,no_match,,,False,,,,
-,22,22,44,-,no_match,,,False,,,,
',21,21,42,',no_match,,,False,,,,
insulte,20,20,40,insulte,no_match,,,False,,,,
risque,20,20,40,risque,no_match,,,False,,,,
tristesse,20,20,40,tristesse,exact,tristesse,tristesse,True,,,,
dangereu,36,0,36,dangereu,repaired_high,,,False,dangereux,peur,high,truncated_prefix_marker
fou,18,18,36,fou,no_match,,,False,,,,
génial,18,18,36,genial,no_match,,,False,,,,
panique,18,18,36,panique,exact,panique,peur,True,,,,
choquante,16,18,34,choquante,no_match,,,False,,,,
contents,16,16,32,contents,repaired_high,,,False,content,joie,high,inflected_or_extended_marker
dérange,16,16,32,derange,no_match,,,False,,,,
honte,12,20,32,honte,exact,honte,embarras,True,,,,
inquiétude,16,16,32,inquietude,exact,inquiétude,peur,True,,,,
vie,16,16,32,vie,no_match,,,False,,,,
voir,16,16,32,voir,no_match,,,False,,,,
vraiment,16,16,32,vraiment,no_match,,,False,,,,
énorme,16,16,32,enorme,no_match,,,False,,,,
dangereuse,18,13,31,dangereuse,repaired_high,,,False,dangereux,peur,high,shared_long_stem_edit_distance
impressionner,23,8,31,impressionner,no_match,,,False,,,,
surprendre,13,18,31,surprendre,exact,surprendre,surprise,True,,,,
étonner,13,18,31,etonner,exact,étonner,surprise,True,,,,
marrant,16,14,30,marrant,exact,marrant,joie,True,,,,
surpris,19,11,30,surpris,exact,surpris,surprise,True,,,,
choquantes,14,14,28,choquantes,no_match,,,False,,,,
inquiets,14,14,28,inquiets,repaired_high,,,False,inquiet,peur,high,inflected_or_extended_marker
inquiètent,14,14,28,inquietent,repaired_high,,,False,inquiéter,peur,high,shared_long_stem_edit_distance
insultes,14,14,28,insultes,no_match,,,False,,,,
spectaculaire,14,14,28,spectaculaire,no_match,,,False,,,,
subir,13,15,28,subir,no_match,,,False,,,,
dépression,13,13,26,depression,no_match,,,False,,,,
fierté,12,14,26,fierte,exact,fierté,fierte,True,,,,
président,14,12,26,president,no_match,,,False,,,,
surprenant,13,13,26,surprenant,exact,surprenant,surprise,True,,,,
insulter,15,10,25,insulter,no_match,,,False,,,,
aise,12,12,24,aise,no_match,,,False,,,,
contente,12,12,24,contente,repaired_high,,,False,contenter,joie,high,truncated_prefix_marker
cool,12,12,24,cool,no_match,,,False,,,,
décevoir,7,17,24,decevoir,exact,décevoir,deplaisir,True,,,,
malheureusement,12,12,24,malheureusement,exact,malheureusement,tristesse,True,,,,
santé,12,12,24,sante,no_match,,,False,,,,
tellement,12,12,24,tellement,no_match,,,False,,,,
«,12,12,24,«,no_match,,,False,,,,
»,12,12,24,»,no_match,,,False,,,,
ravi,8,15,23,ravi,exact,ravi,joie,True,,,,
dangereuses,11,11,22,dangereuses,no_match,,,False,danger,peur,medium,inflected_or_extended_marker
fière,11,11,22,fiere,no_match,,,False,fierté,fierte,medium,same_prefix_fuzzy
petit,11,11,22,petit,no_match,,,False,petit ami,amour,medium,truncated_prefix_marker
étrange,11,11,22,etrange,no_match,,,False,,,,
amusant,13,8,21,amusant,exact,amusant,joie,True,,,,
enthousiasme,9,12,21,enthousiasme,exact,enthousiasme,joie,True,,,,
inquiétant,10,11,21,inquietant,exact,inquiétant,peur,True,,,,
plaisante,14,7,21,plaisante,repaired_high,,,False,plaisant,amour,high,inflected_or_extended_marker
avant,10,10,20,avant,no_match,,,False,,,,
effrayant,9,11,20,effrayant,exact,effrayant,peur,True,,,,
guerre,10,10,20,guerre,no_match,,,False,,,,
incroyable,10,10,20,incroyable,no_match,,,False,,,,
insolite,10,10,20,insolite,no_match,,,False,,,,
marre,10,10,20,marre,repaired_high,,,False,marrer,joie,high,truncated_prefix_marker
merveilleux,10,10,20,merveilleux,exact,merveilleux,joie,True,,,,
méfiance,10,10,20,mefiance,exact,méfiance,peur,True,,,,
satisfaire,11,9,20,satisfaire,exact,satisfaire,joie,True,,,,
scandale,10,10,20,scandale,exact,scandale,colere,True,,,,
soi,0,20,20,soi,no_match,,,False,,,,
super,10,10,20,super,no_match,,,False,,,,
véritable,10,10,20,veritable,no_match,,,False,,,,
étonnante,10,10,20,etonnante,repaired_high,,,False,étonnant,surprise,high,inflected_or_extended_marker
effrayer,11,8,19,effrayer,exact,effrayer,peur,True,,,,
jaloux,12,7,19,jaloux,exact,jaloux,jalousie,True,,,,
mécontent,10,9,19,mecontent,exact,mécontent,colere,True,,,,
admirer,9,9,18,admirer,exact,admirer,admiration,True,,,,
angoisse,9,9,18,angoisse,exact,angoisse,peur,True,,,,
grande,9,9,18,grande,no_match,,,False,,,,
grave,9,9,18,grave,no_match,,,False,,,,
gros,9,9,18,gros,no_match,,,False,,,,
parler,9,9,18,parler,no_match,,,False,,,,
redoute,12,6,18,redoute,repaired_high,,,False,redouter,peur,high,truncated_prefix_marker
craint,9,8,17,craint,repaired_high,,,False,crainte,peur,high,truncated_prefix_marker
redouter,7,10,17,redouter,exact,redouter,peur,True,,,,
choc,8,8,16,choc,no_match,,,False,,,,
corée,8,8,16,coree,no_match,,,False,,,,
déçu,11,5,16,decu,exact,déçu,deplaisir,True,,,,
déçue,10,6,16,decue,no_match,,,False,déçu,deplaisir,medium,same_prefix_fuzzy
embêtant,8,8,16,embetant,exact,embêtant,deplaisir,True,,,,
honneur,8,8,16,honneur,exact,honneur,fierte,True,,,,
minable,8,8,16,minable,no_match,,,False,,,,
mort,8,8,16,mort,no_match,,,False,,,,
mécontents,8,8,16,mecontents,repaired_high,,,False,mécontent,colere,high,inflected_or_extended_marker
père,8,8,16,pere,no_match,,,False,,,,
regrette,8,8,16,regrette,repaired_high,,,False,regretter,culpabilite,high,truncated_prefix_marker
regretter,8,8,16,regretter,exact,regretter,culpabilite,True,,,,
terroriste,8,8,16,terroriste,repaired_high,,,False,terroriser,peur,high,shared_long_stem_edit_distance
travail,8,8,16,travail,no_match,,,False,,,,
tristes,8,8,16,tristes,repaired_high,,,False,triste,tristesse,high,inflected_or_extended_marker
trump,8,8,16,trump,no_match,,,False,,,,
étonnement,8,8,16,etonnement,exact,étonnement,surprise,True,,,,
amuse,5,10,15,amuse,repaired_high,,,False,amuser,joie,high,truncated_prefix_marker
exceptionnel,6,9,15,exceptionnel,no_match,,,False,,,,
insulté,5,10,15,insulte,no_match,,,False,,,,
traité,5,10,15,traite,no_match,,,False,,,,
bon,7,7,14,bon,no_match,,,False,,,,
cauchemar,7,7,14,cauchemar,exact,cauchemar,peur,True,,,,
choquant,6,8,14,choquant,no_match,,,False,,,,
joyeux,7,7,14,joyeux,exact,joyeux,joie,True,,,,
loi,7,7,14,loi,no_match,,,False,,,,
magique,7,7,14,magique,no_match,,,False,,,,
menacent,7,7,14,menacent,repaired_high,,,False,menace,peur,high,inflected_or_extended_marker
menacé,7,7,14,menace,exact,menace,peur,True,,,,
peine,7,7,14,peine,exact,peine,tristesse,True,,,,
prestigieux,7,7,14,prestigieux,no_match,,,False,,,,
sympa,7,7,14,sympa,exact,sympa,amour,True,,,,
furieux,7,6,13,furieux,exact,furieux,colere,True,,,,
fâché,6,7,13,fache,exact,fâché,colere,True,,,,
agréable,6,6,12,agreable,no_match,,,False,,,,
autant,6,6,12,autant,no_match,,,False,,,,
carburant,6,6,12,carburant,no_match,,,False,,,,
chine,6,6,12,chine,no_match,,,False,,,,
colèr,12,0,12,coler,repaired_high,,,False,colère,colere,high,truncated_prefix_marker
coupable,6,6,12,coupable,exact,coupable,culpabilite,True,,,,
donald,6,6,12,donald,no_match,,,False,,,,
drole,6,6,12,drole,exact,drôle,joie,True,,,,
décourage,6,6,12,decourage,repaired_high,,,False,décourager,tristesse,high,truncated_prefix_marker
détresse,6,6,12,detresse,exact,détresse,tristesse,True,,,,
détruire,6,6,12,detruire,no_match,,,False,,,,
embête,6,6,12,embete,repaired_high,,,False,embêter,deplaisir,high,truncated_prefix_marker
encore,6,6,12,encore,no_match,,,False,,,,
enfant,6,6,12,enfant,no_match,,,False,,,,
exploit,6,6,12,exploit,no_match,,,False,,,,
fan,6,6,12,fan,no_match,,,False,,,,
faute,6,6,12,faute,exact,faute,culpabilite,True,,,,
formidable,6,6,12,formidable,no_match,,,False,,,,
fortement,6,6,12,fortement,no_match,,,False,,,,
forêt,6,6,12,foret,no_match,,,False,,,,
france,6,6,12,france,no_match,,,False,,,,
gagner,6,6,12,gagner,no_match,,,False,,,,
gens,6,6,12,gens,no_match,,,False,,,,
impressionné,4,8,12,impressionne,no_match,,,False,,,,
incroyables,6,6,12,incroyables,no_match,,,False,,,,
inquiétudes,6,6,12,inquietudes,repaired_high,,,False,inquiétude,peur,high,inflected_or_extended_marker
mauvais,6,6,12,mauvais,repaired_high,,,False,mauvaiseté,inhumanite,high,truncated_prefix_marker
menaces,6,6,12,menaces,repaired_high,,,False,menace,peur,high,inflected_or_extended_marker
menacés,6,6,12,menaces,repaired_high,,,False,menace,peur,high,inflected_or_extended_marker
monde,6,6,12,monde,no_match,,,False,,,,
mourir,6,6,12,mourir,no_match,,,False,,,,
nord,6,6,12,nord,no_match,,,False,,,,
particulièrement,6,6,12,particulierement,no_match,,,False,,,,
planète,6,6,12,planete,no_match,,,False,,,,
plutôt,6,6,12,plutot,no_match,,,False,,,,
prix,6,6,12,prix,no_match,,,False,,,,
pénible,6,6,12,penible,no_match,,,False,,,,
rigolo,7,5,12,rigolo,exact,rigolo,joie,True,,,,
risques,6,6,12,risques,no_match,,,False,,,,
soit,6,6,12,soit,no_match,,,False,,,,
tête,6,6,12,tete,no_match,,,False,,,,
vexe,4,8,12,vexe,exact,vexé,embarras,True,,,,
vexé,6,6,12,vexe,exact,vexé,embarras,True,,,,
victime,6,6,12,victime,no_match,,,False,,,,
vraie,8,4,12,vraie,no_match,,,False,,,,
école,6,6,12,ecole,no_match,,,False,,,,
émerveiller,6,6,12,emerveiller,exact,émerveiller,admiration,True,,,,
amusante,3,8,11,amusante,repaired_high,,,False,amusant,joie,high,inflected_or_extended_marker
amuser,7,4,11,amuser,exact,amuser,joie,True,,,,
menaçant,4,7,11,menacant,exact,menaçant,peur,True,,,,
menaçante,7,4,11,menacante,repaired_high,,,False,menaçant,peur,high,inflected_or_extended_marker
ravir,9,2,11,ravir,exact,ravir,joie,True,,,,
venir,5,6,11,venir,no_match,,,False,,,,
animal,5,5,10,animal,no_match,,,False,,,,
attentat,5,5,10,attentat,no_match,,,False,,,,
choqués,5,5,10,choques,no_match,,,False,,,,
chose,5,5,10,chose,no_match,,,False,,,,
choses,5,5,10,choses,no_match,,,False,,,,
degouter,6,4,10,degouter,exact,dégoûter,degout,True,,,,
effondrer,5,5,10,effondrer,no_match,,,False,,,,
effrayants,5,5,10,effrayants,repaired_high,,,False,effrayant,peur,high,inflected_or_extended_marker
effrayé,5,5,10,effraye,repaired_high,,,False,effrayer,peur,high,truncated_prefix_marker
extraordinaire,5,5,10,extraordinaire,no_match,,,False,,,,
femme,5,5,10,femme,no_match,,,False,,,,
fâchés,5,5,10,faches,repaired_high,,,False,fâché,colere,high,inflected_or_extended_marker
heureuse,5,5,10,heureuse,no_match,,,False,heureux,joie,medium,shared_long_stem_edit_distance
mauvaise,5,5,10,mauvaise,repaired_high,,,False,mauvaiseté,inhumanite,high,truncated_prefix_marker
ministre,5,5,10,ministre,no_match,,,False,,,,
nombreux,5,5,10,nombreux,no_match,,,False,,,,
paniqué,4,6,10,panique,exact,panique,peur,True,,,,
particulier,5,5,10,particulier,no_match,,,False,,,,
perdre,5,5,10,perdre,no_match,,,False,,,,
plaisant,1,9,10,plaisant,exact,plaisant,amour,True,,,,
plein,4,6,10,plein,no_match,,,False,plein de soi,orgueil,medium,truncated_prefix_marker
préoccupation,5,5,10,preoccupation,exact,préoccupation,peur,True,,,,
ravie,5,5,10,ravie,no_match,,,False,ravi,joie,medium,same_prefix_fuzzy
rire,4,6,10,rire,exact,rire,joie,True,,,,
souci,5,5,10,souci,exact,souci,peur,True,,,,
stupéfait,4,6,10,stupefait,no_match,,,False,,,,
surprises,5,5,10,surprises,repaired_high,,,False,surprise,surprise,high,inflected_or_extended_marker
tension,5,5,10,tension,exact,tension,deplaisir,True,,,,
tensions,5,5,10,tensions,repaired_high,,,False,tension,deplaisir,high,inflected_or_extended_marker
traiter,7,3,10,traiter,no_match,,,False,,,,
violence,5,5,10,violence,no_match,,,False,,,,
étonne,5,5,10,etonne,exact,étonné,surprise,True,,,,
étonné,5,5,10,etonne,exact,étonné,surprise,True,,,,
étonnés,5,5,10,etonnes,repaired_high,,,False,étonné,surprise,high,inflected_or_extended_marker
alarmant,5,4,9,alarmant,exact,alarmant,peur,True,,,,
angoisser,5,4,9,angoisser,exact,angoisser,peur,True,,,,
craignaient,6,3,9,craignaient,no_match,,,False,,,,
embêter,7,2,9,embeter,exact,embêter,deplaisir,True,,,,
exceptionnelle,6,3,9,exceptionnelle,no_match,,,False,,,,
français,5,4,9,francais,no_match,,,False,,,,
potentielle,6,3,9,potentielle,no_match,,,False,,,,
stressé,3,6,9,stresse,exact,stressé,peur,True,,,,
élu,6,3,9,elu,no_match,,,False,,,,
émue,3,6,9,emue,no_match,,,False,,,,
énerve,3,6,9,enerve,exact,énervé,colere,True,,,,
(,4,4,8,(,no_match,,,False,,,,
),4,4,8,),no_match,,,False,,,,
admirable,4,4,8,admirable,exact,admirable,admiration,True,,,,
admiration,4,4,8,admiration,exact,admiration,admiration,True,,,,
adulte,4,4,8,adulte,no_match,,,False,aduler,admiration,medium,same_prefix_fuzzy
agression,4,4,8,agression,no_match,,,False,,,,
akhenaton,4,4,8,akhenaton,no_match,,,False,,,,
amusent,4,4,8,amusent,repaired_high,,,False,amusement,joie,high,shared_long_stem_edit_distance
an,4,4,8,an,no_match,,,False,,,,
ans,4,4,8,ans,no_match,,,False,,,,
argent,4,4,8,argent,no_match,,,False,,,,
armstrong,4,4,8,armstrong,no_match,,,False,,,,
arrivée,4,4,8,arrivee,no_match,,,False,,,,
augmentation,4,4,8,augmentation,no_match,,,False,,,,
blague,4,4,8,blague,no_match,,,False,,,,
blagues,4,4,8,blagues,no_match,,,False,,,,
bonne,4,4,8,bonne,no_match,,,False,bonne humeur,joie,medium,truncated_prefix_marker
campagne,4,4,8,campagne,no_match,,,False,,,,
cancer,4,4,8,cancer,no_match,,,False,,,,
cause,4,4,8,cause,no_match,,,False,,,,
chagrin,4,4,8,chagrin,exact,chagrin,tristesse,True,,,,
chinois,4,4,8,chinois,no_match,,,False,,,,
choquée,3,5,8,choquee,no_match,,,False,,,,
climatique,4,4,8,climatique,no_match,,,False,,,,
complètement,4,4,8,completement,no_match,,,False,,,,
comprendre,4,4,8,comprendre,no_match,,,False,,,,
conflit,4,4,8,conflit,no_match,,,False,,,,
corps,4,4,8,corps,no_match,,,False,,,,
cours,4,4,8,cours,no_match,,,False,,,,
crise,4,4,8,crise,no_match,,,False,,,,
degeulasse,4,4,8,degeulasse,no_match,,,False,,,,
degoute,4,4,8,degoute,exact,dégoûté,degout,True,,,,
drame,4,4,8,drame,exact,drame,tristesse,True,,,,
dégager,4,4,8,degager,no_match,,,False,,,,
déjà,4,4,8,deja,no_match,,,False,,,,
désagréable,4,4,8,desagreable,exact,désagréable,deplaisir,True,,,,
déçus,4,4,8,decus,no_match,,,False,déçu,deplaisir,medium,same_prefix_fuzzy
emmanuel,4,4,8,emmanuel,no_match,,,False,,,,
engouement,4,4,8,engouement,exact,engouement,amour,True,,,,
environnement,4,4,8,environnement,no_match,,,False,,,,
europe,4,4,8,europe,no_match,,,False,,,,
extrêmement,4,4,8,extremement,no_match,,,False,,,,
fabuleux,4,4,8,fabuleux,no_match,,,False,,,,
façon,4,4,8,facon,no_match,,,False,,,,
fois,4,4,8,fois,no_match,,,False,,,,
folâtre,4,4,8,folatre,exact,folâtre,joie,True,,,,
frimer,4,4,8,frimer,no_match,,,False,,,,
frère,4,4,8,frere,no_match,,,False,,,,
fun,4,4,8,fun,no_match,,,False,,,,
gêne,4,4,8,gene,no_match,,,False,,,,
homme,4,4,8,homme,no_match,,,False,,,,
homophobe,4,4,8,homophobe,no_match,,,False,,,,
homosexualité,4,4,8,homosexualite,no_match,,,False,,,,
hont,8,0,8,hont,no_match,,,False,honte,embarras,medium,same_prefix_fuzzy
hors,4,4,8,hors,no_match,,,False,,,,
humeur,4,4,8,humeur,exact,humeur,non_specifiee,True,,,,
immonde,4,4,8,immonde,exact,immonde,degout,True,,,,
impressionnantes,4,4,8,impressionnantes,no_match,,,False,,,,
indignation,4,4,8,indignation,exact,indignation,colere,True,,,,
installer,4,4,8,installer,no_match,,,False,,,,
jour,4,4,8,jour,no_match,,,False,,,,
kim,4,4,8,kim,no_match,,,False,,,,
macron,4,4,8,macron,no_match,,,False,,,,
maladie,4,4,8,maladie,no_match,,,False,,,,
malaise,4,4,8,malaise,no_match,,,False,,,,
mieux,4,4,8,mieux,no_match,,,False,,,,
misère,4,4,8,misere,exact,misère,tristesse,True,,,,
montagne,4,4,8,montagne,no_match,,,False,,,,
mordre,4,4,8,mordre,no_match,,,False,,,,
nature,4,4,8,nature,no_match,,,False,,,,
nouveau,4,4,8,nouveau,no_match,,,False,,,,
parce,4,4,8,parce,no_match,,,False,,,,
part,4,4,8,part,no_match,,,False,,,,
parti,4,4,8,parti,no_match,,,False,,,,
pendant,4,4,8,pendant,no_match,,,False,,,,
politique,4,4,8,politique,no_match,,,False,,,,
pollution,4,4,8,pollution,no_match,,,False,,,,
prestige,4,4,8,prestige,no_match,,,False,,,,
protéger,4,4,8,proteger,no_match,,,False,,,,
réchauffement,4,4,8,rechauffement,no_match,,,False,,,,
satisfaction,4,4,8,satisfaction,exact,satisfaction,joie,True,,,,
satisfait,3,5,8,satisfait,exact,satisfait,joie,True,,,,
souffraient,4,4,8,souffraient,no_match,,,False,,,,
souffrance,4,4,8,souffrance,no_match,,,False,,,,
stress,4,4,8,stress,exact,stress,peur,True,,,,
stressant,4,4,8,stressant,exact,stressant,peur,True,,,,
subissent,4,4,8,subissent,no_match,,,False,,,,
surprenante,4,4,8,surprenante,repaired_high,,,False,surprenant,surprise,high,inflected_or_extended_marker
tendue,4,4,8,tendue,repaired_high,,,False,tendu,deplaisir,high,inflected_or_extended_marker
timidement,4,4,8,timidement,exact,timidement,peur,True,,,,
timidité,4,4,8,timidite,exact,timidité,peur,True,,,,
traumatisme,4,4,8,traumatisme,no_match,,,False,,,,
travailler,4,4,8,travailler,no_match,,,False,,,,
virus,4,4,8,virus,no_match,,,False,,,,
voter,4,4,8,voter,no_match,,,False,,,,
ébahi,4,4,8,ebahi,exact,ébahi,surprise,True,,,,
émerveillée,4,4,8,emerveillee,repaired_high,,,False,émerveillé,admiration,high,inflected_or_extended_marker
certain,3,4,7,certain,no_match,,,False,,,,
croire,4,3,7,croire,no_match,,,False,,,,
désespérer,4,3,7,desesperer,exact,désespérer,tristesse,True,,,,
embêtée,2,5,7,embetee,repaired_high,,,False,embêter,deplaisir,high,shared_long_stem_edit_distance
gêner,5,2,7,gener,no_match,,,False,,,,
gêné,3,4,7,gene,no_match,,,False,,,,
inquiétante,5,2,7,inquietante,repaired_high,,,False,inquiétant,peur,high,inflected_or_extended_marker
lassée,3,4,7,lassee,repaired_high,,,False,lasser,comportement,high,shared_long_stem_edit_distance
malheureux,4,3,7,malheureux,exact,malheureux,tristesse,True,,,,
risquer,4,3,7,risquer,no_match,,,False,,,,
soient,4,3,7,soient,no_match,,,False,,,,
tendu,1,6,7,tendu,exact,tendu,deplaisir,True,,,,
terrorisé,3,4,7,terrorise,repaired_high,,,False,terroriser,peur,high,truncated_prefix_marker
admirait,2,4,6,admirait,no_match,,,False,,,,
affolée,2,4,6,affolee,repaired_high,,,False,affolé,peur,high,inflected_or_extended_marker
affreuse,2,4,6,affreuse,repaired_high,,,False,affres,peur,high,shared_long_stem_edit_distance
alarmante,2,4,6,alarmante,repaired_high,,,False,alarmant,peur,high,inflected_or_extended_marker
amazonienne,2,4,6,amazonienne,no_match,,,False,,,,
amour,3,3,6,amour,exact,amour,amour,True,,,,
amusé,2,4,6,amuse,repaired_high,,,False,amuser,joie,high,truncated_prefix_marker
animaux,3,3,6,animaux,no_match,,,False,,,,
artiste,3,3,6,artiste,no_match,,,False,,,,
besoin,3,3,6,besoin,no_match,,,False,,,,
blessent,2,4,6,blessent,no_match,,,False,,,,
choquait,2,4,6,choquait,no_match,,,False,,,,
citoyen,3,3,6,citoyen,no_match,,,False,,,,
citoyens,3,3,6,citoyens,no_match,,,False,,,,
dieu,3,3,6,dieu,no_match,,,False,,,,
dirigeant,3,3,6,dirigeant,no_match,,,False,,,,
dramatique,3,3,6,dramatique,exact,dramatique,tristesse,True,,,,
dégoûtant,2,4,6,degoutant,exact,dégoûtant,degout,True,,,,
embêté,2,4,6,embete,repaired_high,,,False,embêter,deplaisir,high,truncated_prefix_marker
engager,3,3,6,engager,no_match,,,False,,,,
enrager,3,3,6,enrager,exact,enrager,colere,True,,,,
excitée,2,4,6,excitee,repaired_high,,,False,excité,comportement,high,inflected_or_extended_marker
fascinée,2,4,6,fascinee,no_match,,,False,,,,
femmes,3,3,6,femmes,no_match,,,False,,,,
fières,3,3,6,fieres,no_match,,,False,fierté,fierte,medium,same_prefix_fuzzy
frustrant,2,4,6,frustrant,exact,frustrant,deplaisir,True,,,,
fâcher,4,2,6,facher,exact,fâcher,colere,True,,,,
gênant,2,4,6,genant,no_match,,,False,,,,
heureuses,3,3,6,heureuses,no_match,,,False,,,,
histoire,3,3,6,histoire,no_match,,,False,,,,
humain,3,3,6,humain,no_match,,,False,,,,
humiliante,2,4,6,humiliante,repaired_high,,,False,humiliant,embarras,high,inflected_or_extended_marker
immense,3,3,6,immense,no_match,,,False,,,,
impatiente,2,4,6,impatiente,no_match,,,False,,,,
impressionnants,3,3,6,impressionnants,no_match,,,False,,,,
inattendu,3,3,6,inattendu,no_match,,,False,,,,
inquiétantes,3,3,6,inquietantes,repaired_high,,,False,inquiétant,peur,high,inflected_or_extended_marker
jolie,4,2,6,jolie,no_match,,,False,,,,
liberté,3,3,6,liberte,no_match,,,False,,,,
loup,3,3,6,loup,no_match,,,False,,,,
magnifique,3,3,6,magnifique,no_match,,,False,,,,
marrantes,3,3,6,marrantes,repaired_high,,,False,marrant,joie,high,inflected_or_extended_marker
menacée,3,3,6,menacee,repaired_high,,,False,menace,peur,high,inflected_or_extended_marker
menaçait,3,3,6,menacait,repaired_high,,,False,menaçant,peur,high,shared_long_stem_edit_distance
mettre,3,3,6,mettre,no_match,,,False,,,,
montrer,2,4,6,montrer,no_match,,,False,,,,
mécontentements,3,3,6,mecontentements,repaired_high,,,False,mécontentement,colere,high,inflected_or_extended_marker
nombreuses,3,3,6,nombreuses,no_match,,,False,,,,
nucléaire,3,3,6,nucleaire,no_match,,,False,,,,
paniquer,4,2,6,paniquer,exact,paniquer,peur,True,,,,
passer,3,3,6,passer,no_match,,,False,,,,
personnes,3,3,6,personnes,no_match,,,False,,,,
persécution,3,3,6,persecution,no_match,,,False,,,,
persécutions,3,3,6,persecutions,no_match,,,False,,,,
peuple,3,3,6,peuple,no_match,,,False,,,,
pleine,4,2,6,pleine,no_match,,,False,,,,
premier,3,3,6,premier,no_match,,,False,,,,
première,3,3,6,premiere,no_match,,,False,,,,
problème,3,3,6,probleme,no_match,,,False,,,,
préoccupant,3,3,6,preoccupant,exact,préoccupant,peur,True,,,,
préoccupations,3,3,6,preoccupations,repaired_high,,,False,préoccupation,peur,high,inflected_or_extended_marker
présidente,2,4,6,presidente,no_match,,,False,,,,
qu'on,3,3,6,qu'on,no_match,,,False,,,,
recevoir,3,3,6,recevoir,no_match,,,False,,,,
redoutent,2,4,6,redoutent,repaired_high,,,False,redouter,peur,high,shared_long_stem_edit_distance
remords,4,2,6,remords,exact,remords,culpabilite,True,,,,
revit,4,2,6,revit,no_match,,,False,,,,
ridicule,3,3,6,ridicule,no_match,,,False,,,,
réjouir,3,3,6,rejouir,exact,réjouir,joie,True,,,,
scandalisé,2,4,6,scandalise,repaired_high,,,False,scandaliser,colere,high,truncated_prefix_marker
senti,3,3,6,senti,no_match,,,False,sentiment,non_specifiee,medium,truncated_prefix_marker
sentir,3,3,6,sentir,no_match,,,False,,,,
souffert,2,4,6,souffert,no_match,,,False,,,,
souffrent,3,3,6,souffrent,no_match,,,False,,,,
subit,4,2,6,subit,no_match,,,False,,,,
timide,3,3,6,timide,exact,timide,peur,True,,,,
utiliser,3,3,6,utiliser,no_match,,,False,,,,
vexer,4,2,6,vexer,exact,vexer,embarras,True,,,,
violences,3,3,6,violences,no_match,,,False,,,,
voulaient,3,3,6,voulaient,no_match,,,False,,,,
énervé,2,4,6,enerve,exact,énervé,colere,True,,,,
amus,5,0,5,amus,no_match,,,False,,,,
angoissé,2,3,5,angoisse,exact,angoisse,peur,True,,,,
covid,2,3,5,covid,no_match,,,False,,,,
désespéré,2,3,5,desespere,exact,désespéré,tristesse,True,,,,
désolé,2,3,5,desole,no_match,,,False,,,,
entrer,5,0,5,entrer,no_match,,,False,,,,
jalou,0,5,5,jalou,repaired_high,,,False,jaloux,jalousie,high,truncated_prefix_marker
laisser,2,3,5,laisser,no_match,,,False,,,,
montre,3,2,5,montre,no_match,,,False,,,,
obliger,3,2,5,obliger,no_match,,,False,,,,
partie,2,3,5,partie,no_match,,,False,,,,
renvoyer,3,2,5,renvoyer,no_match,,,False,,,,
sortir,2,3,5,sortir,no_match,,,False,,,,
tendre,5,0,5,tendre,exact,tendre,amour,True,,,,
terroriser,3,2,5,terroriser,exact,terroriser,peur,True,,,,
élire,1,4,5,elire,no_match,,,False,,,,
étonn,5,0,5,etonn,repaired_high,,,False,étonné,surprise,high,truncated_prefix_marker
"""",2,2,4,"""",no_match,,,False,,,,
.,2,2,4,.,no_match,,,False,,,,
abasourdi,2,2,4,abasourdi,no_match,,,False,,,,
abattus,2,2,4,abattus,repaired_high,,,False,abattu,tristesse,high,inflected_or_extended_marker
aborder,2,2,4,aborder,no_match,,,False,,,,
abusivement,2,2,4,abusivement,no_match,,,False,,,,
accablés,2,2,4,accables,repaired_high,,,False,accabler,tristesse,high,shared_long_stem_edit_distance
accepter,2,2,4,accepter,no_match,,,False,,,,
accord,2,2,4,accord,no_match,,,False,,,,
actuel,2,2,4,actuel,no_match,,,False,,,,
adultes,2,2,4,adultes,no_match,,,False,,,,
adversaire,2,2,4,adversaire,no_match,,,False,,,,
affolé,2,2,4,affole,exact,affolé,peur,True,,,,
affront,2,2,4,affront,exact,affront,embarras,True,,,,
afin,2,2,4,afin,no_match,,,False,,,,
agace,2,2,4,agace,no_match,,,False,,,,
agacer,2,2,4,agacer,no_match,,,False,,,,
agaçant,2,2,4,agacant,no_match,,,False,,,,
agir,2,2,4,agir,no_match,,,False,,,,
agressif,2,2,4,agressif,no_match,,,False,,,,
agung,2,2,4,agung,no_match,,,False,,,,
air,2,2,4,air,no_match,,,False,,,,
ait,2,2,4,ait,no_match,,,False,,,,
ajouter,2,2,4,ajouter,no_match,,,False,,,,
alerte,2,2,4,alerte,exact,alerte,peur,True,,,,
alimentaire,2,2,4,alimentaire,no_match,,,False,,,,
amusantes,2,2,4,amusantes,repaired_high,,,False,amusant,joie,high,inflected_or_extended_marker
ancien,2,2,4,ancien,no_match,,,False,,,,
angoisses,2,2,4,angoisses,repaired_high,,,False,angoisse,peur,high,inflected_or_extended_marker
année,2,2,4,annee,no_match,,,False,,,,
années,2,2,4,annees,no_match,,,False,,,,
anonymement,2,2,4,anonymement,no_match,,,False,,,,
anéanti,2,2,4,aneanti,no_match,,,False,,,,
anéantis,2,2,4,aneantis,no_match,,,False,,,,
apparition,2,2,4,apparition,no_match,,,False,,,,
apprendre,2,2,4,apprendre,no_match,,,False,,,,
apprécier,2,2,4,apprecier,no_match,,,False,,,,
apprécié,2,2,4,apprecie,no_match,,,False,,,,
après,2,2,4,apres,no_match,,,False,,,,
arbre,2,2,4,arbre,no_match,,,False,,,,
arme,2,2,4,arme,no_match,,,False,,,,
arriver,2,2,4,arriver,no_match,,,False,,,,
attaquent,2,2,4,attaquent,no_match,,,False,,,,
attaquer,2,2,4,attaquer,no_match,,,False,,,,
atterrés,2,2,4,atterres,no_match,,,False,,,,
autour,2,2,4,autour,no_match,,,False,,,,
avenir,2,2,4,avenir,no_match,,,False,,,,
avril,2,2,4,avril,no_match,,,False,,,,
baigner,2,2,4,baigner,no_match,,,False,,,,
banal,2,2,4,banal,no_match,,,False,,,,
bd,2,2,4,bd,no_match,,,False,,,,
beauté,2,2,4,beaute,no_match,,,False,,,,
boire,2,2,4,boire,no_match,,,False,,,,
brexit,2,2,4,brexit,no_match,,,False,,,,
bégayer,2,2,4,begayer,no_match,,,False,,,,
c'est,2,2,4,c'est,no_match,,,False,,,,
cas,2,2,4,cas,no_match,,,False,,,,
challenger,2,2,4,challenger,no_match,,,False,,,,
chambre,2,2,4,chambre,no_match,,,False,,,,
chanceux,2,2,4,chanceux,no_match,,,False,,,,
changement,2,2,4,changement,no_match,,,False,,,,
chapeau,2,2,4,chapeau,no_match,,,False,,,,
chercher,2,2,4,chercher,no_match,,,False,,,,
chien,2,2,4,chien,no_match,,,False,,,,
chirac,2,2,4,chirac,no_match,,,False,,,,
choquées,2,2,4,choquees,no_match,,,False,,,,
chouette,2,2,4,chouette,no_match,,,False,,,,
clinton,2,2,4,clinton,no_match,,,False,,,,
coeur,2,2,4,coeur,no_match,,,False,,,,
colonie,2,2,4,colonie,no_match,,,False,,,,
colérique,2,2,4,colerique,exact,colérique,colere,True,,,,
comment,2,2,4,comment,no_match,,,False,,,,
commun,2,2,4,commun,no_match,,,False,,,,
complot,2,2,4,complot,no_match,,,False,,,,
condition,2,2,4,condition,no_match,,,False,,,,
conditions,2,2,4,conditions,no_match,,,False,,,,
consoler,2,2,4,consoler,exact,consoler,apaisement,True,,,,
consternée,2,2,4,consternee,repaired_high,,,False,consterner,tristesse,high,shared_long_stem_edit_distance
contentes,2,2,4,contentes,repaired_high,,,False,contenter,joie,high,shared_long_stem_edit_distance
contradiction,2,2,4,contradiction,no_match,,,False,,,,
contrecœur,2,2,4,contrecœur,no_match,,,False,,,,
conversation,2,2,4,conversation,no_match,,,False,,,,
coqueluche,2,2,4,coqueluche,no_match,,,False,,,,
couvert,2,2,4,couvert,no_match,,,False,,,,
coût,2,2,4,cout,no_match,,,False,,,,
crainte,1,3,4,crainte,exact,crainte,peur,True,,,,
croiser,2,2,4,croiser,no_match,,,False,,,,
cyclone,2,2,4,cyclone,no_match,,,False,,,,
cérémonie,2,2,4,ceremonie,no_match,,,False,,,,
dangers,2,2,4,dangers,repaired_high,,,False,danger,peur,high,inflected_or_extended_marker
decu,2,2,4,decu,exact,déçu,deplaisir,True,,,,
dernier,2,2,4,dernier,no_match,,,False,,,,
derrière,2,2,4,derriere,no_match,,,False,,,,
desole,2,2,4,desole,no_match,,,False,,,,
dessin,2,2,4,dessin,no_match,,,False,,,,
deuil,2,2,4,deuil,exact,deuil,tristesse,True,,,,
deuxième,2,2,4,deuxieme,no_match,,,False,,,,
devant,2,2,4,devant,no_match,,,False,,,,
deçu,2,2,4,decu,exact,déçu,deplaisir,True,,,,
dictature,2,2,4,dictature,no_match,,,False,,,,
divertissement,2,2,4,divertissement,exact,divertissement,joie,True,,,,
doigt,2,2,4,doigt,no_match,,,False,,,,
doigts,2,2,4,doigts,no_match,,,False,,,,
dommage,2,2,4,dommage,no_match,,,False,,,,
drôles,2,2,4,droles,repaired_high,,,False,drôle,joie,high,inflected_or_extended_marker
déception,2,2,4,deception,exact,déception,deplaisir,True,,,,
déclenchement,2,2,4,declenchement,no_match,,,False,,,,
déforestation,2,2,4,deforestation,no_match,,,False,,,,
dégoute,2,2,4,degoute,exact,dégoûté,degout,True,,,,
dégoût,2,2,4,degout,exact,dégoût,degout,True,,,,
déguster,2,2,4,deguster,no_match,,,False,,,,
dépenser,2,2,4,depenser,no_match,,,False,,,,
dépressif,2,2,4,depressif,no_match,,,False,,,,
déprime,2,2,4,deprime,exact,déprime,tristesse,True,,,,
déprimer,2,2,4,deprimer,exact,déprimer,tristesse,True,,,,
désespérés,2,2,4,desesperes,repaired_high,,,False,désespéré,tristesse,high,inflected_or_extended_marker
déshonorant,2,2,4,deshonorant,exact,déshonorant,embarras,True,,,,
développement,2,2,4,developpement,no_match,,,False,,,,
effrayée,2,2,4,effrayee,repaired_high,,,False,effrayer,peur,high,shared_long_stem_edit_distance
effrayés,2,2,4,effrayes,repaired_high,,,False,effrayer,peur,high,shared_long_stem_edit_distance
elizabeth,2,2,4,elizabeth,no_match,,,False,,,,
embarrassée,2,2,4,embarrassee,no_match,,,False,,,,
encourageant,2,2,4,encourageant,no_match,,,False,,,,
endeuillée,2,2,4,endeuillee,repaired_high,,,False,endeuiller,tristesse,high,shared_long_stem_edit_distance
endroit,2,2,4,endroit,no_match,,,False,,,,
enfants,2,2,4,enfants,no_match,,,False,,,,
ennui,2,2,4,ennui,exact,ennui,tristesse,True,,,,
ennuis,2,2,4,ennuis,repaired_high,,,False,ennui,tristesse,high,inflected_or_extended_marker
ensuite,2,2,4,ensuite,no_match,,,False,,,,
enthousiasmante,2,2,4,enthousiasmante,repaired_high,,,False,enthousiasmant,joie,high,inflected_or_extended_marker
er,2,2,4,er,no_match,,,False,,,,
etats-unis,2,2,4,etats-unis,no_match,,,False,,,,
exaspération,2,2,4,exasperation,exact,exaspération,colere,True,,,,
exceptionnels,2,2,4,exceptionnels,no_match,,,False,,,,
excitant,2,2,4,excitant,exact,excitant,comportement,True,,,,
exemple,2,2,4,exemple,no_match,,,False,,,,
exister,2,2,4,exister,no_match,,,False,,,,
exploitation,2,2,4,exploitation,no_match,,,False,,,,
exploiter,2,2,4,exploiter,no_match,,,False,,,,
exploits,2,2,4,exploits,no_match,,,False,,,,
expulsion,2,2,4,expulsion,no_match,,,False,,,,
extension,2,2,4,extension,no_match,,,False,,,,
facilement,2,2,4,facilement,no_match,,,False,,,,
faisant,2,2,4,faisant,no_match,,,False,,,,
famille,2,2,4,famille,no_match,,,False,,,,
fans,2,2,4,fans,no_match,,,False,,,,
festival,2,2,4,festival,no_match,,,False,,,,
feu,2,2,4,feu,no_match,,,False,,,,
fi,2,2,4,fi,no_match,,,False,,,,
fiere,2,2,4,fiere,no_match,,,False,fierté,fierte,medium,same_prefix_fuzzy
fiers,2,2,4,fiers,no_match,,,False,fier,fierte,medium,same_prefix_fuzzy
film,2,2,4,film,no_match,,,False,,,,
forme,2,2,4,forme,no_match,,,False,,,,
frayeur,2,2,4,frayeur,exact,frayeur,peur,True,,,,
frein,2,2,4,frein,no_match,,,False,,,,
froid,2,2,4,froid,no_match,,,False,,,,
fuir,2,2,4,fuir,no_match,,,False,,,,
fureur,2,2,4,fureur,exact,fureur,colere,True,,,,
féliciter,2,2,4,feliciter,repaired_high,,,False,félicité,joie,high,inflected_or_extended_marker
gaie,2,2,4,gaie,no_match,,,False,,,,
gaîment,2,2,4,gaiment,no_match,,,False,,,,
genre,2,2,4,genre,no_match,,,False,,,,
glace,2,2,4,glace,no_match,,,False,,,,
globalement,2,2,4,globalement,no_match,,,False,,,,
godzilla,2,2,4,godzilla,no_match,,,False,,,,
gouvernement,2,2,4,gouvernement,no_match,,,False,,,,
grognon,2,2,4,grognon,exact,grognon,colere,True,,,,
génia,2,2,4,genia,no_match,,,False,,,,
général,2,2,4,general,no_match,,,False,,,,
habitant,2,2,4,habitant,no_match,,,False,,,,
habitants,2,2,4,habitants,no_match,,,False,,,,
hallucinant,2,2,4,hallucinant,no_match,,,False,,,,
hantise,2,2,4,hantise,no_match,,,False,,,,
happy,2,2,4,happy,no_match,,,False,,,,
harry,2,2,4,harry,no_match,,,False,,,,
hasard,2,2,4,hasard,no_match,,,False,,,,
hassan,2,2,4,hassan,no_match,,,False,,,,
hausse,2,2,4,hausse,no_match,,,False,,,,
haut,2,2,4,haut,no_match,,,False,,,,
hillary,2,2,4,hillary,no_match,,,False,,,,
hommes,2,2,4,hommes,no_match,,,False,,,,
homophobes,2,2,4,homophobes,no_match,,,False,,,,
honorer,2,2,4,honorer,exact,honorer,fierte,True,,,,
honteux,2,2,4,honteux,exact,honteux,embarras,True,,,,
horribles,2,2,4,horribles,repaired_high,,,False,horrible,peur,high,inflected_or_extended_marker
humanitaire,2,2,4,humanitaire,no_match,,,False,,,,
humiliation,2,2,4,humiliation,exact,humiliation,embarras,True,,,,
humiliations,2,2,4,humiliations,repaired_high,,,False,humiliation,embarras,high,inflected_or_extended_marker
héros,2,2,4,heros,no_match,,,False,,,,
identité,2,2,4,identite,no_match,,,False,,,,
idée,2,2,4,idee,no_match,,,False,,,,
idées,2,2,4,idees,no_match,,,False,,,,
ii,2,2,4,ii,no_match,,,False,,,,
imaginer,2,2,4,imaginer,no_match,,,False,,,,
impressionnante,2,2,4,impressionnante,no_match,,,False,,,,
impressionnés,2,2,4,impressionnes,no_match,,,False,,,,
inconfortable,2,2,4,inconfortable,no_match,,,False,,,,
infâme,2,2,4,infame,exact,infâme,dégoût,True,,,,
inquiété,2,2,4,inquiete,repaired_high,,,False,inquiéter,peur,high,truncated_prefix_marker
insolites,2,2,4,insolites,no_match,,,False,,,,
insécurité,2,2,4,insecurite,exact,insécurité,peur,True,,,,
intimider,2,2,4,intimider,exact,intimider,peur,True,,,,
intrigant,2,2,4,intrigant,no_match,,,False,,,,
intrigué,1,3,4,intrigue,no_match,,,False,,,,
intérieur,2,2,4,interieur,no_match,,,False,,,,
iran,2,2,4,iran,no_match,,,False,,,,
jacques,2,2,4,jacques,no_match,,,False,,,,
jalouse,2,2,4,jalouse,repaired_high,,,False,jalouser,jalousie,high,truncated_prefix_marker
jong-un,2,2,4,jong-un,no_match,,,False,,,,
jouer,2,2,4,jouer,no_match,,,False,,,,
joyeusement,2,2,4,joyeusement,exact,joyeusement,joie,True,,,,
jubile,2,2,4,jubile,repaired_high,,,False,jubiler,joie,high,truncated_prefix_marker
jubiles,2,2,4,jubiles,repaired_high,,,False,jubiler,joie,high,shared_long_stem_edit_distance
juif,2,2,4,juif,no_match,,,False,,,,
juifs,2,2,4,juifs,no_match,,,False,,,,
kiffer,2,2,4,kiffer,no_match,,,False,,,,
longtemps,2,2,4,longtemps,no_match,,,False,,,,
lutter,2,2,4,lutter,no_match,,,False,,,,
maillot,2,2,4,maillot,no_match,,,False,,,,
maladies,2,2,4,maladies,no_match,,,False,,,,
manger,2,2,4,manger,no_match,,,False,,,,
mariage,2,2,4,mariage,no_match,,,False,,,,
markle,2,2,4,markle,no_match,,,False,,,,
mars,2,2,4,mars,no_match,,,False,,,,
maximum,2,2,4,maximum,no_match,,,False,,,,
mdrrrrrr,2,2,4,mdrrrrrr,no_match,,,False,,,,
mdrrrrrrrrrrrrrrrr,2,2,4,mdrrrrrrrrrrrrrrrr,no_match,,,False,,,,
meghan,2,2,4,meghan,no_match,,,False,,,,
mer,2,2,4,mer,no_match,,,False,,,,
merci,2,2,4,merci,no_match,,,False,,,,
milieu,2,2,4,milieu,no_match,,,False,,,,
militaire,2,2,4,militaire,no_match,,,False,,,,
militaires,2,2,4,militaires,no_match,,,False,,,,
moche,2,2,4,moche,no_match,,,False,,,,
mont,2,2,4,mont,no_match,,,False,,,,
montée,2,2,4,montee,no_match,,,False,,,,
mortalité,2,2,4,mortalite,no_match,,,False,,,,
mouvement,2,2,4,mouvement,no_match,,,False,,,,
mskn,2,2,4,mskn,no_match,,,False,,,,
mystérieusement,2,2,4,mysterieusement,no_match,,,False,,,,
mélancolie,2,2,4,melancolie,exact,mélancolie,tristesse,True,,,,
métier,2,2,4,metier,no_match,,,False,,,,
nap,2,2,4,nap,no_match,,,False,,,,
napoléon,2,2,4,napoleon,no_match,,,False,,,,
national,2,2,4,national,no_match,,,False,,,,
noir,2,2,4,noir,no_match,,,False,,,,
nom,2,2,4,nom,no_match,,,False,,,,
nombre,2,2,4,nombre,no_match,,,False,,,,
nostalgie,2,2,4,nostalgie,exact,nostalgie,tristesse,True,,,,
notamment,2,2,4,notamment,no_match,,,False,,,,
nt,2,2,4,nt,no_match,,,False,,,,
objectif,2,2,4,objectif,no_match,,,False,,,,
objet,2,2,4,objet,no_match,,,False,,,,
objets,2,2,4,objets,no_match,,,False,,,,
obligés,2,2,4,obliges,no_match,,,False,,,,
obéir,2,2,4,obeir,no_match,,,False,,,,
occasion,2,2,4,occasion,no_match,,,False,,,,
oncle,2,2,4,oncle,no_match,,,False,,,,
optimiste,2,2,4,optimiste,exact,optimiste,joie,True,,,,
oscar,2,2,4,oscar,no_match,,,False,,,,
oscars,2,2,4,oscars,no_match,,,False,,,,
ours,2,2,4,ours,no_match,,,False,,,,
paix,2,2,4,paix,exact,paix,apaisement,True,,,,
paranoïa,2,2,4,paranoia,no_match,,,False,,,,
paraître,2,2,4,paraitre,no_match,,,False,,,,
pardon,2,2,4,pardon,no_match,,,False,,,,
parmi,2,2,4,parmi,no_match,,,False,,,,
particularité,2,2,4,particularite,no_match,,,False,,,,
pavoise,2,2,4,pavoise,no_match,,,False,,,,
pavoises,2,2,4,pavoises,no_match,,,False,,,,
pd,2,2,4,pd,no_match,,,False,,,,
pen,2,2,4,pen,no_match,,,False,,,,
pension,2,2,4,pension,no_match,,,False,,,,
persécutées,2,2,4,persecutees,no_match,,,False,,,,
pestilentielle,2,2,4,pestilentielle,no_match,,,False,,,,
plaisanterie,2,2,4,plaisanterie,no_match,,,False,plaisant,amour,medium,inflected_or_extended_marker
pleurer,2,2,4,pleurer,repaired_high,,,False,pleureur,comportement,high,shared_long_stem_edit_distance
pokémon,2,2,4,pokemon,no_match,,,False,,,,
police,2,2,4,police,no_match,,,False,,,,
politiques,2,2,4,politiques,no_match,,,False,,,,
polémique,2,2,4,polemique,no_match,,,False,,,,
portable,2,2,4,portable,no_match,,,False,,,,
porter,2,2,4,porter,no_match,,,False,,,,
porterait,2,2,4,porterait,no_match,,,False,,,,
pourrait,2,2,4,pourrait,no_match,,,False,,,,
poussin,2,2,4,poussin,no_match,,,False,,,,
prendre,2,2,4,prendre,no_match,,,False,,,,
prestigieuse,2,2,4,prestigieuse,no_match,,,False,,,,
prison,2,2,4,prison,no_match,,,False,,,,
produire,2,2,4,produire,no_match,,,False,,,,
produit,2,2,4,produit,no_match,,,False,,,,
produits,2,2,4,produits,no_match,,,False,,,,
profiter,2,2,4,profiter,no_match,,,False,,,,
projet,2,2,4,projet,no_match,,,False,,,,
provoquer,2,2,4,provoquer,exact,provoquer,non_specifiee,True,,,,
près,2,2,4,pres,no_match,,,False,,,,
présent,2,2,4,present,no_match,,,False,,,,
psychose,2,2,4,psychose,no_match,,,False,,,,
pu,2,2,4,pu,no_match,,,False,,,,
public,2,2,4,public,no_match,,,False,,,,
puissent,2,2,4,puissent,no_match,,,False,,,,
punition,2,2,4,punition,no_match,,,False,,,,
rabaisser,2,2,4,rabaisser,no_match,,,False,,,,
racisme,2,2,4,racisme,no_match,,,False,,,,
rage,2,2,4,rage,exact,rage,colere,True,,,,
ranger,2,2,4,ranger,no_match,,,False,,,,
rapportent,2,2,4,rapportent,no_match,,,False,,,,
rapporter,2,2,4,rapporter,no_match,,,False,,,,
rapprochement,2,2,4,rapprochement,no_match,,,False,,,,
ravis,2,2,4,ravis,no_match,,,False,ravi,joie,medium,same_prefix_fuzzy
regret,2,2,4,regret,exact,regret,culpabilite,True,,,,
regrettable,2,2,4,regrettable,exact,regrettable,culpabilite,True,,,,
regrettaient,2,2,4,regrettaient,no_match,,,False,regret,culpabilite,medium,inflected_or_extended_marker
reine,2,2,4,reine,no_match,,,False,,,,
relais,2,2,4,relais,no_match,,,False,,,,
rencontrer,2,2,4,rencontrer,no_match,,,False,,,,
retrouver,2,2,4,retrouver,no_match,,,False,,,,
revenir,2,2,4,revenir,no_match,,,False,,,,
riche,2,2,4,riche,no_match,,,False,,,,
rohani,2,2,4,rohani,no_match,,,False,,,,
ronchonner,2,2,4,ronchonner,exact,ronchonner,colere,True,,,,
royal,2,2,4,royal,no_match,,,False,,,,
réalisable,2,2,4,realisable,no_match,,,False,,,,
réaliser,2,2,4,realiser,no_match,,,False,,,,
réclamer,2,2,4,reclamer,no_match,,,False,,,,
récréation,2,2,4,recreation,no_match,,,False,,,,
région,2,2,4,region,no_match,,,False,,,,
réjouit,2,2,4,rejouit,repaired_high,,,False,réjouir,joie,high,shared_long_stem_edit_distance
répression,2,2,4,repression,no_match,,,False,,,,
réunir,2,2,4,reunir,no_match,,,False,,,,
réussir,2,2,4,reussir,no_match,,,False,,,,
réveiller,2,2,4,reveiller,no_match,,,False,,,,
révolte,2,2,4,revolte,exact,révolte,colere,True,,,,
révolté,2,2,4,revolte,exact,révolte,colere,True,,,,
rêve,2,2,4,reve,no_match,,,False,,,,
s'étonner,2,2,4,s'etonner,no_match,,,False,,,,
salle,2,2,4,salle,no_match,,,False,,,,
salles,2,2,4,salles,no_match,,,False,,,,
saucisson,2,2,4,saucisson,no_match,,,False,,,,
second,2,2,4,second,no_match,,,False,,,,
seize,2,2,4,seize,no_match,,,False,,,,
sens,2,2,4,sens,no_match,,,False,,,,
sentiment,2,2,4,sentiment,exact,sentiment,non_specifiee,True,,,,
service,2,2,4,service,no_match,,,False,,,,
servir,2,2,4,servir,no_match,,,False,,,,
seul,2,2,4,seul,no_match,,,False,,,,
situation,2,2,4,situation,no_match,,,False,,,,
slip,2,2,4,slip,no_match,,,False,,,,
somme,2,2,4,somme,no_match,,,False,,,,
souffle,2,2,4,souffle,no_match,,,False,,,,
sourire,2,2,4,sourire,exact,sourire,comportement,True,,,,
stresse,2,2,4,stresse,exact,stressé,peur,True,,,,
stresser,4,0,4,stresser,exact,stresser,peur,True,,,,
stupeur,2,2,4,stupeur,no_match,,,False,,,,
stupéfaite,2,2,4,stupefaite,no_match,,,False,,,,
stupéfaits,2,2,4,stupefaits,no_match,,,False,,,,
submersion,2,2,4,submersion,no_match,,,False,,,,
succulent,2,2,4,succulent,no_match,,,False,,,,
sud,2,2,4,sud,no_match,,,False,,,,
suffisamment,2,2,4,suffisamment,no_match,,,False,,,,
suite,2,2,4,suite,no_match,,,False,,,,
sujet,2,2,4,sujet,no_match,,,False,,,,
surveillance,2,2,4,surveillance,no_match,,,False,,,,
susceptible,2,2,4,susceptible,exact,susceptible,orgueil,True,,,,
système,2,2,4,systeme,no_match,,,False,,,,
sécurité,2,2,4,securite,no_match,,,False,,,,
sérieusement,2,2,4,serieusement,no_match,,,False,,,,
sévère,2,2,4,severe,no_match,,,False,,,,
sévères,2,2,4,severes,no_match,,,False,,,,
t'inquiète,2,2,4,t'inquiete,no_match,,,False,,,,
technologie,2,2,4,technologie,no_match,,,False,,,,
terrassés,2,2,4,terrasses,no_match,,,False,,,,
terreur,2,2,4,terreur,exact,terreur,peur,True,,,,
terribles,2,2,4,terribles,repaired_high,,,False,terrible,peur,high,inflected_or_extended_marker
territoire,2,2,4,territoire,no_match,,,False,,,,
terroristes,2,2,4,terroristes,repaired_high,,,False,terroriser,peur,high,shared_long_stem_edit_distance
top,2,2,4,top,no_match,,,False,,,,
tort,2,2,4,tort,no_match,,,False,,,,
totalement,2,2,4,totalement,no_match,,,False,,,,
toucher,2,2,4,toucher,no_match,,,False,,,,
tour,2,2,4,tour,no_match,,,False,,,,
trac,2,2,4,trac,exact,trac,peur,True,,,,
train,2,2,4,train,no_match,,,False,,,,
tranche,2,2,4,tranche,no_match,,,False,,,,
transformer,2,2,4,transformer,no_match,,,False,,,,
troublé,1,3,4,trouble,exact,trouble,surprise,True,,,,
trouver,2,2,4,trouver,no_match,,,False,,,,
truc,2,2,4,truc,no_match,,,False,,,,
trône,2,2,4,trone,no_match,,,False,,,,
tsunami,2,2,4,tsunami,no_match,,,False,,,,
tuer,2,2,4,tuer,no_match,,,False,,,,
téléphone,2,2,4,telephone,no_match,,,False,,,,
télévision,2,2,4,television,no_match,,,False,,,,
ue,2,2,4,ue,no_match,,,False,,,,
urgent,2,2,4,urgent,no_match,,,False,,,,
utilisation,2,2,4,utilisation,no_match,,,False,,,,
vaccin,2,2,4,vaccin,no_match,,,False,,,,
vague,2,2,4,vague,no_match,,,False,,,,
vaincre,2,2,4,vaincre,no_match,,,False,,,,
ventre,2,2,4,ventre,no_match,,,False,,,,
verre,2,2,4,verre,no_match,,,False,,,,
victimes,2,2,4,victimes,no_match,,,False,,,,
village,2,2,4,village,no_match,,,False,,,,
voie,2,2,4,voie,no_match,,,False,,,,
volcan,2,2,4,volcan,no_match,,,False,,,,
vote,2,2,4,vote,no_match,,,False,,,,
vrai,0,4,4,vrai,no_match,,,False,,,,
vénère,2,2,4,venere,repaired_high,,,False,vénérer,amour,high,truncated_prefix_marker
vénérer,2,2,4,venerer,exact,vénérer,amour,True,,,,
william,2,2,4,william,no_match,,,False,,,,
yeux,2,2,4,yeux,no_match,,,False,,,,
ébahie,2,2,4,ebahie,repaired_high,,,False,ébahi,surprise,high,inflected_or_extended_marker
économie,2,2,4,economie,no_match,,,False,,,,
égard,2,2,4,egard,exact,égard,admiration,True,,,,
égayer,2,2,4,egayer,exact,égayer,joie,True,,,,
électoral,2,2,4,electoral,no_match,,,False,,,,
électorale,2,2,4,electorale,no_match,,,False,,,,
électrique,2,2,4,electrique,no_match,,,False,,,,
éliminer,2,2,4,eliminer,no_match,,,False,,,,
épanouir,2,2,4,epanouir,no_match,,,False,,,,
épanouissant,2,2,4,epanouissant,no_match,,,False,,,,
épaté,2,2,4,epate,no_match,,,False,,,,
épatés,2,2,4,epates,no_match,,,False,,,,
épidémie,2,2,4,epidemie,no_match,,,False,,,,
équipage,2,2,4,equipage,no_match,,,False,,,,
états-unis,2,2,4,etats-unis,no_match,,,False,,,,
étouffé,2,2,4,etouffe,no_match,,,False,,,,
étranger,2,2,4,etranger,no_match,,,False,,,,
étudier,2,2,4,etudier,no_match,,,False,,,,
événement,2,2,4,evenement,no_match,,,False,,,,
île,2,2,4,ile,no_match,,,False,,,,
actrice,1,2,3,actrice,no_match,,,False,,,,
admire,2,1,3,admire,repaired_high,,,False,admirer,admiration,high,truncated_prefix_marker
admirent,2,1,3,admirent,no_match,,,False,admirer,admiration,medium,shared_long_stem_edit_distance
admiré,2,1,3,admire,repaired_high,,,False,admirer,admiration,high,truncated_prefix_marker
admirée,1,2,3,admiree,repaired_high,,,False,admirer,admiration,high,shared_long_stem_edit_distance
amusée,1,2,3,amusee,repaired_high,,,False,amuser,joie,high,shared_long_stem_edit_distance
animé,1,2,3,anime,no_match,,,False,,,,
attristant,1,2,3,attristant,exact,attristant,tristesse,True,,,,
attristé,1,2,3,attriste,repaired_high,,,False,attrister,tristesse,high,truncated_prefix_marker
blesser,3,0,3,blesser,no_match,,,False,,,,
bolos,2,1,3,bolos,no_match,,,False,,,,
boudeuse,1,2,3,boudeuse,no_match,,,False,boudeur,colere,medium,shared_long_stem_edit_distance
calédoniens,1,2,3,caledoniens,no_match,,,False,,,,
centrale,2,1,3,centrale,no_match,,,False,,,,
certaine,2,1,3,certaine,no_match,,,False,,,,
choquent,1,2,3,choquent,no_match,,,False,,,,
comblé,1,2,3,comble,no_match,,,False,,,,
contrarie,2,1,3,contrarie,exact,contrarié,deplaisir,True,,,,
croie,1,2,3,croie,no_match,,,False,,,,
culpabilisé,1,2,3,culpabilise,repaired_high,,,False,culpabiliser,culpabilite,high,truncated_prefix_marker
curieuse,1,2,3,curieuse,no_match,,,False,curieux,desir,medium,shared_long_stem_edit_distance
célébré,2,1,3,celebre,no_match,,,False,,,,
degoutez,1,2,3,degoutez,repaired_high,,,False,dégoûté,degout,high,inflected_or_extended_marker
degoutée,1,2,3,degoutee,repaired_high,,,False,dégoûté,degout,high,inflected_or_extended_marker
décontenancée,1,2,3,decontenancee,exact,décontenancée,surprise,True,,,,
dégeulasse,1,2,3,degeulasse,no_match,,,False,,,,
dégouteeee,1,2,3,degouteeee,repaired_high,,,False,dégoûté,degout,high,inflected_or_extended_marker
dégoûter,3,0,3,degouter,exact,dégoûter,degout,True,,,,
dégoûtée,1,2,3,degoutee,repaired_high,,,False,dégoûté,degout,high,inflected_or_extended_marker
délice,1,2,3,delice,exact,délice,joie,True,,,,
dérangera,1,2,3,derangera,no_match,,,False,,,,
désapprouvent,2,1,3,desapprouvent,no_match,,,False,,,,
désespérément,1,2,3,desesperement,no_match,,,False,désespéré,tristesse,medium,inflected_or_extended_marker
effraie,1,2,3,effraie,no_match,,,False,effrayer,peur,medium,shared_long_stem_edit_distance
effrayante,1,2,3,effrayante,repaired_high,,,False,effrayant,peur,high,inflected_or_extended_marker
enthousiasm,3,0,3,enthousiasm,repaired_high,,,False,enthousiasme,joie,high,truncated_prefix_marker
excuse,1,2,3,excuse,no_match,,,False,,,,
finisse,1,2,3,finisse,no_match,,,False,,,,
fissurée,1,2,3,fissuree,no_match,,,False,,,,
frappé,2,1,3,frappe,no_match,,,False,,,,
froissé,1,2,3,froisse,no_match,,,False,,,,
frustrer,3,0,3,frustrer,exact,frustrer,deplaisir,True,,,,
frustrée,1,2,3,frustree,repaired_high,,,False,frustrer,deplaisir,high,shared_long_stem_edit_distance
fâchais,1,2,3,fachais,no_match,,,False,,,,
fâchée,1,2,3,fachee,repaired_high,,,False,fâché,colere,high,inflected_or_extended_marker
félicité,2,1,3,felicite,exact,félicité,joie,True,,,,
félicitée,1,2,3,felicitee,repaired_high,,,False,félicité,joie,high,inflected_or_extended_marker
gronde,1,2,3,gronde,no_match,,,False,,,,
heureur,0,3,3,heureur,repaired_high,,,False,heureux,joie,high,shared_long_stem_edit_distance
homosexuel,2,1,3,homosexuel,no_match,,,False,,,,
humanisent,1,2,3,humanisent,no_match,,,False,,,,
idole,1,2,3,idole,no_match,,,False,,,,
impressionnent,1,2,3,impressionnent,no_match,,,False,,,,
inquiétée,1,2,3,inquietee,repaired_high,,,False,inquiéter,peur,high,shared_long_stem_edit_distance
introduisent,1,2,3,introduisent,no_match,,,False,,,,
laisse,2,1,3,laisse,no_match,,,False,,,,
librement,1,2,3,librement,no_match,,,False,,,,
luire,3,0,3,luire,no_match,,,False,,,,
malheureuse,1,2,3,malheureuse,repaired_high,,,False,malheureux,tristesse,high,shared_long_stem_edit_distance
marrante,0,3,3,marrante,repaired_high,,,False,marrant,joie,high,inflected_or_extended_marker
menaçaient,1,2,3,menacaient,repaired_high,,,False,menaçant,peur,high,shared_long_stem_edit_distance
moqué,1,2,3,moque,no_match,,,False,,,,
mène,2,1,3,mene,no_match,,,False,,,,
mécontente,1,2,3,mecontente,repaired_high,,,False,mécontenter,colere,high,truncated_prefix_marker
mécontentent,1,2,3,mecontentent,repaired_high,,,False,mécontentement,colere,high,shared_long_stem_edit_distance
méfiant,2,1,3,mefiant,exact,méfiant,peur,True,,,,
nauséabonde,1,2,3,nauseabonde,no_match,,,False,,,,
obligerait,1,2,3,obligerait,no_match,,,False,,,,
parvenaient,1,2,3,parvenaient,no_match,,,False,,,,
perde,1,2,3,perde,no_match,,,False,,,,
plaire,2,1,3,plaire,exact,plaire,amour,True,,,,
plaisent,1,2,3,plaisent,no_match,,,False,plaisant,amour,medium,same_prefix_fuzzy
plaît,2,1,3,plait,no_match,,,False,,,,
potentiel,0,3,3,potentiel,no_match,,,False,,,,
préoccupe,1,2,3,preoccupe,exact,préoccupé,peur,True,,,,
ragoûtant,1,2,3,ragoutant,no_match,,,False,,,,
redoutables,2,1,3,redoutables,repaired_high,,,False,redoutable,peur,high,inflected_or_extended_marker
redoutaient,1,2,3,redoutaient,no_match,,,False,,,,
redémarrera,1,2,3,redemarrera,no_match,,,False,,,,
retiennent,1,2,3,retiennent,no_match,,,False,,,,
rigolote,1,2,3,rigolote,repaired_high,,,False,rigolo,joie,high,inflected_or_extended_marker
risqué,1,2,3,risque,no_match,,,False,,,,
rompe,1,2,3,rompe,no_match,,,False,,,,
rès,1,2,3,res,no_match,,,False,,,,
réagi,2,1,3,reagi,no_match,,,False,,,,
révoltée,1,2,3,revoltee,repaired_high,,,False,révolte,colere,high,inflected_or_extended_marker
sentirais,1,2,3,sentirais,no_match,,,False,,,,
sortent,2,1,3,sortent,no_match,,,False,,,,
souffrait,1,2,3,souffrait,no_match,,,False,,,,
stressée,1,2,3,stressee,repaired_high,,,False,stressé,peur,high,inflected_or_extended_marker
suffit,2,1,3,suffit,no_match,,,False,,,,
sévit,1,2,3,sevit,no_match,,,False,,,,
tracasse,1,2,3,tracasse,no_match,,,False,,,,
traite,2,1,3,traite,no_match,,,False,,,,
traumatisé,1,2,3,traumatise,no_match,,,False,,,,
troublée,2,1,3,troublee,repaired_high,,,False,trouble,surprise,high,inflected_or_extended_marker
tumulte,1,2,3,tumulte,no_match,,,False,,,,
vienne,2,1,3,vienne,no_match,,,False,,,,
vrombissement,1,2,3,vrombissement,no_match,,,False,,,,
écœurée,1,2,3,ecœuree,no_match,,,False,,,,
électrisée,1,2,3,electrisee,no_match,,,False,,,,
émerveillés,1,2,3,emerveilles,repaired_high,,,False,émerveillé,admiration,high,inflected_or_extended_marker
ému,3,0,3,emu,exact,ému,non_specifiee,True,,,,
énerv,3,0,3,enerv,repaired_high,,,False,énervé,colere,high,truncated_prefix_marker
énervait,1,2,3,enervait,repaired_high,,,False,énervant,colere,high,shared_long_stem_edit_distance
énerver,3,0,3,enerver,exact,énerver,colere,True,,,,
étonnerait,1,2,3,etonnerait,repaired_high,,,False,étonner,surprise,high,inflected_or_extended_marker
étonnée,2,1,3,etonnee,repaired_high,,,False,étonné,surprise,high,inflected_or_extended_marker
abattre,0,2,2,abattre,exact,abattre,tristesse,True,,,,
abattu,2,0,2,abattu,exact,abattu,tristesse,True,,,,
accabler,2,0,2,accabler,exact,accabler,tristesse,True,,,,
accablé,0,2,2,accable,repaired_high,,,False,accabler,tristesse,high,truncated_prefix_marker
achever,1,1,2,achever,no_match,,,False,,,,
achevé,1,1,2,acheve,no_match,,,False,,,,
activité,1,1,2,activite,no_match,,,False,,,,
activités,1,1,2,activites,no_match,,,False,,,,
adjuvant,1,1,2,adjuvant,no_match,,,False,,,,
adjuvants,1,1,2,adjuvants,no_match,,,False,,,,
admiratif,1,1,2,admiratif,repaired_high,,,False,admiration,admiration,high,shared_long_stem_edit_distance
admiratifs,1,1,2,admiratifs,no_match,,,False,admiration,admiration,medium,shared_long_stem_edit_distance
affligés,1,1,2,affliges,repaired_high,,,False,affliger,tristesse,high,shared_long_stem_edit_distance
affoler,2,0,2,affoler,exact,affoler,peur,True,,,,
affreux,2,0,2,affreux,exact,affreux,peur,True,,,,
agroalimentaire,1,1,2,agroalimentaire,no_match,,,False,,,,
agroalimentaires,1,1,2,agroalimentaires,no_match,,,False,,,,
aient,1,1,2,aient,no_match,,,False,,,,
alarmantes,1,1,2,alarmantes,repaired_high,,,False,alarmant,peur,high,inflected_or_extended_marker
alarmants,1,1,2,alarmants,repaired_high,,,False,alarmant,peur,high,inflected_or_extended_marker
amazonien,2,0,2,amazonien,no_match,,,False,,,,
américain,1,1,2,americain,no_match,,,False,,,,
américaine,1,1,2,americaine,no_match,,,False,,,,
ancêtre,1,1,2,ancetre,no_match,,,False,,,,
ancêtres,1,1,2,ancetres,no_match,,,False,,,,
angoissantes,1,1,2,angoissantes,repaired_high,,,False,angoissant,peur,high,inflected_or_extended_marker
angoissés,1,1,2,angoisses,repaired_high,,,False,angoisse,peur,high,inflected_or_extended_marker
antenne,1,1,2,antenne,no_match,,,False,,,,
antennes,1,1,2,antennes,no_match,,,False,,,,
antibiotique,1,1,2,antibiotique,no_match,,,False,,,,
antibiotiques,1,1,2,antibiotiques,no_match,,,False,,,,
appartenaient,1,1,2,appartenaient,no_match,,,False,,,,
appartenir,1,1,2,appartenir,no_match,,,False,,,,
arrive,1,1,2,arrive,no_match,,,False,,,,
arrivé,1,1,2,arrive,no_match,,,False,,,,
arrêtent,1,1,2,arretent,no_match,,,False,,,,
arrêter,1,1,2,arreter,no_match,,,False,,,,
artistes,1,1,2,artistes,no_match,,,False,,,,
athlète,1,1,2,athlete,no_match,,,False,,,,
athlètes,1,1,2,athletes,no_match,,,False,,,,
attaque,1,1,2,attaque,no_match,,,False,,,,
attaques,1,1,2,attaques,no_match,,,False,,,,
attentats,1,1,2,attentats,no_match,,,False,,,,
atterrer,2,0,2,atterrer,no_match,,,False,,,,
atterré,0,2,2,atterre,no_match,,,False,,,,
attrister,2,0,2,attrister,exact,attrister,tristesse,True,,,,
au-delà,1,1,2,au-dela,no_match,,,False,,,,
augmente,1,1,2,augmente,no_match,,,False,,,,
autoriser,1,1,2,autoriser,no_match,,,False,,,,
autorisé,1,1,2,autorise,no_match,,,False,,,,
bactérie,1,1,2,bacterie,no_match,,,False,,,,
bactéries,1,1,2,bacteries,no_match,,,False,,,,
beau,1,1,2,beau,no_match,,,False,,,,
beaux,1,1,2,beaux,no_match,,,False,,,,
besoins,1,1,2,besoins,no_match,,,False,,,,
bien-être,1,1,2,bien-etre,exact,bien-être,joie,True,,,,
blessant,1,1,2,blessant,no_match,,,False,,,,
blessants,1,1,2,blessants,no_match,,,False,,,,
blessée,1,1,2,blessee,no_match,,,False,,,,
bonbon,1,1,2,bonbon,no_match,,,False,,,,
bonbons,1,1,2,bonbons,no_match,,,False,,,,
bonnes,1,1,2,bonnes,no_match,,,False,,,,
bouchers-charcutiers,1,1,2,bouchers-charcutiers,no_match,,,False,,,,
bâtiment,1,1,2,batiment,no_match,,,False,,,,
bâtiments,1,1,2,batiments,no_match,,,False,,,,
cauchemars,1,1,2,cauchemars,repaired_high,,,False,cauchemar,peur,high,inflected_or_extended_marker
certaines,1,1,2,certaines,no_match,,,False,,,,
chimique,1,1,2,chimique,no_match,,,False,,,,
chimiques,1,1,2,chimiques,no_match,,,False,,,,
choisie,1,1,2,choisie,no_match,,,False,,,,
choisir,1,1,2,choisir,no_match,,,False,,,,
civil,1,1,2,civil,no_match,,,False,,,,
civile,1,1,2,civile,no_match,,,False,,,,
communique,1,1,2,communique,no_match,,,False,,,,
concerne,1,1,2,concerne,no_match,,,False,,,,
concerner,1,1,2,concerner,no_match,,,False,,,,
consterner,1,1,2,consterner,exact,consterner,tristesse,True,,,,
consterné,1,1,2,consterne,repaired_high,,,False,consterner,tristesse,high,truncated_prefix_marker
conséquence,1,1,2,consequence,no_match,,,False,,,,
conséquences,1,1,2,consequences,no_match,,,False,,,,
contamination,1,1,2,contamination,no_match,,,False,,,,
contaminations,1,1,2,contaminations,no_match,,,False,,,,
coquillette,1,1,2,coquillette,no_match,,,False,,,,
coquillettes,1,1,2,coquillettes,no_match,,,False,,,,
couloir,1,1,2,couloir,no_match,,,False,,,,
couloirs,1,1,2,couloirs,no_match,,,False,,,,
coup,1,1,2,coup,no_match,,,False,,,,
coups,1,1,2,coups,no_match,,,False,,,,
craignait,1,1,2,craignait,no_match,,,False,,,,
craignant,1,1,2,craignant,no_match,,,False,,,,
craignon,1,1,2,craignon,no_match,,,False,,,,
craignons,1,1,2,craignons,no_match,,,False,,,,
crains,1,1,2,crains,no_match,,,False,crainte,peur,medium,shared_long_stem_edit_distance
craintes,1,1,2,craintes,repaired_high,,,False,crainte,peur,high,inflected_or_extended_marker
craintives,1,1,2,craintives,no_match,,,False,,,,
croc,1,1,2,croc,no_match,,,False,,,,
crocs,1,1,2,crocs,no_match,,,False,,,,
croient,1,1,2,croient,no_match,,,False,,,,
côte,1,1,2,cote,no_match,,,False,,,,
côtes,1,1,2,cotes,no_match,,,False,,,,
d'amour,1,1,2,d'amour,no_match,,,False,,,,
d'angoisse,1,1,2,d'angoisse,no_match,,,False,,,,
d'autre,1,1,2,d'autre,no_match,,,False,,,,
d'autres,1,1,2,d'autres,no_match,,,False,,,,
d'avoir,1,1,2,d'avoir,no_match,,,False,,,,
derniers,1,1,2,derniers,no_match,,,False,,,,
dernières,1,1,2,dernieres,no_match,,,False,,,,
devraient,1,1,2,devraient,no_match,,,False,,,,
dieux,1,1,2,dieux,no_match,,,False,,,,
différent,1,1,2,different,no_match,,,False,,,,
différents,1,1,2,differents,no_match,,,False,,,,
dirigeants,1,1,2,dirigeants,no_match,,,False,,,,
diriger,1,1,2,diriger,no_match,,,False,,,,
dirigé,1,1,2,dirige,no_match,,,False,,,,
dramatiques,1,1,2,dramatiques,repaired_high,,,False,dramatique,tristesse,high,inflected_or_extended_marker
droit,1,1,2,droit,no_match,,,False,,,,
droits,1,1,2,droits,no_match,,,False,,,,
débouche,1,1,2,debouche,no_match,,,False,,,,
décider,1,1,2,decider,no_match,,,False,,,,
décidé,1,1,2,decide,no_match,,,False,,,,
découragés,1,1,2,decourages,repaired_high,,,False,décourager,tristesse,high,shared_long_stem_edit_distance
découvre,1,1,2,decouvre,no_match,,,False,,,,
découvrir,1,1,2,decouvrir,no_match,,,False,,,,
dégoutée,1,1,2,degoutee,repaired_high,,,False,dégoûté,degout,high,inflected_or_extended_marker
dégoûtantes,1,1,2,degoutantes,repaired_high,,,False,dégoûtant,degout,high,inflected_or_extended_marker
dégoûtants,1,1,2,degoutants,repaired_high,,,False,dégoûtant,degout,high,inflected_or_extended_marker
dégradant,1,1,2,degradant,no_match,,,False,,,,
dégradantes,1,1,2,degradantes,no_match,,,False,,,,
dégât,1,1,2,degat,no_match,,,False,,,,
dégâts,1,1,2,degats,no_match,,,False,,,,
démoralisé,1,1,2,demoralise,repaired_high,,,False,démoraliser,tristesse,high,truncated_prefix_marker
démoralisés,1,1,2,demoralises,repaired_high,,,False,démoraliser,tristesse,high,shared_long_stem_edit_distance
dépressions,1,1,2,depressions,no_match,,,False,,,,
désavantagés,1,1,2,desavantages,no_match,,,False,,,,
désolée,1,1,2,desolee,no_match,,,False,,,,
dévalorisant,1,1,2,devalorisant,no_match,,,False,,,,
dévalorisants,1,1,2,devalorisants,no_match,,,False,,,,
dû,1,1,2,du,no_match,,,False,,,,
eau,1,1,2,eau,no_match,,,False,,,,
eaux,1,1,2,eaux,no_match,,,False,,,,
effet,1,1,2,effet,no_match,,,False,,,,
effets,1,1,2,effets,no_match,,,False,,,,
effondrée,1,1,2,effondree,no_match,,,False,,,,
effraient,1,1,2,effraient,no_match,,,False,,,,
emballés,1,1,2,emballes,no_match,,,False,,,,
embêtées,1,1,2,embetees,no_match,,,False,embêter,deplaisir,medium,shared_long_stem_edit_distance
employé,1,1,2,employe,no_match,,,False,,,,
employés,1,1,2,employes,no_match,,,False,,,,
emporte,1,1,2,emporte,no_match,,,False,,,,
emporter,1,1,2,emporter,no_match,,,False,,,,
engagé,1,1,2,engage,no_match,,,False,,,,
ennuie,1,1,2,ennuie,repaired_high,,,False,ennui,tristesse,high,inflected_or_extended_marker
ennuyer,1,1,2,ennuyer,exact,ennuyer,tristesse,True,,,,
enragé,1,1,2,enrage,exact,enragé,colere,True,,,,
entière,1,1,2,entiere,no_match,,,False,,,,
entières,1,1,2,entieres,no_match,,,False,,,,
entoure,1,1,2,entoure,no_match,,,False,,,,
entraîne,1,1,2,entraine,repaired_high,,,False,entrain,joie,high,inflected_or_extended_marker
entraîner,1,1,2,entrainer,repaired_high,,,False,entrain,joie,high,inflected_or_extended_marker
erreur,1,1,2,erreur,no_match,,,False,,,,
erreurs,1,1,2,erreurs,no_match,,,False,,,,
espionner,1,1,2,espionner,no_match,,,False,,,,
espionnées,1,1,2,espionnees,no_match,,,False,,,,
européen,1,1,2,europeen,no_match,,,False,,,,
européens,1,1,2,europeens,no_match,,,False,,,,
exaspérés,1,1,2,exasperes,repaired_high,,,False,exaspérer,colere,high,shared_long_stem_edit_distance
exciter,2,0,2,exciter,exact,exciter,comportement,True,,,,
existant,1,1,2,existant,no_match,,,False,,,,
existants,1,1,2,existants,no_match,,,False,,,,
existe,1,1,2,existe,no_match,,,False,,,,
existent,1,1,2,existent,no_match,,,False,,,,
extraordinaires,1,1,2,extraordinaires,no_match,,,False,,,,
facteur,1,1,2,facteur,no_match,,,False,,,,
facteurs,1,1,2,facteurs,no_match,,,False,,,,
faisaient,1,1,2,faisaient,no_match,,,False,,,,
faisait,1,1,2,faisait,no_match,,,False,,,,
falloir,1,1,2,falloir,no_match,,,False,,,,
fasciner,2,0,2,fasciner,no_match,,,False,,,,
fasse,1,1,2,fasse,no_match,,,False,,,,
faut,1,1,2,faut,no_match,,,False,faute,culpabilite,medium,same_prefix_fuzzy
ferait,1,1,2,ferait,no_match,,,False,,,,
fesse,1,1,2,fesse,no_match,,,False,,,,
fesses,1,1,2,fesses,no_match,,,False,,,,
fierter,2,0,2,fierter,repaired_high,,,False,fierté,fierte,high,inflected_or_extended_marker
fille,1,1,2,fille,no_match,,,False,,,,
filles,1,1,2,filles,no_match,,,False,,,,
finie,1,1,2,finie,no_match,,,False,,,,
finir,2,0,2,finir,no_match,,,False,,,,
fonctionnent,1,1,2,fonctionnent,no_match,,,False,,,,
fonctionner,1,1,2,fonctionner,no_match,,,False,,,,
foyer,1,1,2,foyer,no_match,,,False,,,,
foyers,1,1,2,foyers,no_match,,,False,,,,
françaises,1,1,2,francaises,no_match,,,False,,,,
furieuses,1,1,2,furieuses,no_match,,,False,furie,colere,medium,inflected_or_extended_marker
félicite,1,1,2,felicite,exact,félicité,joie,True,,,,
gouverner,1,1,2,gouverner,no_match,,,False,,,,
gouverné,1,1,2,gouverne,no_match,,,False,,,,
graves,1,1,2,graves,no_match,,,False,,,,
grosse,1,1,2,grosse,no_match,,,False,,,,
habitation,1,1,2,habitation,no_match,,,False,,,,
habitations,1,1,2,habitations,no_match,,,False,,,,
harceleur,1,1,2,harceleur,no_match,,,False,,,,
harceleurs,1,1,2,harceleurs,no_match,,,False,,,,
hilare,1,1,2,hilare,exact,hilare,joie,True,,,,
hilares,1,1,2,hilares,repaired_high,,,False,hilare,joie,high,inflected_or_extended_marker
homosexuelles,1,1,2,homosexuelles,no_match,,,False,,,,
homosexuels,1,1,2,homosexuels,no_match,,,False,,,,
humains,1,1,2,humains,no_match,,,False,,,,
humiliant,2,0,2,humiliant,exact,humiliant,embarras,True,,,,
humilier,2,0,2,humilier,exact,humilier,embarras,True,,,,
humiliées,1,1,2,humiliees,repaired_high,,,False,humilié,embarras,high,inflected_or_extended_marker
humiliés,1,1,2,humilies,repaired_high,,,False,humilié,embarras,high,inflected_or_extended_marker
hurle,1,1,2,hurle,repaired_high,,,False,hurler,comportement,high,truncated_prefix_marker
hurler,1,1,2,hurler,exact,hurler,comportement,True,,,,
hôtel-restaurant,1,1,2,hotel-restaurant,no_match,,,False,,,,
ile-de-france,1,1,2,ile-de-france,no_match,,,False,,,,
immenses,1,1,2,immenses,no_match,,,False,,,,
impatient,2,0,2,impatient,no_match,,,False,,,,
important,1,1,2,important,repaired_high,,,False,importun,colere,high,shared_long_stem_edit_distance
importante,1,1,2,importante,no_match,,,False,,,,
inattendue,1,1,2,inattendue,no_match,,,False,,,,
industrie,1,1,2,industrie,no_match,,,False,,,,
industries,1,1,2,industries,no_match,,,False,,,,
indépendant,1,1,2,independant,no_match,,,False,,,,
indépendants,1,1,2,independants,no_match,,,False,,,,
influence,1,1,2,influence,no_match,,,False,,,,
injecter,1,1,2,injecter,no_match,,,False,,,,
injectés,1,1,2,injectes,no_match,,,False,,,,
inquiétanter,2,0,2,inquietanter,repaired_high,,,False,inquiétant,peur,high,inflected_or_extended_marker
installation,1,1,2,installation,no_match,,,False,,,,
installations,1,1,2,installations,no_match,,,False,,,,
insultées,1,1,2,insultees,no_match,,,False,,,,
insultés,1,1,2,insultes,no_match,,,False,,,,
intentionné,1,1,2,intentionne,no_match,,,False,,,,
intentionnées,1,1,2,intentionnees,no_match,,,False,,,,
intimidation,1,1,2,intimidation,no_match,,,False,,,,
intimidations,1,1,2,intimidations,no_match,,,False,,,,
intriguer,2,0,2,intriguer,no_match,,,False,,,,
intrigués,1,1,2,intrigues,no_match,,,False,,,,
iront,1,1,2,iront,no_match,,,False,,,,
isoler,1,1,2,isoler,exact,isoler,tristesse,True,,,,
isolées,1,1,2,isolees,repaired_high,,,False,isolé,tristesse,high,inflected_or_extended_marker
jalousie,1,1,2,jalousie,exact,jalousie,jalousie,True,,,,
jalousies,1,1,2,jalousies,repaired_high,,,False,jalousie,jalousie,high,inflected_or_extended_marker
jean-marie,1,1,2,jean-marie,no_match,,,False,,,,
jeune,1,1,2,jeune,no_match,,,False,,,,
jeunes,1,1,2,jeunes,no_match,,,False,,,,
joli,0,2,2,joli,no_match,,,False,,,,
jong,2,0,2,jong,no_match,,,False,,,,
journaliste,1,1,2,journaliste,no_match,,,False,,,,
journalistes,1,1,2,journalistes,no_match,,,False,,,,
joviales,1,1,2,joviales,repaired_high,,,False,jovial,joie,high,inflected_or_extended_marker
joyeuse,1,1,2,joyeuse,repaired_high,,,False,joyeuseté,joie,high,truncated_prefix_marker
l'histoire,1,1,2,l'histoire,no_match,,,False,,,,
l'influence,1,1,2,l'influence,no_match,,,False,,,,
libertés,1,1,2,libertes,no_match,,,False,,,,
licenciées,1,1,2,licenciees,no_match,,,False,,,,
lois,1,1,2,lois,no_match,,,False,,,,
loups,1,1,2,loups,no_match,,,False,,,,
lui-même,1,1,2,lui-meme,no_match,,,False,,,,
là-bas,1,1,2,la-bas,no_match,,,False,,,,
léger,1,1,2,leger,no_match,,,False,,,,
légère,1,1,2,legere,no_match,,,False,,,,
m'aurait,1,1,2,m'aurait,no_match,,,False,,,,
magiques,1,1,2,magiques,no_match,,,False,,,,
magnifiques,1,1,2,magnifiques,no_match,,,False,,,,
maison,1,1,2,maison,no_match,,,False,,,,
maisons,1,1,2,maisons,no_match,,,False,,,,
malheureuses,1,1,2,malheureuses,no_match,,,False,malheur,tristesse,medium,inflected_or_extended_marker
maltraité,1,1,2,maltraite,no_match,,,False,,,,
maltraités,1,1,2,maltraites,no_match,,,False,,,,
massif,1,1,2,massif,no_match,,,False,,,,
massive,1,1,2,massive,no_match,,,False,,,,
mauvaises,1,1,2,mauvaises,repaired_high,,,False,mauvaiseté,inhumanite,high,shared_long_stem_edit_distance
meilleur,1,1,2,meilleur,no_match,,,False,,,,
meilleure,1,1,2,meilleure,no_match,,,False,,,,
membre,1,1,2,membre,no_match,,,False,,,,
membres,1,1,2,membres,no_match,,,False,,,,
menacées,1,1,2,menacees,repaired_high,,,False,menace,peur,high,inflected_or_extended_marker
menaçants,1,1,2,menacants,repaired_high,,,False,menaçant,peur,high,inflected_or_extended_marker
mette,1,1,2,mette,no_match,,,False,,,,
million,1,1,2,million,no_match,,,False,,,,
millions,1,1,2,millions,no_match,,,False,,,,
ministres,1,1,2,ministres,no_match,,,False,,,,
moquerie,1,1,2,moquerie,no_match,,,False,,,,
moqueries,1,1,2,moqueries,no_match,,,False,,,,
musulman,1,1,2,musulman,no_match,,,False,,,,
musulmans,1,1,2,musulmans,no_match,,,False,,,,
mécontentes,1,1,2,mecontentes,repaired_high,,,False,mécontenter,colere,high,shared_long_stem_edit_distance
méfiantes,1,1,2,mefiantes,repaired_high,,,False,méfiant,peur,high,inflected_or_extended_marker
méfiants,1,1,2,mefiants,repaired_high,,,False,méfiant,peur,high,inflected_or_extended_marker
mêmes,1,1,2,memes,no_match,,,False,,,,
n'avais,1,1,2,n'avais,no_match,,,False,,,,
neige,1,1,2,neige,no_match,,,False,,,,
neiges,1,1,2,neiges,no_match,,,False,,,,
nerveuse,1,1,2,nerveuse,no_match,,,False,nerveux,comportement,medium,shared_long_stem_edit_distance
nerveux,1,1,2,nerveux,exact,nerveux,comportement,True,,,,
noires,1,1,2,noires,no_match,,,False,,,,
noirs,1,1,2,noirs,no_match,,,False,,,,
nord-coréens,1,1,2,nord-coreens,no_match,,,False,,,,
nouvelle,1,1,2,nouvelle,no_match,,,False,,,,
nouvelles,1,1,2,nouvelles,no_match,,,False,,,,
nucléaires,1,1,2,nucleaires,no_match,,,False,,,,
océan,1,1,2,ocean,no_match,,,False,,,,
océans,1,1,2,oceans,no_match,,,False,,,,
oeil,2,0,2,oeil,no_match,,,False,,,,
oiseau,1,1,2,oiseau,no_match,,,False,,,,
oiseaux,1,1,2,oiseaux,no_match,,,False,,,,
onde,1,1,2,onde,no_match,,,False,,,,
ondes,1,1,2,ondes,no_match,,,False,,,,
opposer,1,1,2,opposer,no_match,,,False,,,,
opposé,1,1,2,oppose,no_match,,,False,,,,
opération,1,1,2,operation,no_match,,,False,,,,
opérations,1,1,2,operations,no_match,,,False,,,,
original,1,1,2,original,no_match,,,False,,,,
originale,1,1,2,originale,no_match,,,False,,,,
ouragan,1,1,2,ouragan,no_match,,,False,,,,
ouragans,1,1,2,ouragans,no_match,,,False,,,,
parlait,1,1,2,parlait,no_match,,,False,,,,
particulières,1,1,2,particulieres,no_match,,,False,,,,
parties,1,1,2,parties,no_match,,,False,,,,
passe,1,1,2,passe,no_match,,,False,,,,
patron,1,1,2,patron,no_match,,,False,,,,
patrons,1,1,2,patrons,no_match,,,False,,,,
paysage,1,1,2,paysage,no_match,,,False,,,,
paysages,1,1,2,paysages,no_match,,,False,,,,
peines,1,1,2,peines,repaired_high,,,False,peine,tristesse,high,inflected_or_extended_marker
peinture,1,1,2,peinture,no_match,,,False,,,,
peintures,1,1,2,peintures,no_match,,,False,,,,
perdues,1,1,2,perdues,no_match,,,False,,,,
persécuter,2,0,2,persecuter,no_match,,,False,,,,
persécuté,0,2,2,persecute,no_match,,,False,,,,
petite,1,1,2,petite,no_match,,,False,,,,
peuples,1,1,2,peuples,no_match,,,False,,,,
photographie,1,1,2,photographie,no_match,,,False,,,,
photographies,1,1,2,photographies,no_match,,,False,,,,
piste,1,1,2,piste,no_match,,,False,,,,
pistes,1,1,2,pistes,no_match,,,False,,,,
pleuvoir,1,1,2,pleuvoir,no_match,,,False,,,,
plu,1,1,2,plu,no_match,,,False,,,,
pointu,1,1,2,pointu,no_match,,,False,,,,
pointus,1,1,2,pointus,no_match,,,False,,,,
poisson,1,1,2,poisson,no_match,,,False,,,,
poissons,1,1,2,poissons,no_match,,,False,,,,
positif,1,1,2,positif,no_match,,,False,,,,
positive,1,1,2,positive,no_match,,,False,,,,
possible,1,1,2,possible,no_match,,,False,,,,
possibles,1,1,2,possibles,no_match,,,False,,,,
possèdent,1,1,2,possedent,no_match,,,False,,,,
posséder,1,1,2,posseder,no_match,,,False,,,,
pourraient,1,1,2,pourraient,no_match,,,False,,,,
prestigieuses,1,1,2,prestigieuses,no_match,,,False,,,,
problèmes,1,1,2,problemes,no_match,,,False,,,,
promettre,1,1,2,promettre,no_match,,,False,,,,
promis,1,1,2,promis,no_match,,,False,,,,
proposent,1,1,2,proposent,no_match,,,False,,,,
proposer,1,1,2,proposer,no_match,,,False,,,,
protégé,1,1,2,protege,no_match,,,False,,,,
protégés,1,1,2,proteges,no_match,,,False,,,,
province,1,1,2,province,no_match,,,False,,,,
provinces,1,1,2,provinces,no_match,,,False,,,,
provoquant,1,1,2,provoquant,exact,provoquant,non_specifiee,True,,,,
provoque,1,1,2,provoque,repaired_high,,,False,provoquer,non_specifiee,high,truncated_prefix_marker
préoccupants,1,1,2,preoccupants,repaired_high,,,False,préoccupant,peur,high,inflected_or_extended_marker
présenter,1,1,2,presenter,no_match,,,False,,,,
présentés,1,1,2,presentes,no_match,,,False,,,,
psychologique,1,1,2,psychologique,no_match,,,False,,,,
psychologiques,1,1,2,psychologiques,no_match,,,False,,,,
puisse,1,1,2,puisse,no_match,,,False,,,,
puni,1,1,2,puni,no_match,,,False,,,,
punir,1,1,2,punir,no_match,,,False,,,,
qu'il,1,1,2,qu'il,no_match,,,False,,,,
quelqu,1,1,2,quelqu,no_match,,,False,,,,
quotidien,1,1,2,quotidien,no_match,,,False,,,,
quotidiennes,1,1,2,quotidiennes,no_match,,,False,,,,
raz-de-marée,1,1,2,raz-de-maree,no_match,,,False,,,,
redoutant,1,1,2,redoutant,no_match,,,False,,,,
redouté,1,1,2,redoute,repaired_high,,,False,redouter,peur,high,truncated_prefix_marker
refuser,1,1,2,refuser,no_match,,,False,,,,
refusé,1,1,2,refuse,no_match,,,False,,,,
rejeter,1,1,2,rejeter,no_match,,,False,,,,
rejetés,1,1,2,rejetes,no_match,,,False,,,,
remette,1,1,2,remette,no_match,,,False,,,,
remettre,1,1,2,remettre,no_match,,,False,,,,
remord,0,2,2,remord,repaired_high,,,False,remords,culpabilite,high,truncated_prefix_marker
rende,1,1,2,rende,no_match,,,False,,,,
renvoyés,1,1,2,renvoyes,no_match,,,False,,,,
représaille,1,1,2,represaille,no_match,,,False,,,,
représailles,1,1,2,represailles,no_match,,,False,,,,
représentent,1,1,2,representent,no_match,,,False,,,,
représenter,1,1,2,representer,no_match,,,False,,,,
respectent,1,1,2,respectent,repaired_high,,,False,respecter,admiration,high,shared_long_stem_edit_distance
respecter,1,1,2,respecter,exact,respecter,admiration,True,,,,
responsable,1,1,2,responsable,no_match,,,False,,,,
responsables,1,1,2,responsables,no_match,,,False,,,,
retraité,1,1,2,retraite,no_match,,,False,,,,
retraités,1,1,2,retraites,no_match,,,False,,,,
revenant,1,1,2,revenant,no_match,,,False,,,,
revendiquent,1,1,2,revendiquent,no_match,,,False,,,,
revendiquer,1,1,2,revendiquer,no_match,,,False,,,,
revienne,1,1,2,revienne,no_match,,,False,,,,
revivre,0,2,2,revivre,no_match,,,False,,,,
reçoivent,1,1,2,recoivent,no_match,,,False,,,,
ridicules,1,1,2,ridicules,no_match,,,False,,,,
rigolos,1,1,2,rigolos,repaired_high,,,False,rigolo,joie,high,inflected_or_extended_marker
rigolotes,1,1,2,rigolotes,no_match,,,False,rigolo,joie,medium,inflected_or_extended_marker
rir,2,0,2,rir,no_match,,,False,,,,
risquerait,1,1,2,risquerait,no_match,,,False,,,,
rouge,1,1,2,rouge,no_match,,,False,,,,
rouges,1,1,2,rouges,no_match,,,False,,,,
royaume-uni,1,1,2,royaume-uni,no_match,,,False,,,,
ré-autoriser,1,1,2,re-autoriser,no_match,,,False,,,,
réalisé,1,1,2,realise,no_match,,,False,,,,
réalisées,1,1,2,realisees,no_match,,,False,,,,
réduire,1,1,2,reduire,no_match,,,False,,,,
réduites,1,1,2,reduites,no_match,,,False,,,,
réjouissent,1,1,2,rejouissent,no_match,,,False,réjouissant,joie,medium,same_prefix_fuzzy
réponde,1,1,2,reponde,no_match,,,False,,,,
répondre,1,1,2,repondre,no_match,,,False,,,,
réserver,1,1,2,reserver,no_match,,,False,,,,
réservoir,1,1,2,reservoir,no_match,,,False,,,,
réservoirs,1,1,2,reservoirs,no_match,,,False,,,,
réservée,1,1,2,reservee,no_match,,,False,,,,
résultat,1,1,2,resultat,no_match,,,False,,,,
résultats,1,1,2,resultats,no_match,,,False,,,,
s'inquiète,1,1,2,s'inquiete,no_match,,,False,,,,
sacrer,1,1,2,sacrer,no_match,,,False,,,,
sacrée,1,1,2,sacree,no_match,,,False,,,,
salarié,1,1,2,salarie,no_match,,,False,,,,
salariés,1,1,2,salaries,no_match,,,False,,,,
satisfaites,1,1,2,satisfaites,repaired_high,,,False,satisfait,joie,high,inflected_or_extended_marker
satisfaits,1,1,2,satisfaits,repaired_high,,,False,satisfait,joie,high,inflected_or_extended_marker
scandaliser,2,0,2,scandaliser,exact,scandaliser,colere,True,,,,
sculpture,1,1,2,sculpture,no_match,,,False,,,,
sculptures,1,1,2,sculptures,no_match,,,False,,,,
secret,1,1,2,secret,no_match,,,False,,,,
secrètes,1,1,2,secretes,no_match,,,False,,,,
sensible,1,1,2,sensible,exact,sensible,non_specifiee,True,,,,
sensibles,1,1,2,sensibles,repaired_high,,,False,sensible,non_specifiee,high,inflected_or_extended_marker
serait,1,1,2,serait,no_match,,,False,,,,
serveuse,1,1,2,serveuse,no_match,,,False,,,,
serveuses,1,1,2,serveuses,no_match,,,False,,,,
sidéré,1,1,2,sidere,repaired_high,,,False,sidérer,surprise,high,truncated_prefix_marker
sidérés,1,1,2,sideres,repaired_high,,,False,sidérer,surprise,high,shared_long_stem_edit_distance
site,1,1,2,site,no_match,,,False,,,,
sites,1,1,2,sites,no_match,,,False,,,,
soucis,1,1,2,soucis,repaired_high,,,False,souci,peur,high,inflected_or_extended_marker
souffrant,1,1,2,souffrant,no_match,,,False,,,,
souffre,1,1,2,souffre,no_match,,,False,,,,
source,1,1,2,source,no_match,,,False,,,,
sources,1,1,2,sources,no_match,,,False,,,,
soutenir,1,1,2,soutenir,no_match,,,False,,,,
soutiennent,1,1,2,soutiennent,no_match,,,False,,,,
stupéfaire,2,0,2,stupefaire,no_match,,,False,,,,
subi,1,1,2,subi,no_match,,,False,,,,
surprenants,1,1,2,surprenants,repaired_high,,,False,surprenant,surprise,high,inflected_or_extended_marker
surprend,1,1,2,surprend,repaired_high,,,False,surprendre,surprise,high,truncated_prefix_marker
sympas,1,1,2,sympas,repaired_high,,,False,sympa,amour,high,inflected_or_extended_marker
terrasser,2,0,2,terrasser,no_match,,,False,,,,
terrassé,0,2,2,terrasse,no_match,,,False,,,,
terre,1,1,2,terre,repaired_high,,,False,terreur,peur,high,truncated_prefix_marker
terres,1,1,2,terres,no_match,,,False,terreur,peur,medium,shared_long_stem_edit_distance
terrifiant,1,1,2,terrifiant,exact,terrifiant,peur,True,,,,
terrifiants,1,1,2,terrifiants,repaired_high,,,False,terrifiant,peur,high,inflected_or_extended_marker
timides,1,1,2,timides,repaired_high,,,False,timide,peur,high,inflected_or_extended_marker
toilette,1,1,2,toilette,no_match,,,False,,,,
toilettes,1,1,2,toilettes,no_match,,,False,,,,
touchent,1,1,2,touchent,no_match,,,False,,,,
touchées,1,1,2,touchees,no_match,,,False,,,,
tradition,1,1,2,tradition,no_match,,,False,,,,
traditions,1,1,2,traditions,no_match,,,False,,,,
transport,1,1,2,transport,no_match,,,False,,,,
transports,1,1,2,transports,no_match,,,False,,,,
travailleur,1,1,2,travailleur,no_match,,,False,,,,
travailleurs,1,1,2,travailleurs,no_match,,,False,,,,
troupeau,1,1,2,troupeau,no_match,,,False,,,,
troupeaux,1,1,2,troupeaux,no_match,,,False,,,,
utilisées,1,1,2,utilisees,no_match,,,False,,,,
vex,2,0,2,vex,no_match,,,False,,,,
viennent,1,1,2,viennent,no_match,,,False,,,,
végan,1,1,2,vegan,no_match,,,False,,,,
végans,1,1,2,vegans,no_match,,,False,,,,
zone,1,1,2,zone,no_match,,,False,,,,
zones,1,1,2,zones,no_match,,,False,,,,
éblouis,1,1,2,eblouis,no_match,,,False,,,,
éclater,1,1,2,eclater,no_match,,,False,,,,
éclaté,1,1,2,eclate,no_match,,,False,,,,
écraser,1,1,2,ecraser,no_match,,,False,,,,
écrasés,1,1,2,ecrases,no_match,,,False,,,,
écroule,1,1,2,ecroule,no_match,,,False,,,,
électromagnétique,1,1,2,electromagnetique,no_match,,,False,,,,
électromagnétiques,1,1,2,electromagnetiques,no_match,,,False,,,,
élevé,1,1,2,eleve,no_match,,,False,,,,
élevée,1,1,2,elevee,no_match,,,False,,,,
élue,1,1,2,elue,no_match,,,False,,,,
élève,1,1,2,eleve,no_match,,,False,,,,
élèves,1,1,2,eleves,no_match,,,False,,,,
émises,1,1,2,emises,no_match,,,False,,,,
épidémique,1,1,2,epidemique,no_match,,,False,,,,
épidémiques,1,1,2,epidemiques,no_match,,,False,,,,
épouvante,1,1,2,epouvante,exact,épouvante,peur,True,,,,
éternel,1,1,2,eternel,no_match,,,False,,,,
éternelle,1,1,2,eternelle,no_match,,,False,,,,
étranges,1,1,2,etranges,no_match,,,False,,,,
évoluent,1,1,2,evoluent,no_match,,,False,,,,
évoluer,1,1,2,evoluer,no_match,,,False,,,,
œil,0,2,2,œil,no_match,,,False,,,,
œuvre,1,1,2,œuvre,no_match,,,False,,,,
œuvres,1,1,2,œuvres,no_match,,,False,,,,
…,1,1,2,…,no_match,,,False,,,,
acteur,1,0,1,acteur,no_match,,,False,,,,
affliger,1,0,1,affliger,exact,affliger,tristesse,True,,,,
affligé,0,1,1,afflige,repaired_high,,,False,affliger,tristesse,high,truncated_prefix_marker
alarmer,1,0,1,alarmer,exact,alarmer,peur,True,,,,
angoissant,0,1,1,angoissant,exact,angoissant,peur,True,,,,
angoissante,1,0,1,angoissante,repaired_high,,,False,angoissant,peur,high,inflected_or_extended_marker
animer,1,0,1,animer,no_match,,,False,,,,
augment,1,0,1,augment,no_match,,,False,,,,
augmenter,0,1,1,augmenter,no_match,,,False,,,,
bas,1,0,1,bas,no_match,,,False,,,,
blessé,0,1,1,blesse,no_match,,,False,,,,
bolo,0,1,1,bolo,no_match,,,False,,,,
boucher,1,0,1,boucher,no_match,,,False,,,,
boudeur,1,0,1,boudeur,exact,boudeur,colere,True,,,,
calédonien,1,0,1,caledonien,no_match,,,False,,,,
central,0,1,1,central,no_match,,,False,,,,
charcutier,1,0,1,charcutier,no_match,,,False,,,,
combler,1,0,1,combler,no_match,,,False,,,,
communiqu,1,0,1,communiqu,no_match,,,False,,,,
communiquer,0,1,1,communiquer,no_match,,,False,,,,
contrarier,0,1,1,contrarier,exact,contrarier,deplaisir,True,,,,
crain,1,0,1,crain,repaired_high,,,False,crainte,peur,high,truncated_prefix_marker
craintif,1,0,1,craintif,exact,craintif,peur,True,,,,
craintife,0,1,1,craintife,repaired_high,,,False,craintif,peur,high,inflected_or_extended_marker
culpabiliser,1,0,1,culpabiliser,exact,culpabiliser,culpabilite,True,,,,
curieux,1,0,1,curieux,exact,curieux,desir,True,,,,
célébrer,0,1,1,celebrer,no_match,,,False,,,,
débouch,1,0,1,debouch,no_match,,,False,,,,
déboucher,0,1,1,deboucher,no_match,,,False,,,,
décontenancer,1,0,1,decontenancer,exact,décontenancer,surprise,True,,,,
décourager,1,0,1,decourager,exact,décourager,tristesse,True,,,,
découragé,0,1,1,decourage,repaired_high,,,False,décourager,tristesse,high,truncated_prefix_marker
dégeuler,1,0,1,degeuler,no_match,,,False,,,,
dégouteee,1,0,1,degouteee,repaired_high,,,False,dégoûté,degout,high,inflected_or_extended_marker
dégouter,1,0,1,degouter,exact,dégoûter,degout,True,,,,
dégouté,0,1,1,degoute,exact,dégoûté,degout,True,,,,
délic,1,0,1,delic,repaired_high,,,False,délice,joie,high,truncated_prefix_marker
déranger,1,0,1,deranger,no_match,,,False,,,,
désapprouver,0,1,1,desapprouver,no_match,,,False,,,,
désavantager,1,0,1,desavantager,no_match,,,False,,,,
désavantagé,0,1,1,desavantage,no_match,,,False,,,,
désespérémer,1,0,1,desesperemer,repaired_high,,,False,désespérer,tristesse,high,shared_long_stem_edit_distance
désoler,1,0,1,desoler,no_match,,,False,,,,
effrai,1,0,1,effrai,no_match,,,False,effroi,peur,medium,same_prefix_fuzzy
emballer,1,0,1,emballer,no_match,,,False,,,,
emballé,0,1,1,emballe,no_match,,,False,,,,
entour,1,0,1,entour,no_match,,,False,,,,
entourer,0,1,1,entourer,no_match,,,False,,,,
exaspérer,1,0,1,exasperer,exact,exaspérer,colere,True,,,,
exaspéré,0,1,1,exaspere,repaired_high,,,False,exaspérer,colere,high,truncated_prefix_marker
excus,1,0,1,excus,no_match,,,False,,,,
fass,1,0,1,fass,no_match,,,False,,,,
fini,0,1,1,fini,no_match,,,False,,,,
fissurer,1,0,1,fissurer,no_match,,,False,,,,
française,0,1,1,francaise,no_match,,,False,,,,
frapper,0,1,1,frapper,no_match,,,False,,,,
froisser,1,0,1,froisser,no_match,,,False,,,,
furieur,0,1,1,furieur,repaired_high,,,False,furieux,colere,high,shared_long_stem_edit_distance
fâchai,1,0,1,fachai,no_match,,,False,,,,
gronder,1,0,1,gronder,no_match,,,False,,,,
homosexuelle,0,1,1,homosexuelle,no_match,,,False,,,,
humaniser,1,0,1,humaniser,no_match,,,False,,,,
humilié,0,1,1,humilie,exact,humilié,embarras,True,,,,
humiliée,0,1,1,humiliee,repaired_high,,,False,humilié,embarras,high,inflected_or_extended_marker
hôtel,1,0,1,hotel,no_match,,,False,,,,
idol,1,0,1,idol,no_match,,,False,,,,
introduire,1,0,1,introduire,no_match,,,False,,,,
jovial,1,0,1,jovial,exact,jovial,joie,True,,,,
joviale,0,1,1,joviale,repaired_high,,,False,jovial,joie,high,inflected_or_extended_marker
lasser,1,0,1,lasser,exact,lasser,comportement,True,,,,
libremer,1,0,1,libremer,no_match,,,False,,,,
licencier,1,0,1,licencier,no_match,,,False,,,,
licenciée,0,1,1,licenciee,no_match,,,False,,,,
marrer,1,0,1,marrer,exact,marrer,joie,True,,,,
mener,0,1,1,mener,no_match,,,False,,,,
montr,1,0,1,montr,no_match,,,False,,,,
moquer,1,0,1,moquer,no_match,,,False,,,,
mécontentemer,1,0,1,mecontentemer,repaired_high,,,False,mécontenter,colere,high,shared_long_stem_edit_distance
mécontenter,1,0,1,mecontenter,exact,mécontenter,colere,True,,,,
méfiante,0,1,1,mefiante,repaired_high,,,False,méfiant,peur,high,inflected_or_extended_marker
nauséabond,1,0,1,nauseabond,no_match,,,False,,,,
party,1,0,1,party,no_match,,,False,,,,
parvenir,1,0,1,parvenir,no_match,,,False,,,,
perd,1,0,1,perd,no_match,,,False,,,,
préoccuper,1,0,1,preoccuper,exact,préoccuper,peur,True,,,,
ragoûter,1,0,1,ragouter,no_match,,,False,,,,
redoutable,0,1,1,redoutable,exact,redoutable,peur,True,,,,
redémarrer,1,0,1,redemarrer,no_match,,,False,,,,
rend,1,0,1,rend,no_match,,,False,,,,
rendre,0,1,1,rendre,no_match,,,False,,,,
renvoyé,0,1,1,renvoye,no_match,,,False,,,,
restaurant,1,0,1,restaurant,no_match,,,False,,,,
retenir,1,0,1,retenir,no_match,,,False,,,,
rigolot,0,1,1,rigolot,repaired_high,,,False,rigolo,joie,high,inflected_or_extended_marker
romp,1,0,1,romp,no_match,,,False,,,,
royaume,1,0,1,royaume,no_match,,,False,,,,
rè,1,0,1,re,no_match,,,False,,,,
réagir,0,1,1,reagir,no_match,,,False,,,,
révolter,1,0,1,revolter,exact,révolter,colere,True,,,,
sentirai,1,0,1,sentirai,no_match,,,False,,,,
sou,1,0,1,sou,no_match,,,False,,,,
suffire,0,1,1,suffire,no_match,,,False,,,,
sévir,1,0,1,sevir,no_match,,,False,,,,
taire,1,0,1,taire,no_match,,,False,,,,
tracass,1,0,1,tracass,no_match,,,False,,,,
traumatiser,1,0,1,traumatiser,no_match,,,False,,,,
troubler,1,0,1,troubler,exact,troubler,surprise,True,,,,
tumult,1,0,1,tumult,no_match,,,False,,,,
uni,1,0,1,uni,no_match,,,False,,,,
vrombissemer,1,0,1,vrombissemer,no_match,,,False,,,,
ébloui,0,1,1,ebloui,no_match,,,False,,,,
éblouir,1,0,1,eblouir,no_match,,,False,,,,
écroul,1,0,1,ecroul,no_match,,,False,,,,
écrouler,0,1,1,ecrouler,no_match,,,False,,,,
écœurer,1,0,1,ecœurer,no_match,,,False,,,,
électriser,1,0,1,electriser,no_match,,,False,,,,
émerveillé,1,0,1,emerveille,exact,émerveillé,admiration,True,,,,
émettre,1,0,1,emettre,no_match,,,False,,,,
émise,0,1,1,emise,no_match,,,False,,,,
épouvant,1,0,1,epouvant,repaired_high,,,False,épouvante,peur,high,truncated_prefix_marker
épouvanter,0,1,1,epouvanter,exact,épouvanter,peur,True,,,,
