marker_value,spacy_count,stanza_count,total_count,candidate_rank,lexicon_term_candidate,lexicon_category,match_type,score,levenshtein_distance_norm_noaccent,sequence_ratio_norm_noaccent
assez,38,38,76,1,lasser,comportement,fuzzy_levenshtein_or_sequence,0.7273,2,0.7273
inquiète,31,31,62,1,inquiéter,peur,marker_prefix_of_lexicon_term,0.8889,1,0.9412
inquiète,31,31,62,2,inquiétude,peur,fuzzy_levenshtein_or_sequence,0.8889,2,0.8889
inquiète,31,31,62,3,inquiet,peur,lexicon_prefix_of_marker,0.875,1,0.9333
inquiète,31,31,62,4,quiet,apaisement,lexicon_substring_of_marker,0.625,3,0.7692
contre,24,24,48,1,monstre,peur,fuzzy_levenshtein_or_sequence,0.7692,2,0.7692
contre,24,24,48,2,contrit,culpabilite,fuzzy_levenshtein_or_sequence,0.7692,2,0.7692
contre,24,24,48,3,outré,colere,fuzzy_levenshtein_or_sequence,0.7273,2,0.7273
contre,24,24,48,4,honte,embarras,fuzzy_levenshtein_or_sequence,0.7273,2,0.7273
contre,24,24,48,5,bonté,empathie,fuzzy_levenshtein_or_sequence,0.7273,2,0.7273
risque,20,20,40,1,bisque,colere,fuzzy_levenshtein_or_sequence,0.8333,1,0.8333
risque,20,20,40,2,bisquer,colere,fuzzy_levenshtein_or_sequence,0.7692,2,0.7692
risque,20,20,40,3,risée,mepris,fuzzy_levenshtein_or_sequence,0.7273,2,0.7273
dangereu,36,0,36,1,dangereux,peur,marker_prefix_of_lexicon_term,0.8889,1,0.9412
dangereu,36,0,36,2,danger,peur,lexicon_prefix_of_marker,0.75,2,0.8571
dangereu,36,0,36,3,dangereusement,peur,marker_prefix_of_lexicon_term,0.5714,6,0.7273
contents,16,16,32,1,content,joie,lexicon_prefix_of_marker,0.875,1,0.9333
contents,16,16,32,2,contenter,joie,fuzzy_levenshtein_or_sequence,0.8235,2,0.8235
voir,16,16,32,1,jouir,joie,fuzzy_levenshtein_or_sequence,0.6667,2,0.6667
énorme,16,16,32,1,énervé,colere,fuzzy_levenshtein_or_sequence,0.6667,2,0.6667
dangereuse,18,13,31,1,dangereux,peur,fuzzy_levenshtein_or_sequence,0.8421,2,0.8421
dangereuse,18,13,31,2,dangereusement,peur,marker_prefix_of_lexicon_term,0.7143,4,0.8333
dangereuse,18,13,31,3,danger,peur,lexicon_prefix_of_marker,0.6,4,0.75
inquiets,14,14,28,1,inquiet,peur,lexicon_prefix_of_marker,0.875,1,0.9333
inquiets,14,14,28,2,inquiéter,peur,fuzzy_levenshtein_or_sequence,0.8235,2,0.8235
inquiets,14,14,28,3,quiet,apaisement,lexicon_substring_of_marker,0.625,3,0.7692
inquiètent,14,14,28,1,inquiétant,peur,fuzzy_levenshtein_or_sequence,0.9,1,0.9
inquiètent,14,14,28,2,inquiéter,peur,fuzzy_levenshtein_or_sequence,0.8421,2,0.8421
inquiètent,14,14,28,3,inquiet,peur,lexicon_prefix_of_marker,0.7,3,0.8235
inquiètent,14,14,28,4,quiet,apaisement,lexicon_substring_of_marker,0.5,5,0.6667
subir,13,15,28,1,suer,comportement,fuzzy_levenshtein_or_sequence,0.6667,2,0.6667
subir,13,15,28,2,sueur,comportement,fuzzy_levenshtein_or_sequence,0.6,2,0.6
dépression,13,13,26,1,expression,non_specifiee,fuzzy_levenshtein_or_sequence,0.9,2,0.9
dépression,13,13,26,2,oppression,deplaisir,fuzzy_levenshtein_or_sequence,0.8,2,0.8
aise,12,12,24,1,apaisé,apaisement,fuzzy_levenshtein_or_sequence,0.8,2,0.8
aise,12,12,24,2,risée,mepris,fuzzy_levenshtein_or_sequence,0.6667,2,0.6667
aise,12,12,24,3,haine,ressentiment,fuzzy_levenshtein_or_sequence,0.6667,2,0.6667
aise,12,12,24,4,gaîté,joie,fuzzy_levenshtein_or_sequence,0.6667,2,0.6667
aise,12,12,24,5,aimer,amour,fuzzy_levenshtein_or_sequence,0.6667,2,0.6667
contente,12,12,24,1,contenter,joie,marker_prefix_of_lexicon_term,0.8889,1,0.9412
contente,12,12,24,2,content,joie,lexicon_prefix_of_marker,0.875,1,0.9333
contente,12,12,24,3,mécontenter,colere,marker_substring_of_lexicon_term,0.7273,3,0.8421
contente,12,12,24,4,contentement,joie,marker_prefix_of_lexicon_term,0.6667,4,0.8
contente,12,12,24,5,mécontentement,colere,marker_substring_of_lexicon_term,0.5714,6,0.7273
santé,12,12,24,1,suant,comportement,fuzzy_levenshtein_or_sequence,0.8,2,0.8
santé,12,12,24,2,vanité,orgueil,fuzzy_levenshtein_or_sequence,0.7273,2,0.7273
santé,12,12,24,3,honte,embarras,fuzzy_levenshtein_or_sequence,0.6,2,0.6
santé,12,12,24,4,gaîté,joie,fuzzy_levenshtein_or_sequence,0.6,2,0.6
santé,12,12,24,5,faute,culpabilite,fuzzy_levenshtein_or_sequence,0.6,2,0.6
dangereuses,11,11,22,1,danger,peur,lexicon_prefix_of_marker,0.5455,5,0.7059
fière,11,11,22,1,fierté,fierte,fuzzy_levenshtein_or_sequence,0.9091,1,0.9091
fière,11,11,22,2,fier,fierte,fuzzy_levenshtein_or_sequence,0.8889,1,0.8889
fière,11,11,22,3,piètre,mepris,fuzzy_levenshtein_or_sequence,0.7273,2,0.7273
fière,11,11,22,4,misère,tristesse,fuzzy_levenshtein_or_sequence,0.7273,2,0.7273
fière,11,11,22,5,rire,joie,fuzzy_levenshtein_or_sequence,0.6667,2,0.6667
petit,11,11,22,1,appétit,desir,marker_substring_of_lexicon_term,0.7143,2,0.8333
petit,11,11,22,2,état,non_specifiee,fuzzy_levenshtein_or_sequence,0.6667,2,0.6667
petit,11,11,22,3,péril,peur,fuzzy_levenshtein_or_sequence,0.6,2,0.6
petit,11,11,22,4,pitié,empathie,fuzzy_levenshtein_or_sequence,0.6,2,0.6
petit,11,11,22,5,pitie,empathie,fuzzy_levenshtein_or_sequence,0.6,2,0.6
étrange,11,11,22,1,enragé,colere,fuzzy_levenshtein_or_sequence,0.7692,2,0.7692
plaisante,14,7,21,1,plaisant,amour,lexicon_prefix_of_marker,0.8889,1,0.9412
plaisante,14,7,21,2,malplaisante,deplaisir,marker_substring_of_lexicon_term,0.75,3,0.8571
avant,10,10,20,1,navrant,tristesse,fuzzy_levenshtein_or_sequence,0.8333,2,0.8333
avant,10,10,20,2,amant,amour,fuzzy_levenshtein_or_sequence,0.8,1,0.8
avant,10,10,20,3,suant,comportement,fuzzy_levenshtein_or_sequence,0.6,2,0.6
marre,10,10,20,1,marrer,joie,marker_prefix_of_lexicon_term,0.8333,1,0.9091
marre,10,10,20,2,marrade,joie,fuzzy_levenshtein_or_sequence,0.8333,2,0.8333
marre,10,10,20,3,morne,tristesse,fuzzy_levenshtein_or_sequence,0.6,2,0.6
super,10,10,20,1,suer,comportement,fuzzy_levenshtein_or_sequence,0.8889,1,0.8889
super,10,10,20,2,sueur,comportement,fuzzy_levenshtein_or_sequence,0.8,2,0.8
super,10,10,20,3,suée,comportement,fuzzy_levenshtein_or_sequence,0.6667,2,0.6667
super,10,10,20,4,complexe de supériorité,orgueil,marker_substring_of_lexicon_term,0.2174,18,0.3571
super,10,10,20,5,sentiment de supériorité,orgueil,marker_substring_of_lexicon_term,0.2083,19,0.3448
véritable,10,10,20,1,irritable,deplaisir,fuzzy_levenshtein_or_sequence,0.7778,2,0.7778
étonnante,10,10,20,1,étonnant,surprise,lexicon_prefix_of_marker,0.8889,1,0.9412
grave,9,9,18,1,braver,audace,fuzzy_levenshtein_or_sequence,0.7273,2,0.7273
grave,9,9,18,2,ravi,joie,fuzzy_levenshtein_or_sequence,0.6667,2,0.6667
grave,9,9,18,3,rage,colere,fuzzy_levenshtein_or_sequence,0.6667,2,0.6667
grave,9,9,18,4,drame,tristesse,fuzzy_levenshtein_or_sequence,0.6,2,0.6
grave,9,9,18,5,bravo,admiration,fuzzy_levenshtein_or_sequence,0.6,2,0.6
parler,9,9,18,1,pâleur,comportement,fuzzy_levenshtein_or_sequence,0.8333,2,0.8333
parler,9,9,18,2,pâle,comportement,fuzzy_levenshtein_or_sequence,0.8,2,0.8
parler,9,9,18,3,pâmer,comportement,fuzzy_levenshtein_or_sequence,0.7273,2,0.7273
parler,9,9,18,4,marrer,joie,fuzzy_levenshtein_or_sequence,0.6667,2,0.6667
parler,9,9,18,5,hurler,comportement,fuzzy_levenshtein_or_sequence,0.6667,2,0.6667
redoute,12,6,18,1,redouter,peur,marker_prefix_of_lexicon_term,0.875,1,0.9333
redoute,12,6,18,2,révolté,colere,fuzzy_levenshtein_or_sequence,0.7143,2,0.7143
redoute,12,6,18,3,révolte,colere,fuzzy_levenshtein_or_sequence,0.7143,2,0.7143
redoute,12,6,18,4,dégoûté,degout,fuzzy_levenshtein_or_sequence,0.7143,2,0.7143
craint,9,8,17,1,crainte,peur,marker_prefix_of_lexicon_term,0.8571,1,0.9231
craint,9,8,17,2,craintif,peur,marker_prefix_of_lexicon_term,0.75,2,0.8571
corée,8,8,16,1,colère,colere,fuzzy_levenshtein_or_sequence,0.7273,2,0.7273
corée,8,8,16,2,morne,tristesse,fuzzy_levenshtein_or_sequence,0.6,2,0.6
déçue,10,6,16,1,déçu,deplaisir,fuzzy_levenshtein_or_sequence,0.8889,1,0.8889
minable,8,8,16,1,aimable,amour,fuzzy_levenshtein_or_sequence,0.7143,2,0.7143
minable,8,8,16,2,abominable,peur,marker_substring_of_lexicon_term,0.7,3,0.8235
mort,8,8,16,1,morne,tristesse,fuzzy_levenshtein_or_sequence,0.6667,2,0.6667
mécontents,8,8,16,1,mécontent,colere,lexicon_prefix_of_marker,0.9,1,0.9474
mécontents,8,8,16,2,mécontenter,colere,fuzzy_levenshtein_or_sequence,0.8571,2,0.8571
mécontents,8,8,16,3,content,joie,lexicon_substring_of_marker,0.7,3,0.8235
père,8,8,16,1,pépère,apaisement,fuzzy_levenshtein_or_sequence,0.8,2,0.8
père,8,8,16,2,piètre,mepris,fuzzy_levenshtein_or_sequence,0.8,2,0.8
père,8,8,16,3,apeuré,peur,fuzzy_levenshtein_or_sequence,0.8,2,0.8
père,8,8,16,4,péril,peur,fuzzy_levenshtein_or_sequence,0.6667,2,0.6667
père,8,8,16,5,peine,tristesse,fuzzy_levenshtein_or_sequence,0.6667,2,0.6667
regrette,8,8,16,1,regretter,culpabilite,marker_prefix_of_lexicon_term,0.8889,1,0.9412
regrette,8,8,16,2,regret,culpabilite,lexicon_prefix_of_marker,0.75,2,0.8571
terroriste,8,8,16,1,terroriser,peur,fuzzy_levenshtein_or_sequence,0.9,2,0.9
tristes,8,8,16,1,triste,tristesse,lexicon_prefix_of_marker,0.8571,1,0.9231
tristes,8,8,16,2,tristesse,tristesse,marker_prefix_of_lexicon_term,0.7778,2,0.875
amuse,5,10,15,1,amuser,joie,marker_prefix_of_lexicon_term,0.8333,1,0.9091
amuse,5,10,15,2,amusement,joie,marker_prefix_of_lexicon_term,0.5556,4,0.7143
traité,5,10,15,1,triste,tristesse,fuzzy_levenshtein_or_sequence,0.8333,2,0.8333
traité,5,10,15,2,crainte,peur,fuzzy_levenshtein_or_sequence,0.7692,2,0.7692
traité,5,10,15,3,gaîté,joie,fuzzy_levenshtein_or_sequence,0.7273,2,0.7273
traité,5,10,15,4,irrité,deplaisir,fuzzy_levenshtein_or_sequence,0.6667,2,0.6667
magique,7,7,14,1,panique,peur,fuzzy_levenshtein_or_sequence,0.7143,2,0.7143
menacent,7,7,14,1,menaçant,peur,fuzzy_levenshtein_or_sequence,0.875,1,0.875
menacent,7,7,14,2,menacer,peur,fuzzy_levenshtein_or_sequence,0.8,2,0.8
menacent,7,7,14,3,menacé,peur,lexicon_prefix_of_marker,0.75,2,0.8571
menacent,7,7,14,4,menace,peur,lexicon_prefix_of_marker,0.75,2,0.8571
agréable,6,6,12,1,désagréable,deplaisir,marker_substring_of_lexicon_term,0.7273,3,0.8421
autant,6,6,12,1,amusant,joie,fuzzy_levenshtein_or_sequence,0.7692,2,0.7692
autant,6,6,12,2,suant,comportement,fuzzy_levenshtein_or_sequence,0.7273,2,0.7273
autant,6,6,12,3,amant,amour,fuzzy_levenshtein_or_sequence,0.7273,2,0.7273
autant,6,6,12,4,tressautant,comportement,marker_substring_of_lexicon_term,0.5455,5,0.7059
chine,6,6,12,1,haine,ressentiment,fuzzy_levenshtein_or_sequence,0.8,2,0.8
chine,6,6,12,2,peine,tristesse,fuzzy_levenshtein_or_sequence,0.6,2,0.6
colèr,12,0,12,1,colère,colere,marker_prefix_of_lexicon_term,0.8333,1,0.9091
colèr,12,0,12,2,cajoler,amour,fuzzy_levenshtein_or_sequence,0.8333,2,0.8333
colèr,12,0,12,3,isoler,tristesse,fuzzy_levenshtein_or_sequence,0.7273,2,0.7273
colèr,12,0,12,4,calmer,apaisement,fuzzy_levenshtein_or_sequence,0.7273,2,0.7273
colèr,12,0,12,5,coléreux,colere,marker_prefix_of_lexicon_term,0.625,3,0.7692
drole,6,6,12,1,drôle,joie,fuzzy_levenshtein_or_sequence,1.0,0,1.0
drole,6,6,12,2,isolé,tristesse,fuzzy_levenshtein_or_sequence,0.6,2,0.6
drole,6,6,12,3,drame,tristesse,fuzzy_levenshtein_or_sequence,0.6,2,0.6
drole,6,6,12,4,drôlement,joie,marker_prefix_of_lexicon_term,0.5556,4,0.7143
décourage,6,6,12,1,décourager,tristesse,marker_prefix_of_lexicon_term,0.9,1,0.9474
décourage,6,6,12,2,courage,audace,lexicon_substring_of_marker,0.7778,2,0.875
décourage,6,6,12,3,décourageant,tristesse,marker_prefix_of_lexicon_term,0.75,3,0.8571
décourage,6,6,12,4,découragement,tristesse,marker_prefix_of_lexicon_term,0.6923,4,0.8182
embête,6,6,12,1,embêter,deplaisir,marker_prefix_of_lexicon_term,0.8571,1,0.9231
embête,6,6,12,2,embêtement,deplaisir,marker_prefix_of_lexicon_term,0.6,4,0.75
encore,6,6,12,1,enjoué,joie,fuzzy_levenshtein_or_sequence,0.6667,2,0.6667
enfant,6,6,12,1,tentant,desir,fuzzy_levenshtein_or_sequence,0.7692,2,0.7692
fortement,6,6,12,1,réconfortement,apaisement,marker_substring_of_lexicon_term,0.6429,5,0.7826
france,6,6,12,1,fiancé,amour,fuzzy_levenshtein_or_sequence,0.8333,1,0.8333
gagner,6,6,12,1,grogner,comportement,fuzzy_levenshtein_or_sequence,0.7692,2,0.7692
gagner,6,6,12,2,rager,colere,fuzzy_levenshtein_or_sequence,0.7273,2,0.7273
inquiétudes,6,6,12,1,inquiétude,peur,lexicon_prefix_of_marker,0.9091,1,0.9524
inquiétudes,6,6,12,2,quiétude,apaisement,lexicon_substring_of_marker,0.7273,3,0.8421
inquiétudes,6,6,12,3,inquiet,peur,lexicon_prefix_of_marker,0.6364,4,0.7778
inquiétudes,6,6,12,4,quiet,apaisement,lexicon_substring_of_marker,0.4545,6,0.625
mauvais,6,6,12,1,mauvaiseté,inhumanite,marker_prefix_of_lexicon_term,0.7,3,0.8235
mauvais,6,6,12,2,être mauvais,inhumanite,marker_substring_of_lexicon_term,0.5833,5,0.7368
mauvais,6,6,12,3,mauvaisement,inhumanite,marker_prefix_of_lexicon_term,0.5833,5,0.7368
mauvais,6,6,12,4,mauvaise humeur,colere,marker_prefix_of_lexicon_term,0.4667,8,0.6364
mauvais,6,6,12,5,en mauvaise intelligence,ressentiment,marker_substring_of_lexicon_term,0.2917,17,0.4516
menaces,6,6,12,1,menacer,peur,fuzzy_levenshtein_or_sequence,0.8571,1,0.8571
menaces,6,6,12,2,menacé,peur,lexicon_prefix_of_marker,0.8571,1,0.9231
menaces,6,6,12,3,menace,peur,lexicon_prefix_of_marker,0.8571,1,0.9231
menacés,6,6,12,1,menacer,peur,fuzzy_levenshtein_or_sequence,0.8571,1,0.8571
menacés,6,6,12,2,menacé,peur,lexicon_prefix_of_marker,0.8571,1,0.9231
menacés,6,6,12,3,menace,peur,lexicon_prefix_of_marker,0.8571,1,0.9231
monde,6,6,12,1,morne,tristesse,fuzzy_levenshtein_or_sequence,0.8,2,0.8
monde,6,6,12,2,immonde,degout,marker_substring_of_lexicon_term,0.7143,2,0.8333
monde,6,6,12,3,honte,embarras,fuzzy_levenshtein_or_sequence,0.6,2,0.6
monde,6,6,12,4,bonté,empathie,fuzzy_levenshtein_or_sequence,0.6,2,0.6
mourir,6,6,12,1,sourire,comportement,fuzzy_levenshtein_or_sequence,0.7692,2,0.7692
mourir,6,6,12,2,jouir,joie,fuzzy_levenshtein_or_sequence,0.7273,2,0.7273
mourir,6,6,12,3,rougir,comportement,fuzzy_levenshtein_or_sequence,0.6667,2,0.6667
mourir,6,6,12,4,ahurir,surprise,fuzzy_levenshtein_or_sequence,0.6667,2,0.6667
prix,6,6,12,1,péril,peur,fuzzy_levenshtein_or_sequence,0.6667,2,0.6667
pénible,6,6,12,1,sensible,non_specifiee,fuzzy_levenshtein_or_sequence,0.8,2,0.8
risques,6,6,12,1,bisque,colere,fuzzy_levenshtein_or_sequence,0.7692,2,0.7692
risques,6,6,12,2,bisquer,colere,fuzzy_levenshtein_or_sequence,0.7143,2,0.7143
tête,6,6,12,1,tenter,desir,fuzzy_levenshtein_or_sequence,0.8,2,0.8
vexe,4,8,12,1,vexer,embarras,fuzzy_levenshtein_or_sequence,0.8889,1,0.8889
vraie,8,4,12,1,vain,orgueil,fuzzy_levenshtein_or_sequence,0.6667,2,0.6667
vraie,8,4,12,2,rage,colere,fuzzy_levenshtein_or_sequence,0.6667,2,0.6667
vraie,8,4,12,3,drame,tristesse,fuzzy_levenshtein_or_sequence,0.6,2,0.6
école,6,6,12,1,isolé,tristesse,fuzzy_levenshtein_or_sequence,0.6,2,0.6
école,6,6,12,2,drôle,joie,fuzzy_levenshtein_or_sequence,0.6,2,0.6
amusante,3,8,11,1,amusant,joie,lexicon_prefix_of_marker,0.875,1,0.9333
menaçante,7,4,11,1,menaçant,peur,lexicon_prefix_of_marker,0.8889,1,0.9412
venir,5,6,11,1,vexer,embarras,fuzzy_levenshtein_or_sequence,0.6,2,0.6
venir,5,6,11,2,gémir,tristesse,fuzzy_levenshtein_or_sequence,0.6,2,0.6
venir,5,6,11,3,désir,desir,fuzzy_levenshtein_or_sequence,0.6,2,0.6
animal,5,5,10,1,amical,amour,fuzzy_levenshtein_or_sequence,0.6667,2,0.6667
degouter,6,4,10,1,dégoûter,degout,fuzzy_levenshtein_or_sequence,1.0,0,1.0
degouter,6,4,10,2,dégoûté,degout,lexicon_prefix_of_marker,0.875,1,0.9333
degouter,6,4,10,3,dégoût,degout,lexicon_prefix_of_marker,0.75,2,0.8571
degouter,6,4,10,4,redouter,peur,fuzzy_levenshtein_or_sequence,0.75,2,0.75
effrayants,5,5,10,1,effrayant,peur,lexicon_prefix_of_marker,0.9,1,0.9474
effrayé,5,5,10,1,effrayer,peur,marker_prefix_of_lexicon_term,0.875,1,0.9333
effrayé,5,5,10,2,effarade,surprise,fuzzy_levenshtein_or_sequence,0.8,2,0.8
effrayé,5,5,10,3,effaré,surprise,fuzzy_levenshtein_or_sequence,0.7692,2,0.7692
femme,5,5,10,1,flegme,apaisement,fuzzy_levenshtein_or_sequence,0.7273,2,0.7273
fâchés,5,5,10,1,fâché,colere,lexicon_prefix_of_marker,0.8333,1,0.9091
fâchés,5,5,10,2,fâcher,colere,fuzzy_levenshtein_or_sequence,0.8333,1,0.8333
fâchés,5,5,10,3,fâcheux,colere,fuzzy_levenshtein_or_sequence,0.7692,2,0.7692
fâchés,5,5,10,4,lâche,peur,fuzzy_levenshtein_or_sequence,0.7273,2,0.7273
heureuse,5,5,10,1,heureux,joie,fuzzy_levenshtein_or_sequence,0.8,2,0.8
heureuse,5,5,10,2,heureusement,joie,marker_prefix_of_lexicon_term,0.6667,4,0.8
heureuse,5,5,10,3,malheureusement,tristesse,marker_substring_of_lexicon_term,0.5333,7,0.6957
mauvaise,5,5,10,1,mauvaiseté,inhumanite,marker_prefix_of_lexicon_term,0.8,2,0.8889
mauvaise,5,5,10,2,mauvaisement,inhumanite,marker_prefix_of_lexicon_term,0.6667,4,0.8
mauvaise,5,5,10,3,mauvaise humeur,colere,marker_prefix_of_lexicon_term,0.5333,7,0.6957
mauvaise,5,5,10,4,en mauvaise intelligence,ressentiment,marker_substring_of_lexicon_term,0.3333,16,0.5
ministre,5,5,10,1,sinistre,peur,fuzzy_levenshtein_or_sequence,0.875,1,0.875
ministre,5,5,10,2,monstre,peur,fuzzy_levenshtein_or_sequence,0.8,2,0.8
paniqué,4,6,10,1,panique,peur,fuzzy_levenshtein_or_sequence,1.0,0,1.0
paniqué,4,6,10,2,paniquer,peur,marker_prefix_of_lexicon_term,0.875,1,0.9333
paniqué,4,6,10,3,pudique,embarras,fuzzy_levenshtein_or_sequence,0.7143,2,0.7143
perdre,5,5,10,1,tendre,amour,fuzzy_levenshtein_or_sequence,0.6667,2,0.6667
perdre,5,5,10,2,pépère,apaisement,fuzzy_levenshtein_or_sequence,0.6667,2,0.6667
plein,4,6,10,1,peine,tristesse,fuzzy_levenshtein_or_sequence,0.8,2,0.8
plein,4,6,10,2,spleen,tristesse,fuzzy_levenshtein_or_sequence,0.7273,2,0.7273
plein,4,6,10,3,plein de soi,orgueil,marker_prefix_of_lexicon_term,0.4167,7,0.5882
plein,4,6,10,4,plein de soi-même,orgueil,marker_prefix_of_lexicon_term,0.2941,12,0.4545
plein,4,6,10,5,plein de son importance,orgueil,marker_prefix_of_lexicon_term,0.2174,18,0.3571
ravie,5,5,10,1,ravi,joie,fuzzy_levenshtein_or_sequence,0.8889,1,0.8889
ravie,5,5,10,2,ravir,joie,fuzzy_levenshtein_or_sequence,0.8,1,0.8
ravie,5,5,10,3,rage,colere,fuzzy_levenshtein_or_sequence,0.6667,2,0.6667
ravie,5,5,10,4,envie,desir,fuzzy_levenshtein_or_sequence,0.6,2,0.6
surprises,5,5,10,1,surprise,surprise,lexicon_prefix_of_marker,0.8889,1,0.9412
surprises,5,5,10,2,surpris,surprise,lexicon_prefix_of_marker,0.7778,2,0.875
tensions,5,5,10,1,tension,deplaisir,lexicon_prefix_of_marker,0.875,1,0.9333
traiter,7,3,10,1,irriter,deplaisir,fuzzy_levenshtein_or_sequence,0.7143,2,0.7143
violence,5,5,10,1,vilenie,degout,fuzzy_levenshtein_or_sequence,0.8,2,0.8
étonne,5,5,10,1,étonné,surprise,fuzzy_levenshtein_or_sequence,1.0,0,1.0
étonne,5,5,10,2,étonner,surprise,marker_prefix_of_lexicon_term,0.8571,1,0.9231
étonne,5,5,10,3,étonnement,surprise,marker_prefix_of_lexicon_term,0.6,4,0.75
étonnés,5,5,10,1,étonner,surprise,fuzzy_levenshtein_or_sequence,0.8571,1,0.8571
étonnés,5,5,10,2,étonné,surprise,lexicon_prefix_of_marker,0.8571,1,0.9231
énerve,3,6,9,1,énervé,colere,fuzzy_levenshtein_or_sequence,1.0,0,1.0
énerve,3,6,9,2,énerver,colere,marker_prefix_of_lexicon_term,0.8571,1,0.9231
énerve,3,6,9,3,énervement,colere,marker_prefix_of_lexicon_term,0.6,4,0.75
énerve,3,6,9,4,désénerver,apaisement,marker_substring_of_lexicon_term,0.6,4,0.75
énerve,3,6,9,5,désénervement,apaisement,marker_substring_of_lexicon_term,0.4615,7,0.6316
adulte,4,4,8,1,aduler,admiration,fuzzy_levenshtein_or_sequence,0.8333,2,0.8333
amusent,4,4,8,1,amusement,joie,fuzzy_levenshtein_or_sequence,0.875,2,0.875
amusent,4,4,8,2,amusant,joie,fuzzy_levenshtein_or_sequence,0.8571,1,0.8571
amusent,4,4,8,3,amuser,joie,fuzzy_levenshtein_or_sequence,0.7692,2,0.7692
augmentation,4,4,8,1,lamentation,tristesse,fuzzy_levenshtein_or_sequence,0.8696,3,0.8696
blague,4,4,8,1,blâmé,culpabilite,fuzzy_levenshtein_or_sequence,0.7273,2,0.7273
blague,4,4,8,2,blâme,mepris,fuzzy_levenshtein_or_sequence,0.7273,2,0.7273
blague,4,4,8,3,blasé,degout,fuzzy_levenshtein_or_sequence,0.7273,2,0.7273
bonne,4,4,8,1,bonté,empathie,fuzzy_levenshtein_or_sequence,0.8,1,0.8
bonne,4,4,8,2,étonné,surprise,fuzzy_levenshtein_or_sequence,0.7273,2,0.7273
bonne,4,4,8,3,rogne,colere,fuzzy_levenshtein_or_sequence,0.6,2,0.6
bonne,4,4,8,4,morne,tristesse,fuzzy_levenshtein_or_sequence,0.6,2,0.6
bonne,4,4,8,5,honte,embarras,fuzzy_levenshtein_or_sequence,0.6,2,0.6
cancer,4,4,8,1,tancer,mepris,fuzzy_levenshtein_or_sequence,0.8333,1,0.8333
cancer,4,4,8,2,danger,peur,fuzzy_levenshtein_or_sequence,0.6667,2,0.6667
cancer,4,4,8,3,calmer,apaisement,fuzzy_levenshtein_or_sequence,0.6667,2,0.6667
cause,4,4,8,1,faute,culpabilite,fuzzy_levenshtein_or_sequence,0.6,2,0.6
cause,4,4,8,2,calme,apaisement,fuzzy_levenshtein_or_sequence,0.6,2,0.6
conflit,4,4,8,1,contrit,culpabilite,fuzzy_levenshtein_or_sequence,0.7143,2,0.7143
cours,4,4,8,1,couard,peur,fuzzy_levenshtein_or_sequence,0.7273,2,0.7273
crise,4,4,8,1,risée,mepris,fuzzy_levenshtein_or_sequence,0.8,2,0.8
crise,4,4,8,2,crier,comportement,fuzzy_levenshtein_or_sequence,0.8,2,0.8
crise,4,4,8,3,triste,tristesse,fuzzy_levenshtein_or_sequence,0.7273,2,0.7273
crise,4,4,8,4,rire,joie,fuzzy_levenshtein_or_sequence,0.6667,2,0.6667
degeulasse,4,4,8,1,dégueulasse,degout,fuzzy_levenshtein_or_sequence,0.9524,1,0.9524
degoute,4,4,8,1,dégoûté,degout,fuzzy_levenshtein_or_sequence,1.0,0,1.0
degoute,4,4,8,2,dégoûter,degout,marker_prefix_of_lexicon_term,0.875,1,0.9333
degoute,4,4,8,3,dégoût,degout,lexicon_prefix_of_marker,0.8571,1,0.9231
dégager,4,4,8,1,égayer,joie,fuzzy_levenshtein_or_sequence,0.7692,2,0.7692
dégager,4,4,8,2,régaler,joie,fuzzy_levenshtein_or_sequence,0.7143,2,0.7143
déçus,4,4,8,1,déçu,deplaisir,fuzzy_levenshtein_or_sequence,0.8889,1,0.8889
façon,4,4,8,1,fâché,colere,fuzzy_levenshtein_or_sequence,0.6,2,0.6
frimer,4,4,8,1,fier,fierte,fuzzy_levenshtein_or_sequence,0.8,2,0.8
frimer,4,4,8,2,crier,comportement,fuzzy_levenshtein_or_sequence,0.7273,2,0.7273
frimer,4,4,8,3,aimer,amour,fuzzy_levenshtein_or_sequence,0.7273,2,0.7273
frimer,4,4,8,4,frémir,comportement,fuzzy_levenshtein_or_sequence,0.6667,2,0.6667
frère,4,4,8,1,fierté,fierte,fuzzy_levenshtein_or_sequence,0.7273,2,0.7273
frère,4,4,8,2,fier,fierte,fuzzy_levenshtein_or_sequence,0.6667,2,0.6667
frère,4,4,8,3,rire,joie,fuzzy_levenshtein_or_sequence,0.6,2,0.4444
gêne,4,4,8,1,peine,tristesse,fuzzy_levenshtein_or_sequence,0.6667,2,0.6667
homme,4,4,8,1,honte,embarras,fuzzy_levenshtein_or_sequence,0.6,2,0.6
hont,8,0,8,1,honte,embarras,fuzzy_levenshtein_or_sequence,0.8889,1,0.8889
hont,8,0,8,2,honni,mepris,fuzzy_levenshtein_or_sequence,0.6667,2,0.6667
hont,8,0,8,3,bonté,empathie,fuzzy_levenshtein_or_sequence,0.6667,2,0.6667
jour,4,4,8,1,jouir,joie,fuzzy_levenshtein_or_sequence,0.8889,1,0.8889
jour,4,4,8,2,amour,amour,fuzzy_levenshtein_or_sequence,0.6667,2,0.6667
malaise,4,4,8,1,mal-aimé,ressentiment,fuzzy_levenshtein_or_sequence,0.8,2,0.8
malaise,4,4,8,2,apaisé,apaisement,fuzzy_levenshtein_or_sequence,0.7692,2,0.7692
mieux,4,4,8,1,piteux,mepris,fuzzy_levenshtein_or_sequence,0.7273,2,0.7273
mieux,4,4,8,2,odieux,degout,fuzzy_levenshtein_or_sequence,0.7273,2,0.7273
mieux,4,4,8,3,rieur,joie,fuzzy_levenshtein_or_sequence,0.6,2,0.6
mordre,4,4,8,1,morne,tristesse,fuzzy_levenshtein_or_sequence,0.7273,2,0.7273
mordre,4,4,8,2,morose,tristesse,fuzzy_levenshtein_or_sequence,0.6667,2,0.6667
parce,4,4,8,1,pâle,comportement,fuzzy_levenshtein_or_sequence,0.6667,2,0.6667
part,4,4,8,1,pâlot,comportement,fuzzy_levenshtein_or_sequence,0.6667,2,0.6667
parti,4,4,8,1,hardi,audace,fuzzy_levenshtein_or_sequence,0.6,2,0.6
pendant,4,4,8,1,tentant,desir,fuzzy_levenshtein_or_sequence,0.7143,2,0.7143
surprenante,4,4,8,1,surprenant,surprise,lexicon_prefix_of_marker,0.9091,1,0.9524
tendue,4,4,8,1,tendu,deplaisir,lexicon_prefix_of_marker,0.8333,1,0.9091
tendue,4,4,8,2,tendre,amour,fuzzy_levenshtein_or_sequence,0.8333,1,0.8333
voter,4,4,8,1,vexer,embarras,fuzzy_levenshtein_or_sequence,0.6,2,0.6
émerveillée,4,4,8,1,émerveillé,admiration,lexicon_prefix_of_marker,0.9091,1,0.9524
émerveillée,4,4,8,2,émerveiller,admiration,fuzzy_levenshtein_or_sequence,0.9091,1,0.9091
émerveillée,4,4,8,3,émerveillement,admiration,fuzzy_levenshtein_or_sequence,0.88,3,0.88
émerveillée,4,4,8,4,merveille,joie,lexicon_substring_of_marker,0.8182,2,0.9
croire,4,3,7,1,rire,joie,fuzzy_levenshtein_or_sequence,0.8,2,0.8
croire,4,3,7,2,gloire,admiration,fuzzy_levenshtein_or_sequence,0.6667,2,0.6667
embêtée,2,5,7,1,embêter,deplaisir,fuzzy_levenshtein_or_sequence,0.8571,1,0.8571
gêner,5,2,7,1,tenter,desir,fuzzy_levenshtein_or_sequence,0.7273,2,0.7273
gêner,5,2,7,2,peiner,tristesse,fuzzy_levenshtein_or_sequence,0.7273,2,0.7273
gêner,5,2,7,3,vexer,embarras,fuzzy_levenshtein_or_sequence,0.6,2,0.6
gêner,5,2,7,4,gémir,tristesse,fuzzy_levenshtein_or_sequence,0.6,2,0.6
gêné,3,4,7,1,peine,tristesse,fuzzy_levenshtein_or_sequence,0.6667,2,0.6667
inquiétante,5,2,7,1,inquiétant,peur,lexicon_prefix_of_marker,0.9091,1,0.9524
inquiétante,5,2,7,2,inquiet,peur,lexicon_prefix_of_marker,0.6364,4,0.7778
inquiétante,5,2,7,3,quiet,apaisement,lexicon_substring_of_marker,0.4545,6,0.625
lassée,3,4,7,1,lasser,comportement,fuzzy_levenshtein_or_sequence,0.8333,1,0.8333
risquer,4,3,7,1,bisquer,colere,fuzzy_levenshtein_or_sequence,0.8571,1,0.8571
risquer,4,3,7,2,bisque,colere,fuzzy_levenshtein_or_sequence,0.7692,2,0.7692
terrorisé,3,4,7,1,terroriser,peur,marker_prefix_of_lexicon_term,0.9,1,0.9474
affolée,2,4,6,1,affoler,peur,fuzzy_levenshtein_or_sequence,0.8571,1,0.8571
affolée,2,4,6,2,affolé,peur,lexicon_prefix_of_marker,0.8571,1,0.9231
affolée,2,4,6,3,raffoler,amour,fuzzy_levenshtein_or_sequence,0.8,2,0.8
affreuse,2,4,6,1,affres,peur,fuzzy_levenshtein_or_sequence,0.8571,2,0.8571
affreuse,2,4,6,2,affreux,peur,fuzzy_levenshtein_or_sequence,0.8,2,0.8
affreuse,2,4,6,3,affreusement,peur,marker_prefix_of_lexicon_term,0.6667,4,0.8
alarmante,2,4,6,1,alarmant,peur,lexicon_prefix_of_marker,0.8889,1,0.9412
alarmante,2,4,6,2,alarmiste,peur,fuzzy_levenshtein_or_sequence,0.7778,2,0.7778
amusé,2,4,6,1,amuser,joie,marker_prefix_of_lexicon_term,0.8333,1,0.9091
amusé,2,4,6,2,amusement,joie,marker_prefix_of_lexicon_term,0.5556,4,0.7143
artiste,3,3,6,1,triste,tristesse,fuzzy_levenshtein_or_sequence,0.7692,2,0.7692
dieu,3,3,6,1,odieux,degout,fuzzy_levenshtein_or_sequence,0.8,2,0.8
dieu,3,3,6,2,rieur,joie,fuzzy_levenshtein_or_sequence,0.6667,2,0.6667
embêté,2,4,6,1,embêter,deplaisir,marker_prefix_of_lexicon_term,0.8571,1,0.9231
embêté,2,4,6,2,embêtement,deplaisir,marker_prefix_of_lexicon_term,0.6,4,0.75
engager,3,3,6,1,enrager,colere,fuzzy_levenshtein_or_sequence,0.8571,1,0.8571
engager,3,3,6,2,égayer,joie,fuzzy_levenshtein_or_sequence,0.7692,2,0.7692
engager,3,3,6,3,enragé,colere,fuzzy_levenshtein_or_sequence,0.7692,2,0.7692
engager,3,3,6,4,engouer,amour,fuzzy_levenshtein_or_sequence,0.7143,2,0.7143
excitée,2,4,6,1,exciter,comportement,fuzzy_levenshtein_or_sequence,0.8571,1,0.8571
excitée,2,4,6,2,excité,comportement,lexicon_prefix_of_marker,0.8571,1,0.9231
fières,3,3,6,1,fierté,fierte,fuzzy_levenshtein_or_sequence,0.8333,2,0.8333
fières,3,3,6,2,fier,fierte,fuzzy_levenshtein_or_sequence,0.8,2,0.8
gênant,2,4,6,1,tentant,desir,fuzzy_levenshtein_or_sequence,0.7692,2,0.7692
gênant,2,4,6,2,vexant,embarras,fuzzy_levenshtein_or_sequence,0.6667,2,0.6667
humain,3,3,6,1,hautain,mepris,fuzzy_levenshtein_or_sequence,0.7692,2,0.7692
humain,3,3,6,2,inhumain,inhumanite,marker_substring_of_lexicon_term,0.75,2,0.8571
humain,3,3,6,3,inhumainement,inhumanite,marker_substring_of_lexicon_term,0.4615,7,0.6316
humiliante,2,4,6,1,humiliant,embarras,lexicon_prefix_of_marker,0.9,1,0.9474
immense,3,3,6,1,immonde,degout,fuzzy_levenshtein_or_sequence,0.7143,2,0.5714
inattendu,3,3,6,1,tendu,deplaisir,lexicon_substring_of_marker,0.5556,4,0.7143
inquiétantes,3,3,6,1,inquiétant,peur,lexicon_prefix_of_marker,0.8333,2,0.9091
inquiétantes,3,3,6,2,inquiet,peur,lexicon_prefix_of_marker,0.5833,5,0.7368
inquiétantes,3,3,6,3,quiet,apaisement,lexicon_substring_of_marker,0.4167,7,0.5882
jolie,4,2,6,1,joie,joie,fuzzy_levenshtein_or_sequence,0.8889,1,0.8889
jolie,4,2,6,2,jouir,joie,fuzzy_levenshtein_or_sequence,0.6,2,0.6
liberté,3,3,6,1,fierté,fierte,fuzzy_levenshtein_or_sequence,0.7692,2,0.7692
marrantes,3,3,6,1,marrant,joie,lexicon_prefix_of_marker,0.7778,2,0.875
menacée,3,3,6,1,menacer,peur,fuzzy_levenshtein_or_sequence,0.8571,1,0.8571
menacée,3,3,6,2,menacé,peur,lexicon_prefix_of_marker,0.8571,1,0.9231
menacée,3,3,6,3,menace,peur,lexicon_prefix_of_marker,0.8571,1,0.9231
menaçait,3,3,6,1,menaçant,peur,fuzzy_levenshtein_or_sequence,0.875,1,0.875
mettre,3,3,6,1,neutre,impassibilite,fuzzy_levenshtein_or_sequence,0.6667,2,0.6667
montrer,2,4,6,1,monstre,peur,fuzzy_levenshtein_or_sequence,0.8571,2,0.8571
montrer,2,4,6,2,outrer,colere,fuzzy_levenshtein_or_sequence,0.7692,2,0.7692
montrer,2,4,6,3,honorer,fierte,fuzzy_levenshtein_or_sequence,0.7143,2,0.7143
mécontentements,3,3,6,1,mécontentement,colere,lexicon_prefix_of_marker,0.9333,1,0.9655
mécontentements,3,3,6,2,contentement,joie,lexicon_substring_of_marker,0.8,3,0.8889
mécontentements,3,3,6,3,mécontent,colere,lexicon_prefix_of_marker,0.6,6,0.75
mécontentements,3,3,6,4,content,joie,lexicon_substring_of_marker,0.4667,8,0.6364
passer,3,3,6,1,lasser,comportement,fuzzy_levenshtein_or_sequence,0.8333,1,0.8333
passer,3,3,6,2,apaiser,apaisement,fuzzy_levenshtein_or_sequence,0.7692,2,0.7692
passer,3,3,6,3,pâmer,comportement,fuzzy_levenshtein_or_sequence,0.7273,2,0.7273
passer,3,3,6,4,pester,colere,fuzzy_levenshtein_or_sequence,0.6667,2,0.6667
passer,3,3,6,5,outrepasser,audace,marker_substring_of_lexicon_term,0.5455,5,0.7059
pleine,4,2,6,1,peine,tristesse,fuzzy_levenshtein_or_sequence,0.9091,1,0.9091
pleine,4,2,6,2,peiner,tristesse,fuzzy_levenshtein_or_sequence,0.8333,2,0.8333
pleine,4,2,6,3,plaire,amour,fuzzy_levenshtein_or_sequence,0.6667,2,0.5
premier,3,3,6,1,frémir,comportement,fuzzy_levenshtein_or_sequence,0.7692,2,0.7692
première,3,3,6,1,préféré,amour,fuzzy_levenshtein_or_sequence,0.8,2,0.8
problème,3,3,6,1,pas de problème,apaisement,marker_substring_of_lexicon_term,0.5333,7,0.6957
préoccupations,3,3,6,1,préoccupation,peur,lexicon_prefix_of_marker,0.9286,1,0.963
recevoir,3,3,6,1,décevoir,deplaisir,fuzzy_levenshtein_or_sequence,0.875,1,0.875
redoutent,2,4,6,1,redouter,peur,fuzzy_levenshtein_or_sequence,0.8235,2,0.8235
revit,4,2,6,1,ravi,joie,fuzzy_levenshtein_or_sequence,0.6667,2,0.6667
revit,4,2,6,2,rebut,degout,fuzzy_levenshtein_or_sequence,0.6,2,0.6
revit,4,2,6,3,ravir,joie,fuzzy_levenshtein_or_sequence,0.6,2,0.6
revit,4,2,6,4,dépit,deplaisir,fuzzy_levenshtein_or_sequence,0.6,2,0.6
scandalisé,2,4,6,1,scandaliser,colere,marker_prefix_of_lexicon_term,0.9091,1,0.9524
scandalisé,2,4,6,2,scandale,colere,fuzzy_levenshtein_or_sequence,0.8889,2,0.8889
senti,3,3,6,1,ressenti,non_specifiee,marker_substring_of_lexicon_term,0.625,3,0.7692
senti,3,3,6,2,sentiment,non_specifiee,marker_prefix_of_lexicon_term,0.5556,4,0.7143
senti,3,3,6,3,ressentir,non_specifiee,marker_substring_of_lexicon_term,0.5556,4,0.7143
senti,3,3,6,4,ressentie,non_specifiee,marker_substring_of_lexicon_term,0.5556,4,0.7143
senti,3,3,6,5,sentimental,amour,marker_prefix_of_lexicon_term,0.4545,6,0.625
sentir,3,3,6,1,tenter,desir,fuzzy_levenshtein_or_sequence,0.6667,2,0.6667
sentir,3,3,6,2,ressentir,non_specifiee,marker_substring_of_lexicon_term,0.6667,3,0.8
souffert,2,4,6,1,pouffer,joie,fuzzy_levenshtein_or_sequence,0.8,2,0.8
subit,4,2,6,1,suant,comportement,fuzzy_levenshtein_or_sequence,0.6,2,0.6
amus,5,0,5,1,amuser,joie,fuzzy_levenshtein_or_sequence,0.8,2,0.8
amus,5,0,5,2,amour,amour,fuzzy_levenshtein_or_sequence,0.6667,2,0.6667
désolé,2,3,5,1,isolé,tristesse,fuzzy_levenshtein_or_sequence,0.7273,2,0.7273
désolé,2,3,5,2,drôle,joie,fuzzy_levenshtein_or_sequence,0.7273,2,0.7273
entrer,5,0,5,1,tenter,desir,fuzzy_levenshtein_or_sequence,0.8333,2,0.8333
entrer,5,0,5,2,vénérer,amour,fuzzy_levenshtein_or_sequence,0.7692,2,0.7692
entrer,5,0,5,3,enivrer,amour,fuzzy_levenshtein_or_sequence,0.7692,2,0.7692
entrer,5,0,5,4,énerver,colere,fuzzy_levenshtein_or_sequence,0.7143,2,0.6154
entrer,5,0,5,5,outrer,colere,fuzzy_levenshtein_or_sequence,0.6667,2,0.6667
jalou,0,5,5,1,jaloux,jalousie,marker_prefix_of_lexicon_term,0.8333,1,0.9091
jalou,0,5,5,2,jalousie,jalousie,marker_prefix_of_lexicon_term,0.625,3,0.7692
jalou,0,5,5,3,jalouser,jalousie,marker_prefix_of_lexicon_term,0.625,3,0.7692
jalou,0,5,5,4,pâlot,comportement,fuzzy_levenshtein_or_sequence,0.6,2,0.6
jalou,0,5,5,5,jalousement,jalousie,marker_prefix_of_lexicon_term,0.4545,6,0.625
laisser,2,3,5,1,lasser,comportement,fuzzy_levenshtein_or_sequence,0.9231,1,0.9231
laisser,2,3,5,2,délaisser,tristesse,marker_substring_of_lexicon_term,0.7778,2,0.875
montre,3,2,5,1,monstre,peur,fuzzy_levenshtein_or_sequence,0.9231,1,0.9231
montre,3,2,5,2,outré,colere,fuzzy_levenshtein_or_sequence,0.7273,2,0.7273
montre,3,2,5,3,honte,embarras,fuzzy_levenshtein_or_sequence,0.7273,2,0.7273
montre,3,2,5,4,bonté,empathie,fuzzy_levenshtein_or_sequence,0.7273,2,0.7273
partie,2,3,5,1,pitié,empathie,fuzzy_levenshtein_or_sequence,0.7273,2,0.7273
partie,2,3,5,2,pitie,empathie,fuzzy_levenshtein_or_sequence,0.7273,2,0.7273
élire,1,4,5,1,plaire,amour,fuzzy_levenshtein_or_sequence,0.7273,2,0.7273
élire,1,4,5,2,gloire,admiration,fuzzy_levenshtein_or_sequence,0.7273,2,0.7273
élire,1,4,5,3,délice,joie,fuzzy_levenshtein_or_sequence,0.7273,2,0.7273
élire,1,4,5,4,rire,joie,fuzzy_levenshtein_or_sequence,0.6667,2,0.6667
élire,1,4,5,5,flirt,amour,fuzzy_levenshtein_or_sequence,0.6,2,0.6
étonn,5,0,5,1,étonné,surprise,marker_prefix_of_lexicon_term,0.8333,1,0.9091
étonn,5,0,5,2,étonner,surprise,marker_prefix_of_lexicon_term,0.7143,2,0.8333
étonn,5,0,5,3,étonnant,surprise,marker_prefix_of_lexicon_term,0.625,3,0.7692
étonn,5,0,5,4,étonnement,surprise,marker_prefix_of_lexicon_term,0.5,5,0.6667
étonn,5,0,5,5,étonnamment,surprise,marker_prefix_of_lexicon_term,0.4545,6,0.625
abattus,2,2,4,1,abattu,tristesse,lexicon_prefix_of_marker,0.8571,1,0.9231
abattus,2,2,4,2,abattre,tristesse,fuzzy_levenshtein_or_sequence,0.7143,2,0.7143
aborder,2,2,4,1,abhorrer,ressentiment,fuzzy_levenshtein_or_sequence,0.8,2,0.8
aborder,2,2,4,2,bouder,colere,fuzzy_levenshtein_or_sequence,0.7692,2,0.7692
aborder,2,2,4,3,adorer,amour,fuzzy_levenshtein_or_sequence,0.7692,2,0.7692
accablés,2,2,4,1,accabler,tristesse,fuzzy_levenshtein_or_sequence,0.875,1,0.875
actuel,2,2,4,1,cruel,inhumanite,fuzzy_levenshtein_or_sequence,0.7273,2,0.7273
adultes,2,2,4,1,aduler,admiration,fuzzy_levenshtein_or_sequence,0.7692,2,0.7692
afin,2,2,4,1,câlin,amour,fuzzy_levenshtein_or_sequence,0.6667,2,0.6667
afin,2,2,4,2,badin,joie,fuzzy_levenshtein_or_sequence,0.6667,2,0.6667
agace,2,2,4,1,audace,audace,fuzzy_levenshtein_or_sequence,0.7273,2,0.7273
agace,2,2,4,2,agité,comportement,fuzzy_levenshtein_or_sequence,0.6,2,0.6
agacer,2,2,4,1,égayer,joie,fuzzy_levenshtein_or_sequence,0.6667,2,0.6667
agacer,2,2,4,2,agiter,comportement,fuzzy_levenshtein_or_sequence,0.6667,2,0.6667
agaçant,2,2,4,1,égayant,joie,fuzzy_levenshtein_or_sequence,0.7143,2,0.7143
agir,2,2,4,1,agiter,comportement,fuzzy_levenshtein_or_sequence,0.8,2,0.8
agir,2,2,4,2,ravir,joie,fuzzy_levenshtein_or_sequence,0.6667,2,0.6667
agir,2,2,4,3,rager,colere,fuzzy_levenshtein_or_sequence,0.6667,2,0.6667
agir,2,2,4,4,pâlir,comportement,fuzzy_levenshtein_or_sequence,0.6667,2,0.6667
agir,2,2,4,5,agité,comportement,fuzzy_levenshtein_or_sequence,0.6667,2,0.6667
amusantes,2,2,4,1,amusant,joie,lexicon_prefix_of_marker,0.7778,2,0.875
angoisses,2,2,4,1,angoissé,peur,lexicon_prefix_of_marker,0.8889,1,0.9412
angoisses,2,2,4,2,angoisse,peur,lexicon_prefix_of_marker,0.8889,1,0.9412
angoisses,2,2,4,3,angoisser,peur,fuzzy_levenshtein_or_sequence,0.8889,1,0.8889
après,2,2,4,1,affres,peur,fuzzy_levenshtein_or_sequence,0.7273,2,0.7273
arbre,2,2,4,1,barbare,inhumanite,fuzzy_levenshtein_or_sequence,0.8333,2,0.8333
arbre,2,2,4,2,rire,joie,fuzzy_levenshtein_or_sequence,0.6667,2,0.6667
arbre,2,2,4,3,adoré,amour,fuzzy_levenshtein_or_sequence,0.6,2,0.6
arme,2,2,4,1,charme,amour,fuzzy_levenshtein_or_sequence,0.8,2,0.8
arme,2,2,4,2,alarme,peur,fuzzy_levenshtein_or_sequence,0.8,2,0.8
arme,2,2,4,3,drame,tristesse,fuzzy_levenshtein_or_sequence,0.6667,2,0.6667
arme,2,2,4,4,calme,apaisement,fuzzy_levenshtein_or_sequence,0.6667,2,0.6667
arme,2,2,4,5,aimer,amour,fuzzy_levenshtein_or_sequence,0.6667,2,0.6667
arriver,2,2,4,1,irriter,deplaisir,fuzzy_levenshtein_or_sequence,0.7143,2,0.7143
autour,2,2,4,1,amour,amour,fuzzy_levenshtein_or_sequence,0.7273,2,0.7273
avril,2,2,4,1,péril,peur,fuzzy_levenshtein_or_sequence,0.6,2,0.6
baigner,2,2,4,1,badiner,joie,fuzzy_levenshtein_or_sequence,0.8571,2,0.8571
beauté,2,2,4,1,béat,joie,fuzzy_levenshtein_or_sequence,0.8,2,0.8
beauté,2,2,4,2,faute,culpabilite,fuzzy_levenshtein_or_sequence,0.7273,2,0.7273
boire,2,2,4,1,gloire,admiration,fuzzy_levenshtein_or_sequence,0.7273,2,0.7273
boire,2,2,4,2,rire,joie,fuzzy_levenshtein_or_sequence,0.6667,2,0.6667
boire,2,2,4,3,joie,joie,fuzzy_levenshtein_or_sequence,0.6667,2,0.6667
boire,2,2,4,4,bonté,empathie,fuzzy_levenshtein_or_sequence,0.6,2,0.6
bégayer,2,2,4,1,égayer,joie,lexicon_substring_of_marker,0.8571,1,0.9231
bégayer,2,2,4,2,régaler,joie,fuzzy_levenshtein_or_sequence,0.7143,2,0.7143
chien,2,2,4,1,crier,comportement,fuzzy_levenshtein_or_sequence,0.6,2,0.6
coeur,2,2,4,1,peur,peur,fuzzy_levenshtein_or_sequence,0.6667,2,0.6667
coeur,2,2,4,2,rancoeur,ressentiment,marker_substring_of_lexicon_term,0.625,3,0.7692
coeur,2,2,4,3,sueur,comportement,fuzzy_levenshtein_or_sequence,0.6,2,0.6
coeur,2,2,4,4,rieur,joie,fuzzy_levenshtein_or_sequence,0.6,2,0.6
coeur,2,2,4,5,crève-coeur,tristesse,marker_substring_of_lexicon_term,0.4545,6,0.625
comment,2,2,4,1,content,joie,fuzzy_levenshtein_or_sequence,0.7143,2,0.7143
comment,2,2,4,2,clément,empathie,fuzzy_levenshtein_or_sequence,0.7143,2,0.7143
condition,2,2,4,1,contrition,culpabilite,fuzzy_levenshtein_or_sequence,0.8421,2,0.8421
consternée,2,2,4,1,consterner,tristesse,fuzzy_levenshtein_or_sequence,0.9,1,0.9
contentes,2,2,4,1,contenter,joie,fuzzy_levenshtein_or_sequence,0.8889,1,0.8889
contentes,2,2,4,2,content,joie,lexicon_prefix_of_marker,0.7778,2,0.875
contradiction,2,2,4,1,contrition,culpabilite,fuzzy_levenshtein_or_sequence,0.8696,3,0.8696
croiser,2,2,4,1,crier,comportement,fuzzy_levenshtein_or_sequence,0.8333,2,0.8333
croiser,2,2,4,2,érotiser,amour,fuzzy_levenshtein_or_sequence,0.8,2,0.8
dangers,2,2,4,1,danger,peur,lexicon_prefix_of_marker,0.8571,1,0.9231
desole,2,2,4,1,isolé,tristesse,fuzzy_levenshtein_or_sequence,0.7273,2,0.7273
desole,2,2,4,2,drôle,joie,fuzzy_levenshtein_or_sequence,0.7273,2,0.7273
dessin,2,2,4,1,désir,desir,fuzzy_levenshtein_or_sequence,0.7273,2,0.7273
dessin,2,2,4,2,dédain,mepris,fuzzy_levenshtein_or_sequence,0.6667,2,0.6667
devant,2,2,4,1,décevant,deplaisir,fuzzy_levenshtein_or_sequence,0.8571,2,0.8571
devant,2,2,4,2,défiant,audace,fuzzy_levenshtein_or_sequence,0.7692,2,0.7692
devant,2,2,4,3,vexant,embarras,fuzzy_levenshtein_or_sequence,0.6667,2,0.6667
drôles,2,2,4,1,drôle,joie,lexicon_prefix_of_marker,0.8333,1,0.9091
dégoute,2,2,4,1,dégoûté,degout,fuzzy_levenshtein_or_sequence,1.0,0,1.0
dégoute,2,2,4,2,dégoûter,degout,marker_prefix_of_lexicon_term,0.875,1,0.9333
dégoute,2,2,4,3,dégoût,degout,lexicon_prefix_of_marker,0.8571,1,0.9231
déguster,2,2,4,1,dégoûter,degout,fuzzy_levenshtein_or_sequence,0.875,2,0.875
déguster,2,2,4,2,détester,ressentiment,fuzzy_levenshtein_or_sequence,0.75,2,0.75
dépressif,2,2,4,1,expressif,non_specifiee,fuzzy_levenshtein_or_sequence,0.8889,2,0.8889
dépressif,2,2,4,2,oppressif,deplaisir,fuzzy_levenshtein_or_sequence,0.7778,2,0.7778
désespérés,2,2,4,1,désespéré,tristesse,lexicon_prefix_of_marker,0.9,1,0.9474
désespérés,2,2,4,2,désespérer,tristesse,fuzzy_levenshtein_or_sequence,0.9,1,0.9
effrayée,2,2,4,1,effrayer,peur,fuzzy_levenshtein_or_sequence,0.875,1,0.875
effrayés,2,2,4,1,effrayer,peur,fuzzy_levenshtein_or_sequence,0.875,1,0.875
encourageant,2,2,4,1,décourageant,tristesse,fuzzy_levenshtein_or_sequence,0.9167,2,0.9167
encourageant,2,2,4,2,rageant,colere,lexicon_substring_of_marker,0.5833,5,0.7368
encourageant,2,2,4,3,courage,audace,lexicon_substring_of_marker,0.5833,5,0.7368
endeuillée,2,2,4,1,endeuiller,tristesse,fuzzy_levenshtein_or_sequence,0.9,1,0.9
endeuillée,2,2,4,2,deuil,tristesse,lexicon_substring_of_marker,0.5,5,0.6667
ennuis,2,2,4,1,ennui,tristesse,lexicon_prefix_of_marker,0.8333,1,0.9091
ennuis,2,2,4,2,ennuyé,tristesse,fuzzy_levenshtein_or_sequence,0.6667,2,0.6667
enthousiasmante,2,2,4,1,enthousiasmant,joie,lexicon_prefix_of_marker,0.9333,1,0.9655
enthousiasmante,2,2,4,2,enthousiaste,joie,fuzzy_levenshtein_or_sequence,0.8889,3,0.8889
enthousiasmante,2,2,4,3,enthousiasme,joie,fuzzy_levenshtein_or_sequence,0.8889,3,0.8889
exister,2,2,4,1,exciter,comportement,fuzzy_levenshtein_or_sequence,0.8571,2,0.8571
exister,2,2,4,2,exulter,joie,fuzzy_levenshtein_or_sequence,0.7143,2,0.7143
exister,2,2,4,3,exalter,joie,fuzzy_levenshtein_or_sequence,0.7143,2,0.7143
extension,2,2,4,1,tension,deplaisir,lexicon_substring_of_marker,0.7778,2,0.875
faisant,2,2,4,1,plaisant,amour,fuzzy_levenshtein_or_sequence,0.8,2,0.8
faisant,2,2,4,2,lassant,comportement,fuzzy_levenshtein_or_sequence,0.7143,2,0.7143
faisant,2,2,4,3,bienfaisant,apaisement,marker_substring_of_lexicon_term,0.6364,4,0.7778
fiere,2,2,4,1,fierté,fierte,fuzzy_levenshtein_or_sequence,0.9091,1,0.9091
fiere,2,2,4,2,fier,fierte,fuzzy_levenshtein_or_sequence,0.8889,1,0.8889
fiere,2,2,4,3,piètre,mepris,fuzzy_levenshtein_or_sequence,0.7273,2,0.7273
fiere,2,2,4,4,misère,tristesse,fuzzy_levenshtein_or_sequence,0.7273,2,0.7273
fiere,2,2,4,5,rire,joie,fuzzy_levenshtein_or_sequence,0.6667,2,0.6667
fiers,2,2,4,1,fier,fierte,fuzzy_levenshtein_or_sequence,0.8889,1,0.8889
fiers,2,2,4,2,fierté,fierte,fuzzy_levenshtein_or_sequence,0.7273,2,0.7273
forme,2,2,4,1,morne,tristesse,fuzzy_levenshtein_or_sequence,0.6,2,0.6
forme,2,2,4,2,furie,colere,fuzzy_levenshtein_or_sequence,0.6,2,0.6
frein,2,2,4,1,serein,apaisement,fuzzy_levenshtein_or_sequence,0.7273,2,0.7273
frein,2,2,4,2,frémir,comportement,fuzzy_levenshtein_or_sequence,0.7273,2,0.7273
fuir,2,2,4,1,jouir,joie,fuzzy_levenshtein_or_sequence,0.6667,2,0.6667
fuir,2,2,4,2,furie,colere,fuzzy_levenshtein_or_sequence,0.6667,2,0.6667
fuir,2,2,4,3,flirt,amour,fuzzy_levenshtein_or_sequence,0.6667,2,0.6667
féliciter,2,2,4,1,félicité,joie,lexicon_prefix_of_marker,0.8889,1,0.9412
gaie,2,2,4,1,gaîté,joie,fuzzy_levenshtein_or_sequence,0.8889,1,0.8889
gaie,2,2,4,2,gaieté,joie,fuzzy_levenshtein_or_sequence,0.8,2,0.8
gaie,2,2,4,3,haine,ressentiment,fuzzy_levenshtein_or_sequence,0.6667,2,0.6667
gaîment,2,2,4,1,gaiement,joie,fuzzy_levenshtein_or_sequence,0.9333,1,0.9333
gaîment,2,2,4,2,égaiement,joie,fuzzy_levenshtein_or_sequence,0.875,2,0.875
genre,2,2,4,1,tendre,amour,fuzzy_levenshtein_or_sequence,0.7273,2,0.7273
glace,2,2,4,1,lâche,peur,fuzzy_levenshtein_or_sequence,0.8,2,0.8
glace,2,2,4,2,blâmé,culpabilite,fuzzy_levenshtein_or_sequence,0.6,2,0.6
glace,2,2,4,3,blâme,mepris,fuzzy_levenshtein_or_sequence,0.6,2,0.6
glace,2,2,4,4,blasé,degout,fuzzy_levenshtein_or_sequence,0.6,2,0.6
génia,2,2,4,1,gémir,tristesse,fuzzy_levenshtein_or_sequence,0.6,2,0.6
harry,2,2,4,1,haïr,ressentiment,fuzzy_levenshtein_or_sequence,0.6667,2,0.6667
harry,2,2,4,2,hardi,audace,fuzzy_levenshtein_or_sequence,0.6,2,0.6
hassan,2,2,4,1,lassant,comportement,fuzzy_levenshtein_or_sequence,0.7692,2,0.7692
haut,2,2,4,1,faute,culpabilite,fuzzy_levenshtein_or_sequence,0.6667,2,0.6667
hillary,2,2,4,1,hilare,joie,fuzzy_levenshtein_or_sequence,0.7692,2,0.7692
horribles,2,2,4,1,horrible,peur,lexicon_prefix_of_marker,0.8889,1,0.9412
humiliations,2,2,4,1,humiliation,embarras,lexicon_prefix_of_marker,0.9167,1,0.9565
héros,2,2,4,1,éros,amour,fuzzy_levenshtein_or_sequence,0.8889,1,0.8889
héros,2,2,4,2,repos,apaisement,fuzzy_levenshtein_or_sequence,0.6,2,0.6
idée,2,2,4,1,risée,mepris,fuzzy_levenshtein_or_sequence,0.6667,2,0.6667
inquiété,2,2,4,1,inquiéter,peur,marker_prefix_of_lexicon_term,0.8889,1,0.9412
inquiété,2,2,4,2,inquiétude,peur,fuzzy_levenshtein_or_sequence,0.8889,2,0.8889
inquiété,2,2,4,3,inquiet,peur,lexicon_prefix_of_marker,0.875,1,0.9333
inquiété,2,2,4,4,quiet,apaisement,lexicon_substring_of_marker,0.625,3,0.7692
intérieur,2,2,4,1,paix intérieure,apaisement,marker_substring_of_lexicon_term,0.6,6,0.75
intérieur,2,2,4,2,rieur,joie,lexicon_substring_of_marker,0.5556,4,0.7143
jalouse,2,2,4,1,jalousie,jalousie,fuzzy_levenshtein_or_sequence,0.9333,1,0.9333
jalouse,2,2,4,2,jalouser,jalousie,marker_prefix_of_lexicon_term,0.875,1,0.9333
jalouse,2,2,4,3,jaloux,jalousie,fuzzy_levenshtein_or_sequence,0.7692,2,0.7692
jalouse,2,2,4,4,jalousement,jalousie,marker_prefix_of_lexicon_term,0.6364,4,0.7778
jouer,2,2,4,1,jouir,joie,fuzzy_levenshtein_or_sequence,0.8,1,0.8
jouer,2,2,4,2,bouder,colere,fuzzy_levenshtein_or_sequence,0.7273,2,0.7273
jouer,2,2,4,3,suer,comportement,fuzzy_levenshtein_or_sequence,0.6667,2,0.6667
jouer,2,2,4,4,joie,joie,fuzzy_levenshtein_or_sequence,0.6667,2,0.6667
jubile,2,2,4,1,jubiler,joie,marker_prefix_of_lexicon_term,0.8571,1,0.9231
jubiles,2,2,4,1,jubiler,joie,fuzzy_levenshtein_or_sequence,0.8571,1,0.8571
juif,2,2,4,1,jouir,joie,fuzzy_levenshtein_or_sequence,0.6667,2,0.6667
lutter,2,2,4,1,flatter,admiration,fuzzy_levenshtein_or_sequence,0.7692,2,0.7692
lutter,2,2,4,2,outrer,colere,fuzzy_levenshtein_or_sequence,0.6667,2,0.6667
manger,2,2,4,1,danger,peur,fuzzy_levenshtein_or_sequence,0.8333,1,0.8333
manger,2,2,4,2,rager,colere,fuzzy_levenshtein_or_sequence,0.7273,2,0.7273
manger,2,2,4,3,tancer,mepris,fuzzy_levenshtein_or_sequence,0.6667,2,0.6667
manger,2,2,4,4,marrer,joie,fuzzy_levenshtein_or_sequence,0.6667,2,0.6667
mariage,2,2,4,1,marrade,joie,fuzzy_levenshtein_or_sequence,0.7143,2,0.7143
meghan,2,2,4,1,méchant,inhumanite,fuzzy_levenshtein_or_sequence,0.7692,2,0.7692
moche,2,2,4,1,morne,tristesse,fuzzy_levenshtein_or_sequence,0.6,2,0.6
moche,2,2,4,2,lâche,peur,fuzzy_levenshtein_or_sequence,0.6,2,0.6
moche,2,2,4,3,fâché,colere,fuzzy_levenshtein_or_sequence,0.6,2,0.6
mont,2,2,4,1,morne,tristesse,fuzzy_levenshtein_or_sequence,0.6667,2,0.6667
mont,2,2,4,2,honte,embarras,fuzzy_levenshtein_or_sequence,0.6667,2,0.6667
mont,2,2,4,3,bonté,empathie,fuzzy_levenshtein_or_sequence,0.6667,2,0.6667
mont,2,2,4,4,amant,amour,fuzzy_levenshtein_or_sequence,0.6667,2,0.6667
montée,2,2,4,1,monstre,peur,fuzzy_levenshtein_or_sequence,0.7692,2,0.7692
montée,2,2,4,2,honte,embarras,fuzzy_levenshtein_or_sequence,0.7273,2,0.7273
montée,2,2,4,3,bonté,empathie,fuzzy_levenshtein_or_sequence,0.7273,2,0.7273
métier,2,2,4,1,méfier,peur,fuzzy_levenshtein_or_sequence,0.8333,1,0.8333
noir,2,2,4,1,jouir,joie,fuzzy_levenshtein_or_sequence,0.6667,2,0.6667
objet,2,2,4,1,abject,degout,fuzzy_levenshtein_or_sequence,0.7273,2,0.7273
ours,2,2,4,1,outré,colere,fuzzy_levenshtein_or_sequence,0.6667,2,0.6667
parmi,2,2,4,1,hardi,audace,fuzzy_levenshtein_or_sequence,0.6,2,0.6
pension,2,2,4,1,tension,deplaisir,fuzzy_levenshtein_or_sequence,0.8571,1,0.8571
pension,2,2,4,2,passion,amour,fuzzy_levenshtein_or_sequence,0.7143,2,0.7143
plaisanterie,2,2,4,1,plaisant,amour,lexicon_prefix_of_marker,0.6667,4,0.8
pleurer,2,2,4,1,pleureur,comportement,fuzzy_levenshtein_or_sequence,0.9333,1,0.9333
pleurer,2,2,4,2,épeurer,peur,fuzzy_levenshtein_or_sequence,0.8571,2,0.8571
pleurer,2,2,4,3,pleutre,peur,fuzzy_levenshtein_or_sequence,0.8571,2,0.8571
pleurer,2,2,4,4,apeurer,peur,fuzzy_levenshtein_or_sequence,0.8571,2,0.8571
pleurer,2,2,4,5,pleurard,comportement,fuzzy_levenshtein_or_sequence,0.8,2,0.8
police,2,2,4,1,délice,joie,fuzzy_levenshtein_or_sequence,0.6667,2,0.6667
polémique,2,2,4,1,colérique,colere,fuzzy_levenshtein_or_sequence,0.7778,2,0.7778
portable,2,2,4,1,à la limite du supportable,colere,marker_substring_of_lexicon_term,0.3077,18,0.4706
porter,2,2,4,1,pester,colere,fuzzy_levenshtein_or_sequence,0.6667,2,0.6667
prendre,2,2,4,1,tendre,amour,fuzzy_levenshtein_or_sequence,0.7692,2,0.7692
prendre,2,2,4,2,préféré,amour,fuzzy_levenshtein_or_sequence,0.7143,2,0.7143
prendre,2,2,4,3,surprendre,surprise,marker_substring_of_lexicon_term,0.7,3,0.8235
prison,2,2,4,1,frisson,comportement,fuzzy_levenshtein_or_sequence,0.7692,2,0.7692
rabaisser,2,2,4,1,rapaiser,apaisement,fuzzy_levenshtein_or_sequence,0.8235,2,0.8235
ranger,2,2,4,1,rager,colere,fuzzy_levenshtein_or_sequence,0.9091,1,0.9091
ranger,2,2,4,2,danger,peur,fuzzy_levenshtein_or_sequence,0.8333,1,0.8333
ranger,2,2,4,3,rageur,colere,fuzzy_levenshtein_or_sequence,0.8333,2,0.8333
ranger,2,2,4,4,rage,colere,fuzzy_levenshtein_or_sequence,0.8,2,0.8
ranger,2,2,4,5,tancer,mepris,fuzzy_levenshtein_or_sequence,0.6667,2,0.6667
ravis,2,2,4,1,ravi,joie,fuzzy_levenshtein_or_sequence,0.8889,1,0.8889
ravis,2,2,4,2,ravir,joie,fuzzy_levenshtein_or_sequence,0.8,1,0.8
ravis,2,2,4,3,ravissement,joie,marker_prefix_of_lexicon_term,0.4545,6,0.625
regrettaient,2,2,4,1,regret,culpabilite,lexicon_prefix_of_marker,0.5,6,0.6667
reine,2,2,4,1,peine,tristesse,fuzzy_levenshtein_or_sequence,0.8,1,0.8
reine,2,2,4,2,peiner,tristesse,fuzzy_levenshtein_or_sequence,0.7273,2,0.7273
reine,2,2,4,3,rogne,colere,fuzzy_levenshtein_or_sequence,0.6,2,0.6
reine,2,2,4,4,haine,ressentiment,fuzzy_levenshtein_or_sequence,0.6,2,0.6
reine,2,2,4,5,rire,joie,fuzzy_levenshtein_or_sequence,0.6,2,0.4444
relais,2,2,4,1,relax,apaisement,fuzzy_levenshtein_or_sequence,0.7273,2,0.7273
relais,2,2,4,2,relaxe,apaisement,fuzzy_levenshtein_or_sequence,0.6667,2,0.6667
retrouver,2,2,4,1,éprouver,non_specifiee,fuzzy_levenshtein_or_sequence,0.8235,2,0.8235
revenir,2,2,4,1,repentir,culpabilite,fuzzy_levenshtein_or_sequence,0.8,2,0.8
riche,2,2,4,1,rire,joie,fuzzy_levenshtein_or_sequence,0.6667,2,0.6667
riche,2,2,4,2,risée,mepris,fuzzy_levenshtein_or_sequence,0.6,2,0.6
riche,2,2,4,3,lâche,peur,fuzzy_levenshtein_or_sequence,0.6,2,0.6
riche,2,2,4,4,fâché,colere,fuzzy_levenshtein_or_sequence,0.6,2,0.6
royal,2,2,4,1,régal,joie,fuzzy_levenshtein_or_sequence,0.6,2,0.6
réclamer,2,2,4,1,relaxer,apaisement,fuzzy_levenshtein_or_sequence,0.8,2,0.8
réclamer,2,2,4,2,acclamer,admiration,fuzzy_levenshtein_or_sequence,0.75,2,0.75
réjouit,2,2,4,1,réjouir,joie,fuzzy_levenshtein_or_sequence,0.8571,1,0.8571
répression,2,2,4,1,expression,non_specifiee,fuzzy_levenshtein_or_sequence,0.9,2,0.9
répression,2,2,4,2,oppression,deplaisir,fuzzy_levenshtein_or_sequence,0.8,2,0.8
réunir,2,2,4,1,rougir,comportement,fuzzy_levenshtein_or_sequence,0.6667,2,0.6667
s'étonner,2,2,4,1,étonner,surprise,lexicon_substring_of_marker,0.7778,2,0.875
s'étonner,2,2,4,2,étonné,surprise,lexicon_substring_of_marker,0.6667,3,0.8
salle,2,2,4,1,pâle,comportement,fuzzy_levenshtein_or_sequence,0.6667,2,0.6667
salle,2,2,4,2,calme,apaisement,fuzzy_levenshtein_or_sequence,0.6,2,0.6
seize,2,2,4,1,peine,tristesse,fuzzy_levenshtein_or_sequence,0.6,2,0.6
servir,2,2,4,1,serein,apaisement,fuzzy_levenshtein_or_sequence,0.6667,2,0.6667
seul,2,2,4,1,sueur,comportement,fuzzy_levenshtein_or_sequence,0.6667,2,0.6667
seul,2,2,4,2,deuil,tristesse,fuzzy_levenshtein_or_sequence,0.6667,2,0.6667
stresse,2,2,4,1,stressé,peur,fuzzy_levenshtein_or_sequence,1.0,0,1.0
stresse,2,2,4,2,stresser,peur,marker_prefix_of_lexicon_term,0.875,1,0.9333
stresse,2,2,4,3,stress,peur,lexicon_prefix_of_marker,0.8571,1,0.9231
stresse,2,2,4,4,détresse,tristesse,fuzzy_levenshtein_or_sequence,0.8,2,0.8
stupeur,2,2,4,1,sueur,comportement,fuzzy_levenshtein_or_sequence,0.8333,2,0.8333
suite,2,2,4,1,suée,comportement,fuzzy_levenshtein_or_sequence,0.6667,2,0.6667
suite,2,2,4,2,gaîté,joie,fuzzy_levenshtein_or_sequence,0.6,2,0.6
suite,2,2,4,3,agité,comportement,fuzzy_levenshtein_or_sequence,0.6,2,0.6
sujet,2,2,4,1,suée,comportement,fuzzy_levenshtein_or_sequence,0.6667,2,0.6667
sujet,2,2,4,2,suer,comportement,fuzzy_levenshtein_or_sequence,0.6667,2,0.6667
sujet,2,2,4,3,suant,comportement,fuzzy_levenshtein_or_sequence,0.6,2,0.6
sujet,2,2,4,4,quiet,apaisement,fuzzy_levenshtein_or_sequence,0.6,2,0.6
sécurité,2,2,4,1,insécurité,peur,marker_substring_of_lexicon_term,0.8,2,0.8889
sérieusement,2,2,4,1,nerveusement,comportement,fuzzy_levenshtein_or_sequence,0.8333,2,0.8333
sérieusement,2,2,4,2,furieusement,colere,fuzzy_levenshtein_or_sequence,0.8333,2,0.8333
sérieusement,2,2,4,3,curieusement,desir,fuzzy_levenshtein_or_sequence,0.8333,2,0.8333
sévère,2,2,4,1,pépère,apaisement,fuzzy_levenshtein_or_sequence,0.6667,2,0.6667
t'inquiète,2,2,4,1,inquiet,peur,lexicon_substring_of_marker,0.7,3,0.8235
t'inquiète,2,2,4,2,quiet,apaisement,lexicon_substring_of_marker,0.5,5,0.6667
terribles,2,2,4,1,terrible,peur,lexicon_prefix_of_marker,0.8889,1,0.9412
terroristes,2,2,4,1,terroriser,peur,fuzzy_levenshtein_or_sequence,0.8571,2,0.8571
toucher,2,2,4,1,soucier,peur,fuzzy_levenshtein_or_sequence,0.7143,2,0.7143
tour,2,2,4,1,jouir,joie,fuzzy_levenshtein_or_sequence,0.6667,2,0.6667
tour,2,2,4,2,amour,amour,fuzzy_levenshtein_or_sequence,0.6667,2,0.6667
train,2,2,4,1,entrain,joie,marker_substring_of_lexicon_term,0.7143,2,0.8333
train,2,2,4,2,vain,orgueil,fuzzy_levenshtein_or_sequence,0.6667,2,0.6667
train,2,2,4,3,trac,peur,fuzzy_levenshtein_or_sequence,0.6667,2,0.6667
train,2,2,4,4,entraînant,joie,marker_substring_of_lexicon_term,0.5,5,0.6667
train,2,2,4,5,boute-en-train,joie,marker_substring_of_lexicon_term,0.3571,9,0.5263
troublé,1,3,4,1,trouble,surprise,fuzzy_levenshtein_or_sequence,1.0,0,1.0
troublé,1,3,4,2,troubler,surprise,marker_prefix_of_lexicon_term,0.875,1,0.9333
troublé,1,3,4,3,trouille,peur,fuzzy_levenshtein_or_sequence,0.8,2,0.8
trouver,2,2,4,1,éprouver,non_specifiee,fuzzy_levenshtein_or_sequence,0.8,2,0.8
trouver,2,2,4,2,troubler,surprise,fuzzy_levenshtein_or_sequence,0.8,2,0.8
trône,2,2,4,1,rogne,colere,fuzzy_levenshtein_or_sequence,0.8,2,0.8
trône,2,2,4,2,atroce,peur,fuzzy_levenshtein_or_sequence,0.7273,2,0.7273
trône,2,2,4,3,drôle,joie,fuzzy_levenshtein_or_sequence,0.6,2,0.6
tuer,2,2,4,1,sueur,comportement,fuzzy_levenshtein_or_sequence,0.6667,2,0.6667
vaccin,2,2,4,1,vain,orgueil,fuzzy_levenshtein_or_sequence,0.8,2,0.8
vague,2,2,4,1,rage,colere,fuzzy_levenshtein_or_sequence,0.6667,2,0.6667
ventre,2,2,4,1,vénérer,amour,fuzzy_levenshtein_or_sequence,0.7692,2,0.7692
ventre,2,2,4,2,venette,peur,fuzzy_levenshtein_or_sequence,0.7692,2,0.7692
ventre,2,2,4,3,tendre,amour,fuzzy_levenshtein_or_sequence,0.6667,2,0.6667
ventre,2,2,4,4,neutre,impassibilite,fuzzy_levenshtein_or_sequence,0.6667,2,0.6667
verre,2,2,4,1,vexé,embarras,fuzzy_levenshtein_or_sequence,0.6667,2,0.6667
vote,2,2,4,1,honte,embarras,fuzzy_levenshtein_or_sequence,0.6667,2,0.6667
vote,2,2,4,2,bonté,empathie,fuzzy_levenshtein_or_sequence,0.6667,2,0.6667
vénère,2,2,4,1,vénérer,amour,marker_prefix_of_lexicon_term,0.8571,1,0.9231
vénère,2,2,4,2,énervé,colere,fuzzy_levenshtein_or_sequence,0.8333,2,0.8333
vénère,2,2,4,3,venette,peur,fuzzy_levenshtein_or_sequence,0.7692,2,0.7692
vénère,2,2,4,4,vexer,embarras,fuzzy_levenshtein_or_sequence,0.7273,2,0.7273
vénère,2,2,4,5,tendre,amour,fuzzy_levenshtein_or_sequence,0.6667,2,0.6667
yeux,2,2,4,1,joyeux,joie,fuzzy_levenshtein_or_sequence,0.8,2,0.8
ébahie,2,2,4,1,ébahi,surprise,lexicon_prefix_of_marker,0.8333,1,0.9091
ébahie,2,2,4,2,ébahir,surprise,fuzzy_levenshtein_or_sequence,0.8333,1,0.8333
épaté,2,2,4,1,exalté,joie,fuzzy_levenshtein_or_sequence,0.7273,2,0.7273
épaté,2,2,4,2,dépité,deplaisir,fuzzy_levenshtein_or_sequence,0.7273,2,0.7273
épaté,2,2,4,3,état,non_specifiee,fuzzy_levenshtein_or_sequence,0.6667,2,0.6667
épaté,2,2,4,4,pâle,comportement,fuzzy_levenshtein_or_sequence,0.6667,2,0.6667
étranger,2,2,4,1,enrager,colere,fuzzy_levenshtein_or_sequence,0.8,2,0.8
actrice,1,2,3,1,atroce,peur,fuzzy_levenshtein_or_sequence,0.7692,2,0.7692
admire,2,1,3,1,admirer,admiration,marker_prefix_of_lexicon_term,0.8571,1,0.9231
admire,2,1,3,2,adoré,amour,fuzzy_levenshtein_or_sequence,0.7273,2,0.7273
admirent,2,1,3,1,admirer,admiration,fuzzy_levenshtein_or_sequence,0.8,2,0.8
admiré,2,1,3,1,admirer,admiration,marker_prefix_of_lexicon_term,0.8571,1,0.9231
admiré,2,1,3,2,adoré,amour,fuzzy_levenshtein_or_sequence,0.7273,2,0.7273
admirée,1,2,3,1,admirer,admiration,fuzzy_levenshtein_or_sequence,0.8571,1,0.8571
amusée,1,2,3,1,amuser,joie,fuzzy_levenshtein_or_sequence,0.8333,1,0.8333
animé,1,2,3,1,aimer,amour,fuzzy_levenshtein_or_sequence,0.8,2,0.8
animé,1,2,3,2,vanité,orgueil,fuzzy_levenshtein_or_sequence,0.7273,2,0.7273
animé,1,2,3,3,agité,comportement,fuzzy_levenshtein_or_sequence,0.6,2,0.6
animé,1,2,3,4,magnanime,empathie,marker_substring_of_lexicon_term,0.5556,4,0.7143
animé,1,2,3,5,pusillanime,peur,marker_substring_of_lexicon_term,0.4545,6,0.625
attristé,1,2,3,1,attrister,tristesse,marker_prefix_of_lexicon_term,0.8889,1,0.9412
attristé,1,2,3,2,altruiste,empathie,fuzzy_levenshtein_or_sequence,0.8235,2,0.8235
attristé,1,2,3,3,triste,tristesse,lexicon_substring_of_marker,0.75,2,0.8571
blesser,3,0,3,1,lasser,comportement,fuzzy_levenshtein_or_sequence,0.7692,2,0.7692
blesser,3,0,3,2,blaser,degout,fuzzy_levenshtein_or_sequence,0.7692,2,0.7692
boudeuse,1,2,3,1,boudeur,colere,fuzzy_levenshtein_or_sequence,0.8,2,0.8
boudeuse,1,2,3,2,bouderie,colere,fuzzy_levenshtein_or_sequence,0.75,2,0.75
contrarie,2,1,3,1,contrarié,deplaisir,fuzzy_levenshtein_or_sequence,1.0,0,1.0
contrarie,2,1,3,2,contrarier,deplaisir,marker_prefix_of_lexicon_term,0.9,1,0.9474
contrarie,2,1,3,3,contrariété,deplaisir,marker_prefix_of_lexicon_term,0.8182,2,0.9
croie,1,2,3,1,crier,comportement,fuzzy_levenshtein_or_sequence,0.8,2,0.8
croie,1,2,3,2,joie,joie,fuzzy_levenshtein_or_sequence,0.6667,2,0.6667
croie,1,2,3,3,drôle,joie,fuzzy_levenshtein_or_sequence,0.6,2,0.6
culpabilisé,1,2,3,1,culpabiliser,culpabilite,marker_prefix_of_lexicon_term,0.9167,1,0.9565
culpabilisé,1,2,3,2,culpabilité,culpabilite,fuzzy_levenshtein_or_sequence,0.9091,1,0.9091
culpabilisé,1,2,3,3,déculpabiliser,apaisement,marker_substring_of_lexicon_term,0.7857,3,0.88
curieuse,1,2,3,1,curieux,desir,fuzzy_levenshtein_or_sequence,0.8,2,0.8
curieuse,1,2,3,2,curieusement,desir,marker_prefix_of_lexicon_term,0.6667,4,0.8
célébré,2,1,3,1,colère,colere,fuzzy_levenshtein_or_sequence,0.7692,2,0.7692
degoutez,1,2,3,1,dégoûté,degout,lexicon_prefix_of_marker,0.875,1,0.9333
degoutez,1,2,3,2,dégoûter,degout,fuzzy_levenshtein_or_sequence,0.875,1,0.875
degoutez,1,2,3,3,dégoût,degout,lexicon_prefix_of_marker,0.75,2,0.8571
degoutée,1,2,3,1,dégoûté,degout,lexicon_prefix_of_marker,0.875,1,0.9333
degoutée,1,2,3,2,dégoûter,degout,fuzzy_levenshtein_or_sequence,0.875,1,0.875
degoutée,1,2,3,3,dégoût,degout,lexicon_prefix_of_marker,0.75,2,0.8571
dégeulasse,1,2,3,1,dégueulasse,degout,fuzzy_levenshtein_or_sequence,0.9524,1,0.9524
dégouteeee,1,2,3,1,dégoûté,degout,lexicon_prefix_of_marker,0.7,3,0.8235
dégouteeee,1,2,3,2,dégoût,degout,lexicon_prefix_of_marker,0.6,4,0.75
dégoûtée,1,2,3,1,dégoûté,degout,lexicon_prefix_of_marker,0.875,1,0.9333
dégoûtée,1,2,3,2,dégoûter,degout,fuzzy_levenshtein_or_sequence,0.875,1,0.875
dégoûtée,1,2,3,3,dégoût,degout,lexicon_prefix_of_marker,0.75,2,0.8571
désespérément,1,2,3,1,désespéré,tristesse,lexicon_prefix_of_marker,0.6923,4,0.8182
effraie,1,2,3,1,effrayer,peur,fuzzy_levenshtein_or_sequence,0.8,2,0.8
effraie,1,2,3,2,effarade,surprise,fuzzy_levenshtein_or_sequence,0.8,2,0.8
effraie,1,2,3,3,effroi,peur,fuzzy_levenshtein_or_sequence,0.7692,2,0.7692
effraie,1,2,3,4,effaré,surprise,fuzzy_levenshtein_or_sequence,0.7692,2,0.7692
effrayante,1,2,3,1,effrayant,peur,lexicon_prefix_of_marker,0.9,1,0.9474
enthousiasm,3,0,3,1,enthousiasme,joie,marker_prefix_of_lexicon_term,0.9167,1,0.9565
enthousiasm,3,0,3,2,enthousiaste,joie,fuzzy_levenshtein_or_sequence,0.8696,2,0.8696
enthousiasm,3,0,3,3,enthousiasmer,joie,marker_prefix_of_lexicon_term,0.8462,2,0.9167
enthousiasm,3,0,3,4,enthousiasmant,joie,marker_prefix_of_lexicon_term,0.7857,3,0.88
excuse,1,2,3,1,extase,joie,fuzzy_levenshtein_or_sequence,0.6667,2,0.6667
excuse,1,2,3,2,excité,comportement,fuzzy_levenshtein_or_sequence,0.6667,2,0.6667
froissé,1,2,3,1,frousse,peur,fuzzy_levenshtein_or_sequence,0.8571,1,0.8571
frustrée,1,2,3,1,frustrer,deplaisir,fuzzy_levenshtein_or_sequence,0.875,1,0.875
fâchée,1,2,3,1,fâcherie,colere,fuzzy_levenshtein_or_sequence,0.8571,2,0.8571
fâchée,1,2,3,2,fâché,colere,lexicon_prefix_of_marker,0.8333,1,0.9091
fâchée,1,2,3,3,fâcher,colere,fuzzy_levenshtein_or_sequence,0.8333,1,0.8333
fâchée,1,2,3,4,lâcheté,peur,fuzzy_levenshtein_or_sequence,0.7692,2,0.7692
fâchée,1,2,3,5,fâcheux,colere,fuzzy_levenshtein_or_sequence,0.7692,2,0.7692
félicitée,1,2,3,1,félicité,joie,lexicon_prefix_of_marker,0.8889,1,0.9412
heureur,0,3,3,1,heureux,joie,fuzzy_levenshtein_or_sequence,0.8571,1,0.8571
heureur,0,3,3,2,pleureur,comportement,fuzzy_levenshtein_or_sequence,0.8,2,0.8
heureur,0,3,3,3,fureur,colere,fuzzy_levenshtein_or_sequence,0.7692,2,0.7692
heureur,0,3,3,4,terreur,peur,fuzzy_levenshtein_or_sequence,0.7143,2,0.7143
heureur,0,3,3,5,peureux,peur,fuzzy_levenshtein_or_sequence,0.7143,2,0.7143
idole,1,2,3,1,isolé,tristesse,fuzzy_levenshtein_or_sequence,0.8,1,0.8
idole,1,2,3,2,drôle,joie,fuzzy_levenshtein_or_sequence,0.8,2,0.8
idole,1,2,3,3,isoler,tristesse,fuzzy_levenshtein_or_sequence,0.7273,2,0.7273
idole,1,2,3,4,adoré,amour,fuzzy_levenshtein_or_sequence,0.6,2,0.6
inquiétée,1,2,3,1,inquiéter,peur,fuzzy_levenshtein_or_sequence,0.8889,1,0.8889
inquiétée,1,2,3,2,inquiétude,peur,fuzzy_levenshtein_or_sequence,0.8421,2,0.8421
inquiétée,1,2,3,3,inquiet,peur,lexicon_prefix_of_marker,0.7778,2,0.875
inquiétée,1,2,3,4,quiet,apaisement,lexicon_substring_of_marker,0.5556,4,0.7143
laisse,2,1,3,1,liesse,joie,fuzzy_levenshtein_or_sequence,0.8333,2,0.8333
laisse,2,1,3,2,lasser,comportement,fuzzy_levenshtein_or_sequence,0.8333,2,0.8333
laisse,2,1,3,3,délaissé,tristesse,marker_substring_of_lexicon_term,0.75,2,0.8571
laisse,2,1,3,4,délaisser,tristesse,marker_substring_of_lexicon_term,0.6667,3,0.8
laisse,2,1,3,5,délaissement,tristesse,marker_substring_of_lexicon_term,0.5,6,0.6667
librement,1,2,3,1,vibrement,comportement,fuzzy_levenshtein_or_sequence,0.8889,1,0.8889
librement,1,2,3,2,fièrement,fierte,fuzzy_levenshtein_or_sequence,0.7778,2,0.7778
luire,3,0,3,1,plaire,amour,fuzzy_levenshtein_or_sequence,0.7273,2,0.7273
luire,3,0,3,2,gloire,admiration,fuzzy_levenshtein_or_sequence,0.7273,2,0.7273
luire,3,0,3,3,rire,joie,fuzzy_levenshtein_or_sequence,0.6667,2,0.6667
luire,3,0,3,4,outré,colere,fuzzy_levenshtein_or_sequence,0.6,2,0.6
malheureuse,1,2,3,1,malheureux,tristesse,fuzzy_levenshtein_or_sequence,0.8571,2,0.8571
malheureuse,1,2,3,2,malheureusement,tristesse,marker_prefix_of_lexicon_term,0.7333,4,0.8462
malheureuse,1,2,3,3,malheur,tristesse,lexicon_prefix_of_marker,0.6364,4,0.7778
marrante,0,3,3,1,marrant,joie,lexicon_prefix_of_marker,0.875,1,0.9333
marrante,0,3,3,2,marrade,joie,fuzzy_levenshtein_or_sequence,0.8,2,0.8
menaçaient,1,2,3,1,menaçant,peur,fuzzy_levenshtein_or_sequence,0.8889,2,0.8889
moqué,1,2,3,1,morne,tristesse,fuzzy_levenshtein_or_sequence,0.6,2,0.6
mène,2,1,3,1,menacé,peur,fuzzy_levenshtein_or_sequence,0.8,2,0.8
mène,2,1,3,2,menace,peur,fuzzy_levenshtein_or_sequence,0.8,2,0.8
mène,2,1,3,3,peine,tristesse,fuzzy_levenshtein_or_sequence,0.6667,2,0.6667
mène,2,1,3,4,morne,tristesse,fuzzy_levenshtein_or_sequence,0.6667,2,0.6667
mécontente,1,2,3,1,mécontenter,colere,marker_prefix_of_lexicon_term,0.9091,1,0.9524
mécontente,1,2,3,2,mécontent,colere,lexicon_prefix_of_marker,0.9,1,0.9474
mécontente,1,2,3,3,mécontentement,colere,marker_prefix_of_lexicon_term,0.7143,4,0.8333
mécontente,1,2,3,4,content,joie,lexicon_substring_of_marker,0.7,3,0.8235
mécontentent,1,2,3,1,mécontentement,colere,fuzzy_levenshtein_or_sequence,0.9231,2,0.9231
mécontentent,1,2,3,2,mécontenter,colere,fuzzy_levenshtein_or_sequence,0.8696,2,0.8696
mécontentent,1,2,3,3,mécontent,colere,lexicon_prefix_of_marker,0.75,3,0.8571
mécontentent,1,2,3,4,content,joie,lexicon_substring_of_marker,0.5833,5,0.7368
perde,1,2,3,1,péril,peur,fuzzy_levenshtein_or_sequence,0.6,2,0.6
perde,1,2,3,2,peine,tristesse,fuzzy_levenshtein_or_sequence,0.6,2,0.6
plaisent,1,2,3,1,plaisant,amour,fuzzy_levenshtein_or_sequence,0.875,1,0.875
plaît,2,1,3,1,plaire,amour,fuzzy_levenshtein_or_sequence,0.7273,2,0.7273
plaît,2,1,3,2,paix,apaisement,fuzzy_levenshtein_or_sequence,0.6667,2,0.6667
préoccupe,1,2,3,1,préoccupé,peur,fuzzy_levenshtein_or_sequence,1.0,0,1.0
préoccupe,1,2,3,2,préoccuper,peur,marker_prefix_of_lexicon_term,0.9,1,0.9474
ragoûtant,1,2,3,1,dégoûtant,degout,fuzzy_levenshtein_or_sequence,0.7778,2,0.7778
redoutables,2,1,3,1,redoutable,peur,lexicon_prefix_of_marker,0.9091,1,0.9524
redémarrera,1,2,3,1,marrer,joie,lexicon_substring_of_marker,0.5455,5,0.7059
rigolote,1,2,3,1,rigolo,joie,lexicon_prefix_of_marker,0.75,2,0.8571
rigolote,1,2,3,2,rigolade,joie,fuzzy_levenshtein_or_sequence,0.75,2,0.75
risqué,1,2,3,1,bisque,colere,fuzzy_levenshtein_or_sequence,0.8333,1,0.8333
risqué,1,2,3,2,bisquer,colere,fuzzy_levenshtein_or_sequence,0.7692,2,0.7692
risqué,1,2,3,3,risée,mepris,fuzzy_levenshtein_or_sequence,0.7273,2,0.7273
rompe,1,2,3,1,rogne,colere,fuzzy_levenshtein_or_sequence,0.6,2,0.6
réagi,2,1,3,1,ravi,joie,fuzzy_levenshtein_or_sequence,0.6667,2,0.6667
réagi,2,1,3,2,rage,colere,fuzzy_levenshtein_or_sequence,0.6667,2,0.6667
révoltée,1,2,3,1,révolté,colere,lexicon_prefix_of_marker,0.875,1,0.9333
révoltée,1,2,3,2,révolte,colere,lexicon_prefix_of_marker,0.875,1,0.9333
révoltée,1,2,3,3,révolter,colere,fuzzy_levenshtein_or_sequence,0.875,1,0.875
sortent,2,1,3,1,content,joie,fuzzy_levenshtein_or_sequence,0.7143,2,0.7143
stressée,1,2,3,1,stressé,peur,lexicon_prefix_of_marker,0.875,1,0.9333
stressée,1,2,3,2,stresser,peur,fuzzy_levenshtein_or_sequence,0.875,1,0.875
stressée,1,2,3,3,stress,peur,lexicon_prefix_of_marker,0.75,2,0.8571
sévit,1,2,3,1,dépit,deplaisir,fuzzy_levenshtein_or_sequence,0.6,2,0.6
traite,2,1,3,1,triste,tristesse,fuzzy_levenshtein_or_sequence,0.8333,2,0.8333
traite,2,1,3,2,crainte,peur,fuzzy_levenshtein_or_sequence,0.7692,2,0.7692
traite,2,1,3,3,gaîté,joie,fuzzy_levenshtein_or_sequence,0.7273,2,0.7273
traite,2,1,3,4,irrité,deplaisir,fuzzy_levenshtein_or_sequence,0.6667,2,0.6667
troublée,2,1,3,1,trouble,surprise,lexicon_prefix_of_marker,0.875,1,0.9333
troublée,2,1,3,2,troubler,surprise,fuzzy_levenshtein_or_sequence,0.875,1,0.875
troublée,2,1,3,3,trouille,peur,fuzzy_levenshtein_or_sequence,0.75,2,0.75
vienne,2,1,3,1,vilenie,degout,fuzzy_levenshtein_or_sequence,0.7692,2,0.7692
électrisée,1,2,3,1,risée,mepris,lexicon_substring_of_marker,0.5,5,0.6667
émerveillés,1,2,3,1,émerveillé,admiration,lexicon_prefix_of_marker,0.9091,1,0.9524
émerveillés,1,2,3,2,émerveiller,admiration,fuzzy_levenshtein_or_sequence,0.9091,1,0.9091
émerveillés,1,2,3,3,merveille,joie,lexicon_substring_of_marker,0.8182,2,0.9
énerv,3,0,3,1,énervé,colere,marker_prefix_of_lexicon_term,0.8333,1,0.9091
énerv,3,0,3,2,énerver,colere,marker_prefix_of_lexicon_term,0.7143,2,0.8333
énerv,3,0,3,3,énervant,colere,marker_prefix_of_lexicon_term,0.625,3,0.7692
énerv,3,0,3,4,énervement,colere,marker_prefix_of_lexicon_term,0.5,5,0.6667
énerv,3,0,3,5,désénerver,apaisement,marker_substring_of_lexicon_term,0.5,5,0.6667
énervait,1,2,3,1,énervant,colere,fuzzy_levenshtein_or_sequence,0.875,1,0.875
étonnerait,1,2,3,1,étonner,surprise,lexicon_prefix_of_marker,0.7,3,0.8235
étonnerait,1,2,3,2,étonné,surprise,lexicon_prefix_of_marker,0.6,4,0.75
étonnée,2,1,3,1,étonner,surprise,fuzzy_levenshtein_or_sequence,0.8571,1,0.8571
étonnée,2,1,3,2,étonné,surprise,lexicon_prefix_of_marker,0.8571,1,0.9231
accablé,0,2,2,1,accabler,tristesse,marker_prefix_of_lexicon_term,0.875,1,0.9333
accablé,0,2,2,2,aimable,amour,fuzzy_levenshtein_or_sequence,0.7143,2,0.7143
accablé,0,2,2,3,affable,empathie,fuzzy_levenshtein_or_sequence,0.7143,2,0.7143
accablé,0,2,2,4,accablement,tristesse,marker_prefix_of_lexicon_term,0.6364,4,0.7778
achevé,1,1,2,1,lâcheté,peur,fuzzy_levenshtein_or_sequence,0.7692,2,0.7692
admiratif,1,1,2,1,admiration,admiration,fuzzy_levenshtein_or_sequence,0.8421,2,0.8421
admiratifs,1,1,2,1,admiration,admiration,fuzzy_levenshtein_or_sequence,0.8,2,0.8
affligés,1,1,2,1,affliger,tristesse,fuzzy_levenshtein_or_sequence,0.875,1,0.875
aient,1,1,2,1,amant,amour,fuzzy_levenshtein_or_sequence,0.6,2,0.6
alarmantes,1,1,2,1,alarmant,peur,lexicon_prefix_of_marker,0.8,2,0.8889
alarmants,1,1,2,1,alarmant,peur,lexicon_prefix_of_marker,0.8889,1,0.9412
angoissantes,1,1,2,1,angoissant,peur,lexicon_prefix_of_marker,0.8333,2,0.9091
angoissés,1,1,2,1,angoissé,peur,lexicon_prefix_of_marker,0.8889,1,0.9412
angoissés,1,1,2,2,angoisse,peur,lexicon_prefix_of_marker,0.8889,1,0.9412
angoissés,1,1,2,3,angoisser,peur,fuzzy_levenshtein_or_sequence,0.8889,1,0.8889
arrive,1,1,2,1,irrité,deplaisir,fuzzy_levenshtein_or_sequence,0.6667,2,0.6667
arrivé,1,1,2,1,irrité,deplaisir,fuzzy_levenshtein_or_sequence,0.6667,2,0.6667
arrêter,1,1,2,1,irriter,deplaisir,fuzzy_levenshtein_or_sequence,0.7143,2,0.7143
arrêter,1,1,2,2,appéter,desir,fuzzy_levenshtein_or_sequence,0.7143,2,0.7143
attaque,1,1,2,1,patraque,tristesse,fuzzy_levenshtein_or_sequence,0.8,2,0.8
bactérie,1,1,2,1,fâcherie,colere,fuzzy_levenshtein_or_sequence,0.75,2,0.75
beaux,1,1,2,1,béat,joie,fuzzy_levenshtein_or_sequence,0.6667,2,0.6667
blessant,1,1,2,1,lassant,comportement,fuzzy_levenshtein_or_sequence,0.8,2,0.8
bonbon,1,1,2,1,bougon,colere,fuzzy_levenshtein_or_sequence,0.6667,2,0.6667
bonnes,1,1,2,1,bonté,empathie,fuzzy_levenshtein_or_sequence,0.7273,2,0.7273
cauchemars,1,1,2,1,cauchemar,peur,lexicon_prefix_of_marker,0.9,1,0.9474
chimique,1,1,2,1,critique,mepris,fuzzy_levenshtein_or_sequence,0.75,2,0.75
concerner,1,1,2,1,consterner,tristesse,fuzzy_levenshtein_or_sequence,0.8421,2,0.8421
consterné,1,1,2,1,consterner,tristesse,marker_prefix_of_lexicon_term,0.9,1,0.9474
crains,1,1,2,1,crainte,peur,fuzzy_levenshtein_or_sequence,0.7692,2,0.7692
craintes,1,1,2,1,crainte,peur,lexicon_prefix_of_marker,0.875,1,0.9333
craintes,1,1,2,2,craintif,peur,fuzzy_levenshtein_or_sequence,0.75,2,0.75
crocs,1,1,2,1,éros,amour,fuzzy_levenshtein_or_sequence,0.6667,2,0.6667
côte,1,1,2,1,honte,embarras,fuzzy_levenshtein_or_sequence,0.6667,2,0.6667
côte,1,1,2,2,bonté,empathie,fuzzy_levenshtein_or_sequence,0.6667,2,0.6667
d'amour,1,1,2,1,amour,amour,lexicon_substring_of_marker,0.7143,2,0.8333
d'angoisse,1,1,2,1,angoissé,peur,lexicon_substring_of_marker,0.8,2,0.8889
d'angoisse,1,1,2,2,angoisse,peur,lexicon_substring_of_marker,0.8,2,0.8889
dieux,1,1,2,1,odieux,degout,marker_substring_of_lexicon_term,0.8333,1,0.9091
dieux,1,1,2,2,piteux,mepris,fuzzy_levenshtein_or_sequence,0.7273,2,0.7273
dieux,1,1,2,3,rieur,joie,fuzzy_levenshtein_or_sequence,0.6,2,0.6
dieux,1,1,2,4,miséricordieux,empathie,marker_substring_of_lexicon_term,0.3571,9,0.5263
différent,1,1,2,1,déférent,admiration,fuzzy_levenshtein_or_sequence,0.8235,2,0.8235
différent,1,1,2,2,indifférent,impassibilite,marker_substring_of_lexicon_term,0.8182,2,0.9
dramatiques,1,1,2,1,dramatique,tristesse,lexicon_prefix_of_marker,0.9091,1,0.9524
droit,1,1,2,1,dépit,deplaisir,fuzzy_levenshtein_or_sequence,0.6,2,0.6
droit,1,1,2,2,drôle,joie,fuzzy_levenshtein_or_sequence,0.6,2,0.6
décider,1,1,2,1,désirer,desir,fuzzy_levenshtein_or_sequence,0.7143,2,0.7143
décider,1,1,2,2,dépiter,deplaisir,fuzzy_levenshtein_or_sequence,0.7143,2,0.7143
décidé,1,1,2,1,dépité,deplaisir,fuzzy_levenshtein_or_sequence,0.6667,2,0.6667
décidé,1,1,2,2,délice,joie,fuzzy_levenshtein_or_sequence,0.6667,2,0.6667
découragés,1,1,2,1,décourager,tristesse,fuzzy_levenshtein_or_sequence,0.9,1,0.9
découragés,1,1,2,2,courage,audace,lexicon_substring_of_marker,0.7,3,0.8235
dégoutée,1,1,2,1,dégoûté,degout,lexicon_prefix_of_marker,0.875,1,0.9333
dégoutée,1,1,2,2,dégoûter,degout,fuzzy_levenshtein_or_sequence,0.875,1,0.875
dégoutée,1,1,2,3,dégoût,degout,lexicon_prefix_of_marker,0.75,2,0.8571
dégoûtantes,1,1,2,1,dégoûtant,degout,lexicon_prefix_of_marker,0.8182,2,0.9
dégoûtantes,1,1,2,2,dégoût,degout,lexicon_prefix_of_marker,0.5455,5,0.7059
dégoûtants,1,1,2,1,dégoûtant,degout,lexicon_prefix_of_marker,0.9,1,0.9474
dégoûtants,1,1,2,2,dégoût,degout,lexicon_prefix_of_marker,0.6,4,0.75
dégât,1,1,2,1,dégoût,degout,fuzzy_levenshtein_or_sequence,0.7273,2,0.7273
dégât,1,1,2,2,état,non_specifiee,fuzzy_levenshtein_or_sequence,0.6667,2,0.6667
dégât,1,1,2,3,béat,joie,fuzzy_levenshtein_or_sequence,0.6667,2,0.6667
dégât,1,1,2,4,régal,joie,fuzzy_levenshtein_or_sequence,0.6,2,0.6
dégât,1,1,2,5,dépit,deplaisir,fuzzy_levenshtein_or_sequence,0.6,2,0.6
démoralisé,1,1,2,1,démoraliser,tristesse,marker_prefix_of_lexicon_term,0.9091,1,0.9524
démoralisés,1,1,2,1,démoraliser,tristesse,fuzzy_levenshtein_or_sequence,0.9091,1,0.9091
effet,1,1,2,1,affect,non_specifiee,fuzzy_levenshtein_or_sequence,0.7273,2,0.7273
effraient,1,1,2,1,effrayant,peur,fuzzy_levenshtein_or_sequence,0.7778,2,0.7778
embêtées,1,1,2,1,embêter,deplaisir,fuzzy_levenshtein_or_sequence,0.8,2,0.8
engagé,1,1,2,1,enragé,colere,fuzzy_levenshtein_or_sequence,0.8333,1,0.8333
engagé,1,1,2,2,enrager,colere,fuzzy_levenshtein_or_sequence,0.7692,2,0.7692
ennuie,1,1,2,1,ennui,tristesse,lexicon_prefix_of_marker,0.8333,1,0.9091
ennuie,1,1,2,2,ennuyé,tristesse,fuzzy_levenshtein_or_sequence,0.8333,1,0.8333
ennuie,1,1,2,3,ennuyer,tristesse,fuzzy_levenshtein_or_sequence,0.7692,2,0.7692
ennuie,1,1,2,4,envie,desir,fuzzy_levenshtein_or_sequence,0.7273,2,0.7273
entière,1,1,2,1,envier,jalousie,fuzzy_levenshtein_or_sequence,0.7692,2,0.7692
entoure,1,1,2,1,enjoué,joie,fuzzy_levenshtein_or_sequence,0.7692,2,0.7692
entraîne,1,1,2,1,entrain,joie,lexicon_prefix_of_marker,0.875,1,0.9333
entraîner,1,1,2,1,entrain,joie,lexicon_prefix_of_marker,0.7778,2,0.875
erreur,1,1,2,1,terreur,peur,marker_substring_of_lexicon_term,0.8571,1,0.9231
erreur,1,1,2,2,horreur,peur,fuzzy_levenshtein_or_sequence,0.7692,2,0.7692
erreur,1,1,2,3,rieur,joie,fuzzy_levenshtein_or_sequence,0.7273,2,0.7273
erreur,1,1,2,4,fureur,colere,fuzzy_levenshtein_or_sequence,0.6667,2,0.6667
erreurs,1,1,2,1,terreur,peur,fuzzy_levenshtein_or_sequence,0.8571,2,0.8571
exaspérés,1,1,2,1,exaspérer,colere,fuzzy_levenshtein_or_sequence,0.8889,1,0.8889
existant,1,1,2,1,excitant,comportement,fuzzy_levenshtein_or_sequence,0.875,2,0.875
existant,1,1,2,2,exaltant,joie,fuzzy_levenshtein_or_sequence,0.75,2,0.75
existe,1,1,2,1,excité,comportement,fuzzy_levenshtein_or_sequence,0.8333,2,0.8333
existe,1,1,2,2,égoïste,orgueil,fuzzy_levenshtein_or_sequence,0.7692,2,0.7692
existe,1,1,2,3,triste,tristesse,fuzzy_levenshtein_or_sequence,0.6667,2,0.6667
existe,1,1,2,4,exalté,joie,fuzzy_levenshtein_or_sequence,0.6667,2,0.6667
facteur,1,1,2,1,flatteur,admiration,fuzzy_levenshtein_or_sequence,0.8,2,0.8
facteur,1,1,2,2,fâcher,colere,fuzzy_levenshtein_or_sequence,0.7692,2,0.7692
facteur,1,1,2,3,fâcheux,colere,fuzzy_levenshtein_or_sequence,0.7143,2,0.7143
fasse,1,1,2,1,lasser,comportement,fuzzy_levenshtein_or_sequence,0.7273,2,0.7273
fasse,1,1,2,2,fâché,colere,fuzzy_levenshtein_or_sequence,0.6,2,0.6
fasse,1,1,2,3,faute,culpabilite,fuzzy_levenshtein_or_sequence,0.6,2,0.6
faut,1,1,2,1,faute,culpabilite,fuzzy_levenshtein_or_sequence,0.8889,1,0.8889
faut,1,1,2,2,fautif,culpabilite,fuzzy_levenshtein_or_sequence,0.8,2,0.8
fesse,1,1,2,1,liesse,joie,fuzzy_levenshtein_or_sequence,0.7273,2,0.7273
fierter,2,0,2,1,fierté,fierte,lexicon_prefix_of_marker,0.8571,1,0.9231
fierter,2,0,2,2,flirter,amour,fuzzy_levenshtein_or_sequence,0.8571,2,0.8571
fierter,2,0,2,3,alerter,peur,fuzzy_levenshtein_or_sequence,0.7143,2,0.7143
finie,1,1,2,1,fiancé,amour,fuzzy_levenshtein_or_sequence,0.7273,2,0.7273
finie,1,1,2,2,pitié,empathie,fuzzy_levenshtein_or_sequence,0.6,2,0.6
finie,1,1,2,3,pitie,empathie,fuzzy_levenshtein_or_sequence,0.6,2,0.6
finie,1,1,2,4,furie,colere,fuzzy_levenshtein_or_sequence,0.6,2,0.6
finir,2,0,2,1,fier,fierte,fuzzy_levenshtein_or_sequence,0.6667,2,0.6667
foyer,1,1,2,1,fier,fierte,fuzzy_levenshtein_or_sequence,0.6667,2,0.6667
furieuses,1,1,2,1,furie,colere,lexicon_prefix_of_marker,0.5556,4,0.7143
félicite,1,1,2,1,félicité,joie,fuzzy_levenshtein_or_sequence,1.0,0,1.0
graves,1,1,2,1,braver,audace,fuzzy_levenshtein_or_sequence,0.6667,2,0.6667
grosse,1,1,2,1,frousse,peur,fuzzy_levenshtein_or_sequence,0.7692,2,0.7692
habitation,1,1,2,1,agitation,comportement,fuzzy_levenshtein_or_sequence,0.8421,2,0.8421
hilares,1,1,2,1,hilare,joie,lexicon_prefix_of_marker,0.8571,1,0.9231
humiliées,1,1,2,1,humilier,embarras,fuzzy_levenshtein_or_sequence,0.8235,2,0.8235
humiliées,1,1,2,2,humilié,embarras,lexicon_prefix_of_marker,0.7778,2,0.875
humiliés,1,1,2,1,humilié,embarras,lexicon_prefix_of_marker,0.875,1,0.9333
humiliés,1,1,2,2,humilier,embarras,fuzzy_levenshtein_or_sequence,0.875,1,0.875
hurle,1,1,2,1,hurler,comportement,marker_prefix_of_lexicon_term,0.8333,1,0.9091
hurle,1,1,2,2,furie,colere,fuzzy_levenshtein_or_sequence,0.6,2,0.6
hurle,1,1,2,3,hurlement,comportement,marker_prefix_of_lexicon_term,0.5556,4,0.7143
important,1,1,2,1,importun,colere,fuzzy_levenshtein_or_sequence,0.8235,2,0.8235
inattendue,1,1,2,1,tendu,deplaisir,lexicon_substring_of_marker,0.5,5,0.6667
inquiétanter,2,0,2,1,inquiétant,peur,lexicon_prefix_of_marker,0.8333,2,0.9091
inquiétanter,2,0,2,2,inquiet,peur,lexicon_prefix_of_marker,0.5833,5,0.7368
inquiétanter,2,0,2,3,quiet,apaisement,lexicon_substring_of_marker,0.4167,7,0.5882
isolées,1,1,2,1,isoler,tristesse,fuzzy_levenshtein_or_sequence,0.7692,2,0.7692
isolées,1,1,2,2,isolé,tristesse,lexicon_prefix_of_marker,0.7143,2,0.8333
jalousies,1,1,2,1,jalousie,jalousie,lexicon_prefix_of_marker,0.8889,1,0.9412
jalousies,1,1,2,2,jalouser,jalousie,fuzzy_levenshtein_or_sequence,0.8235,2,0.8235
jeune,1,1,2,1,peine,tristesse,fuzzy_levenshtein_or_sequence,0.6,2,0.6
joli,0,2,2,1,jouir,joie,fuzzy_levenshtein_or_sequence,0.6667,2,0.6667
joviales,1,1,2,1,jovial,joie,lexicon_prefix_of_marker,0.75,2,0.8571
joyeuse,1,1,2,1,joyeuseté,joie,marker_prefix_of_lexicon_term,0.7778,2,0.875
joyeuse,1,1,2,2,joyeux,joie,fuzzy_levenshtein_or_sequence,0.7692,2,0.7692
joyeuse,1,1,2,3,joyeusement,joie,marker_prefix_of_lexicon_term,0.6364,4,0.7778
léger,1,1,2,1,vexer,embarras,fuzzy_levenshtein_or_sequence,0.6,2,0.6
léger,1,1,2,2,rager,colere,fuzzy_levenshtein_or_sequence,0.6,2,0.6
légère,1,1,2,1,pépère,apaisement,fuzzy_levenshtein_or_sequence,0.6667,2,0.6667
malheureuses,1,1,2,1,malheur,tristesse,lexicon_prefix_of_marker,0.5833,5,0.7368
mauvaises,1,1,2,1,mauvaiseté,inhumanite,fuzzy_levenshtein_or_sequence,0.8421,2,0.8421
menacées,1,1,2,1,menacer,peur,fuzzy_levenshtein_or_sequence,0.8,2,0.8
menacées,1,1,2,2,menacé,peur,lexicon_prefix_of_marker,0.75,2,0.8571
menacées,1,1,2,3,menace,peur,lexicon_prefix_of_marker,0.75,2,0.8571
menaçants,1,1,2,1,menaçant,peur,lexicon_prefix_of_marker,0.8889,1,0.9412
ministres,1,1,2,1,sinistre,peur,fuzzy_levenshtein_or_sequence,0.8235,2,0.8235
mécontentes,1,1,2,1,mécontenter,colere,fuzzy_levenshtein_or_sequence,0.9091,1,0.9091
mécontentes,1,1,2,2,mécontent,colere,lexicon_prefix_of_marker,0.8182,2,0.9
mécontentes,1,1,2,3,content,joie,lexicon_substring_of_marker,0.6364,4,0.7778
méfiantes,1,1,2,1,méfiance,peur,fuzzy_levenshtein_or_sequence,0.8235,2,0.8235
méfiantes,1,1,2,2,méfiant,peur,lexicon_prefix_of_marker,0.7778,2,0.875
méfiants,1,1,2,1,méfiant,peur,lexicon_prefix_of_marker,0.875,1,0.9333
méfiants,1,1,2,2,défiant,audace,fuzzy_levenshtein_or_sequence,0.8,2,0.8
méfiants,1,1,2,3,méfiance,peur,fuzzy_levenshtein_or_sequence,0.75,2,0.75
neige,1,1,2,1,peine,tristesse,fuzzy_levenshtein_or_sequence,0.6,2,0.4
nerveuse,1,1,2,1,nerveux,comportement,fuzzy_levenshtein_or_sequence,0.8,2,0.8
nerveuse,1,1,2,2,nerveusement,comportement,marker_prefix_of_lexicon_term,0.6667,4,0.8
oeil,2,0,2,1,péril,peur,fuzzy_levenshtein_or_sequence,0.6667,2,0.6667
oeil,2,0,2,2,deuil,tristesse,fuzzy_levenshtein_or_sequence,0.6667,2,0.6667
onde,1,1,2,1,honte,embarras,fuzzy_levenshtein_or_sequence,0.6667,2,0.6667
onde,1,1,2,2,bonté,empathie,fuzzy_levenshtein_or_sequence,0.6667,2,0.6667
ondes,1,1,2,1,condescendre,mepris,marker_substring_of_lexicon_term,0.4167,7,0.5882
ondes,1,1,2,2,condescendant,mepris,marker_substring_of_lexicon_term,0.3846,8,0.5556
ondes,1,1,2,3,condescendance,mepris,marker_substring_of_lexicon_term,0.3571,9,0.5263
opposer,1,1,2,1,reposer,apaisement,fuzzy_levenshtein_or_sequence,0.7143,2,0.7143
opposé,1,1,2,1,reposé,apaisement,fuzzy_levenshtein_or_sequence,0.6667,2,0.6667
passe,1,1,2,1,spasme,comportement,fuzzy_levenshtein_or_sequence,0.7273,2,0.7273
passe,1,1,2,2,lasser,comportement,fuzzy_levenshtein_or_sequence,0.7273,2,0.7273
passe,1,1,2,3,apaisé,apaisement,fuzzy_levenshtein_or_sequence,0.7273,2,0.7273
passe,1,1,2,4,pâle,comportement,fuzzy_levenshtein_or_sequence,0.6667,2,0.6667
passe,1,1,2,5,outrepasser,audace,marker_substring_of_lexicon_term,0.4545,6,0.625
patron,1,1,2,1,poltron,peur,fuzzy_levenshtein_or_sequence,0.7692,2,0.7692
peines,1,1,2,1,peine,tristesse,lexicon_prefix_of_marker,0.8333,1,0.9091
peines,1,1,2,2,peiner,tristesse,fuzzy_levenshtein_or_sequence,0.8333,1,0.8333
petite,1,1,2,1,pitié,empathie,fuzzy_levenshtein_or_sequence,0.7273,2,0.7273
petite,1,1,2,2,pitie,empathie,fuzzy_levenshtein_or_sequence,0.7273,2,0.7273
petite,1,1,2,3,peine,tristesse,fuzzy_levenshtein_or_sequence,0.7273,2,0.7273
petite,1,1,2,4,dépité,deplaisir,fuzzy_levenshtein_or_sequence,0.6667,2,0.6667
piste,1,1,2,1,pitié,empathie,fuzzy_levenshtein_or_sequence,0.8,2,0.8
piste,1,1,2,2,pitie,empathie,fuzzy_levenshtein_or_sequence,0.8,2,0.8
piste,1,1,2,3,triste,tristesse,fuzzy_levenshtein_or_sequence,0.7273,2,0.7273
piste,1,1,2,4,piètre,mepris,fuzzy_levenshtein_or_sequence,0.7273,2,0.7273
piste,1,1,2,5,pester,colere,fuzzy_levenshtein_or_sequence,0.7273,2,0.7273
pistes,1,1,2,1,pester,colere,fuzzy_levenshtein_or_sequence,0.6667,2,0.6667
poisson,1,1,2,1,frisson,comportement,fuzzy_levenshtein_or_sequence,0.7143,2,0.7143
possible,1,1,2,1,paisible,apaisement,fuzzy_levenshtein_or_sequence,0.75,2,0.75
proposer,1,1,2,1,reposer,apaisement,fuzzy_levenshtein_or_sequence,0.8,2,0.8
provoque,1,1,2,1,provoquer,non_specifiee,marker_prefix_of_lexicon_term,0.8889,1,0.9412
préoccupants,1,1,2,1,préoccupant,peur,lexicon_prefix_of_marker,0.9167,1,0.9565
punir,1,1,2,1,pâlir,comportement,fuzzy_levenshtein_or_sequence,0.6,2,0.6
quelqu,1,1,2,1,en vouloir à quelqu'un,ressentiment,marker_substring_of_lexicon_term,0.2727,16,0.4286
redoutant,1,1,2,1,rebutant,degout,fuzzy_levenshtein_or_sequence,0.8235,2,0.8235
redoutant,1,1,2,2,révoltant,colere,fuzzy_levenshtein_or_sequence,0.7778,2,0.7778
redoutant,1,1,2,3,dégoûtant,degout,fuzzy_levenshtein_or_sequence,0.7778,2,0.7778
redouté,1,1,2,1,redouter,peur,marker_prefix_of_lexicon_term,0.875,1,0.9333
redouté,1,1,2,2,révolté,colere,fuzzy_levenshtein_or_sequence,0.7143,2,0.7143
redouté,1,1,2,3,révolte,colere,fuzzy_levenshtein_or_sequence,0.7143,2,0.7143
redouté,1,1,2,4,dégoûté,degout,fuzzy_levenshtein_or_sequence,0.7143,2,0.7143
refuser,1,1,2,1,reposer,apaisement,fuzzy_levenshtein_or_sequence,0.7143,2,0.7143
refuser,1,1,2,2,rebuter,degout,fuzzy_levenshtein_or_sequence,0.7143,2,0.7143
refusé,1,1,2,1,reposé,apaisement,fuzzy_levenshtein_or_sequence,0.6667,2,0.6667
rejeter,1,1,2,1,rebuter,degout,fuzzy_levenshtein_or_sequence,0.7143,2,0.7143
remette,1,1,2,1,venette,peur,fuzzy_levenshtein_or_sequence,0.7143,2,0.7143
remord,0,2,2,1,remords,culpabilite,marker_prefix_of_lexicon_term,0.8571,1,0.9231
rende,1,1,2,1,tendre,amour,fuzzy_levenshtein_or_sequence,0.7273,2,0.7273
rende,1,1,2,2,tendu,deplaisir,fuzzy_levenshtein_or_sequence,0.6,2,0.6
respectent,1,1,2,1,respecter,admiration,fuzzy_levenshtein_or_sequence,0.8421,2,0.8421
respectent,1,1,2,2,respect,admiration,lexicon_prefix_of_marker,0.7,3,0.8235
revenant,1,1,2,1,repentant,culpabilite,fuzzy_levenshtein_or_sequence,0.8235,2,0.8235
rigolos,1,1,2,1,rigolo,joie,lexicon_prefix_of_marker,0.8571,1,0.9231
rigolos,1,1,2,2,rigoler,joie,fuzzy_levenshtein_or_sequence,0.7143,2,0.7143
rigolotes,1,1,2,1,rigolo,joie,lexicon_prefix_of_marker,0.6667,3,0.8
rouge,1,1,2,1,rogne,colere,fuzzy_levenshtein_or_sequence,0.8,2,0.8
rouge,1,1,2,2,rougir,comportement,fuzzy_levenshtein_or_sequence,0.7273,2,0.7273
rouge,1,1,2,3,rage,colere,fuzzy_levenshtein_or_sequence,0.6667,2,0.6667
rouges,1,1,2,1,rougir,comportement,fuzzy_levenshtein_or_sequence,0.6667,2,0.6667
réduire,1,1,2,1,séduire,amour,fuzzy_levenshtein_or_sequence,0.8571,1,0.8571
réjouissent,1,1,2,1,réjouissant,joie,fuzzy_levenshtein_or_sequence,0.9091,1,0.9091
réponde,1,1,2,1,reposé,apaisement,fuzzy_levenshtein_or_sequence,0.7692,2,0.7692
réserver,1,1,2,1,énerver,colere,fuzzy_levenshtein_or_sequence,0.8,2,0.8
s'inquiète,1,1,2,1,inquiet,peur,lexicon_substring_of_marker,0.7,3,0.8235
s'inquiète,1,1,2,2,quiet,apaisement,lexicon_substring_of_marker,0.5,5,0.6667
sacrer,1,1,2,1,navrer,tristesse,fuzzy_levenshtein_or_sequence,0.6667,2,0.6667
sacrer,1,1,2,2,marrer,joie,fuzzy_levenshtein_or_sequence,0.6667,2,0.6667
sacrer,1,1,2,3,fâcher,colere,fuzzy_levenshtein_or_sequence,0.6667,2,0.6667
salarié,1,1,2,1,alarme,peur,fuzzy_levenshtein_or_sequence,0.7692,2,0.7692
satisfaites,1,1,2,1,satisfaire,joie,fuzzy_levenshtein_or_sequence,0.8571,2,0.8571
satisfaites,1,1,2,2,satisfait,joie,lexicon_prefix_of_marker,0.8182,2,0.9
satisfaits,1,1,2,1,satisfait,joie,lexicon_prefix_of_marker,0.9,1,0.9474
satisfaits,1,1,2,2,satisfaire,joie,fuzzy_levenshtein_or_sequence,0.8,2,0.8
secret,1,1,2,1,regret,culpabilite,fuzzy_levenshtein_or_sequence,0.6667,2,0.6667
sensibles,1,1,2,1,sensible,non_specifiee,lexicon_prefix_of_marker,0.8889,1,0.9412
serait,1,1,2,1,serein,apaisement,fuzzy_levenshtein_or_sequence,0.6667,2,0.6667
sidéré,1,1,2,1,sidérer,surprise,marker_prefix_of_lexicon_term,0.8571,1,0.9231
sidéré,1,1,2,2,misère,tristesse,fuzzy_levenshtein_or_sequence,0.6667,2,0.6667
sidéré,1,1,2,3,considéré,admiration,marker_substring_of_lexicon_term,0.6667,3,0.8
sidéré,1,1,2,4,considérer,admiration,marker_substring_of_lexicon_term,0.6,4,0.75
sidéré,1,1,2,5,déconsidérer,mepris,marker_substring_of_lexicon_term,0.5,6,0.6667
sidérés,1,1,2,1,sidérer,surprise,fuzzy_levenshtein_or_sequence,0.8571,1,0.8571
site,1,1,2,1,pitié,empathie,fuzzy_levenshtein_or_sequence,0.6667,2,0.6667
site,1,1,2,2,pitie,empathie,fuzzy_levenshtein_or_sequence,0.6667,2,0.6667
site,1,1,2,3,gaîté,joie,fuzzy_levenshtein_or_sequence,0.6667,2,0.6667
site,1,1,2,4,agité,comportement,fuzzy_levenshtein_or_sequence,0.6667,2,0.6667
soucis,1,1,2,1,souci,peur,lexicon_prefix_of_marker,0.8333,1,0.9091
soucis,1,1,2,2,soucier,peur,fuzzy_levenshtein_or_sequence,0.7692,2,0.7692
souffre,1,1,2,1,sourire,comportement,fuzzy_levenshtein_or_sequence,0.7143,2,0.7143
source,1,1,2,1,sourire,comportement,fuzzy_levenshtein_or_sequence,0.7692,2,0.7692
source,1,1,2,2,souci,peur,fuzzy_levenshtein_or_sequence,0.7273,2,0.7273
subi,1,1,2,1,souci,peur,fuzzy_levenshtein_or_sequence,0.6667,2,0.6667
surprenants,1,1,2,1,surprenant,surprise,lexicon_prefix_of_marker,0.9091,1,0.9524
surprend,1,1,2,1,surprendre,surprise,marker_prefix_of_lexicon_term,0.8,2,0.8889
sympas,1,1,2,1,sympa,amour,lexicon_prefix_of_marker,0.8333,1,0.9091
terre,1,1,2,1,tendre,amour,fuzzy_levenshtein_or_sequence,0.7273,2,0.7273
terre,1,1,2,2,terreur,peur,marker_prefix_of_lexicon_term,0.7143,2,0.8333
terres,1,1,2,1,terreur,peur,fuzzy_levenshtein_or_sequence,0.7692,2,0.7692
terrifiants,1,1,2,1,terrifiant,peur,lexicon_prefix_of_marker,0.9091,1,0.9524
timides,1,1,2,1,timide,peur,lexicon_prefix_of_marker,0.8571,1,0.9231
végan,1,1,2,1,vexant,embarras,fuzzy_levenshtein_or_sequence,0.7273,2,0.7273
végan,1,1,2,2,régal,joie,fuzzy_levenshtein_or_sequence,0.6,2,0.6
végans,1,1,2,1,vexant,embarras,fuzzy_levenshtein_or_sequence,0.6667,2,0.6667
zone,1,1,2,1,rogne,colere,fuzzy_levenshtein_or_sequence,0.6667,2,0.6667
zone,1,1,2,2,morne,tristesse,fuzzy_levenshtein_or_sequence,0.6667,2,0.6667
zone,1,1,2,3,honte,embarras,fuzzy_levenshtein_or_sequence,0.6667,2,0.6667
zone,1,1,2,4,bonté,empathie,fuzzy_levenshtein_or_sequence,0.6667,2,0.6667
écraser,1,1,2,1,enrager,colere,fuzzy_levenshtein_or_sequence,0.7143,2,0.7143
écroule,1,1,2,1,éprouvé,non_specifiee,fuzzy_levenshtein_or_sequence,0.7143,2,0.7143
élevé,1,1,2,1,énervé,colere,fuzzy_levenshtein_or_sequence,0.7273,2,0.7273
élève,1,1,2,1,énervé,colere,fuzzy_levenshtein_or_sequence,0.7273,2,0.7273
évoluer,1,1,2,1,révolter,colere,fuzzy_levenshtein_or_sequence,0.8,2,0.8
œuvre,1,1,2,1,outré,colere,fuzzy_levenshtein_or_sequence,0.6,2,0.6
affligé,0,1,1,1,affliger,tristesse,marker_prefix_of_lexicon_term,0.875,1,0.9333
affligé,0,1,1,2,affligeant,tristesse,marker_prefix_of_lexicon_term,0.7,3,0.8235
angoissante,1,0,1,1,angoissant,peur,lexicon_prefix_of_marker,0.9091,1,0.9524
animer,1,0,1,1,aimer,amour,fuzzy_levenshtein_or_sequence,0.9091,1,0.9091
animer,1,0,1,2,agiter,comportement,fuzzy_levenshtein_or_sequence,0.6667,2,0.6667
blessé,0,1,1,1,liesse,joie,fuzzy_levenshtein_or_sequence,0.8333,2,0.8333
blessé,0,1,1,2,blasé,degout,fuzzy_levenshtein_or_sequence,0.7273,2,0.7273
boucher,1,0,1,1,bouder,colere,fuzzy_levenshtein_or_sequence,0.7692,2,0.7692
boucher,1,0,1,2,soucier,peur,fuzzy_levenshtein_or_sequence,0.7143,2,0.7143
crain,1,0,1,1,câlin,amour,fuzzy_levenshtein_or_sequence,0.8,2,0.8
crain,1,0,1,2,copain,amour,fuzzy_levenshtein_or_sequence,0.7273,2,0.7273
crain,1,0,1,3,crainte,peur,marker_prefix_of_lexicon_term,0.7143,2,0.8333
crain,1,0,1,4,vain,orgueil,fuzzy_levenshtein_or_sequence,0.6667,2,0.6667
crain,1,0,1,5,craintif,peur,marker_prefix_of_lexicon_term,0.625,3,0.7692
craintife,0,1,1,1,craintif,peur,lexicon_prefix_of_marker,0.8889,1,0.9412
craintife,0,1,1,2,crainte,peur,fuzzy_levenshtein_or_sequence,0.875,2,0.875
découragé,0,1,1,1,décourager,tristesse,marker_prefix_of_lexicon_term,0.9,1,0.9474
découragé,0,1,1,2,courage,audace,lexicon_substring_of_marker,0.7778,2,0.875
découragé,0,1,1,3,décourageant,tristesse,marker_prefix_of_lexicon_term,0.75,3,0.8571
découragé,0,1,1,4,découragement,tristesse,marker_prefix_of_lexicon_term,0.6923,4,0.8182
dégeuler,1,0,1,1,dégoûter,degout,fuzzy_levenshtein_or_sequence,0.75,2,0.75
dégouteee,1,0,1,1,dégoûter,degout,fuzzy_levenshtein_or_sequence,0.8235,2,0.8235
dégouteee,1,0,1,2,dégoûté,degout,lexicon_prefix_of_marker,0.7778,2,0.875
dégouteee,1,0,1,3,dégoût,degout,lexicon_prefix_of_marker,0.6667,3,0.8
dégouter,1,0,1,1,dégoûter,degout,fuzzy_levenshtein_or_sequence,1.0,0,1.0
dégouter,1,0,1,2,dégoûté,degout,lexicon_prefix_of_marker,0.875,1,0.9333
dégouter,1,0,1,3,dégoût,degout,lexicon_prefix_of_marker,0.75,2,0.8571
dégouter,1,0,1,4,redouter,peur,fuzzy_levenshtein_or_sequence,0.75,2,0.75
dégouté,0,1,1,1,dégoûté,degout,fuzzy_levenshtein_or_sequence,1.0,0,1.0
dégouté,0,1,1,2,dégoûter,degout,marker_prefix_of_lexicon_term,0.875,1,0.9333
dégouté,0,1,1,3,dégoût,degout,lexicon_prefix_of_marker,0.8571,1,0.9231
délic,1,0,1,1,délice,joie,marker_prefix_of_lexicon_term,0.8333,1,0.9091
délic,1,0,1,2,désir,desir,fuzzy_levenshtein_or_sequence,0.6,2,0.6
délic,1,0,1,3,dépit,deplaisir,fuzzy_levenshtein_or_sequence,0.6,2,0.6
délic,1,0,1,4,deuil,tristesse,fuzzy_levenshtein_or_sequence,0.6,2,0.6
délic,1,0,1,5,délicieux,joie,marker_prefix_of_lexicon_term,0.5556,4,0.7143
déranger,1,0,1,1,danger,peur,fuzzy_levenshtein_or_sequence,0.8571,2,0.8571
désespérémer,1,0,1,1,désespérer,tristesse,fuzzy_levenshtein_or_sequence,0.9091,2,0.9091
désespérémer,1,0,1,2,désespéré,tristesse,lexicon_prefix_of_marker,0.75,3,0.8571
désoler,1,0,1,1,isoler,tristesse,fuzzy_levenshtein_or_sequence,0.7692,2,0.7692
désoler,1,0,1,2,désirer,desir,fuzzy_levenshtein_or_sequence,0.7143,2,0.7143
effrai,1,0,1,1,effroi,peur,fuzzy_levenshtein_or_sequence,0.8333,1,0.8333
entour,1,0,1,1,engouer,amour,fuzzy_levenshtein_or_sequence,0.7692,2,0.7692
entour,1,0,1,2,enjoué,joie,fuzzy_levenshtein_or_sequence,0.6667,2,0.6667
entourer,0,1,1,1,énamourer,amour,fuzzy_levenshtein_or_sequence,0.8235,2,0.8235
entourer,0,1,1,2,engouer,amour,fuzzy_levenshtein_or_sequence,0.8,2,0.8
exaspéré,0,1,1,1,exaspérer,colere,marker_prefix_of_lexicon_term,0.8889,1,0.9412
fissurer,1,0,1,1,rassurer,apaisement,fuzzy_levenshtein_or_sequence,0.75,2,0.75
froisser,1,0,1,1,frousse,peur,fuzzy_levenshtein_or_sequence,0.8,2,0.8
furieur,0,1,1,1,fureur,colere,fuzzy_levenshtein_or_sequence,0.9231,1,0.9231
furieur,0,1,1,2,furieux,colere,fuzzy_levenshtein_or_sequence,0.8571,1,0.8571
furieur,0,1,1,3,rieur,joie,lexicon_substring_of_marker,0.7143,2,0.8333
furieur,0,1,1,4,furie,colere,lexicon_prefix_of_marker,0.7143,2,0.8333
furieur,0,1,1,5,curieux,desir,fuzzy_levenshtein_or_sequence,0.7143,2,0.7143
fâchai,1,0,1,1,fâché,colere,fuzzy_levenshtein_or_sequence,0.7273,2,0.7273
fâchai,1,0,1,2,fâcher,colere,fuzzy_levenshtein_or_sequence,0.6667,2,0.6667
gronder,1,0,1,1,grogner,comportement,fuzzy_levenshtein_or_sequence,0.8571,2,0.8571
humiliée,0,1,1,1,humilié,embarras,lexicon_prefix_of_marker,0.875,1,0.9333
humiliée,0,1,1,2,humilier,embarras,fuzzy_levenshtein_or_sequence,0.875,1,0.875
hôtel,1,0,1,1,honte,embarras,fuzzy_levenshtein_or_sequence,0.8,2,0.8
idol,1,0,1,1,isolé,tristesse,fuzzy_levenshtein_or_sequence,0.6667,2,0.6667
joviale,0,1,1,1,jovialité,joie,fuzzy_levenshtein_or_sequence,0.875,2,0.875
joviale,0,1,1,2,jovial,joie,lexicon_prefix_of_marker,0.8571,1,0.9231
joviale,0,1,1,3,jovialement,joie,marker_prefix_of_lexicon_term,0.6364,4,0.7778
mener,0,1,1,1,menacer,peur,fuzzy_levenshtein_or_sequence,0.8333,2,0.8333
mener,0,1,1,2,tenter,desir,fuzzy_levenshtein_or_sequence,0.7273,2,0.7273
mener,0,1,1,3,peiner,tristesse,fuzzy_levenshtein_or_sequence,0.7273,2,0.7273
mener,0,1,1,4,méfier,peur,fuzzy_levenshtein_or_sequence,0.7273,2,0.7273
mener,0,1,1,5,vexer,embarras,fuzzy_levenshtein_or_sequence,0.6,2,0.6
montr,1,0,1,1,monstre,peur,fuzzy_levenshtein_or_sequence,0.8333,2,0.8333
montr,1,0,1,2,honte,embarras,fuzzy_levenshtein_or_sequence,0.6,2,0.6
montr,1,0,1,3,bonté,empathie,fuzzy_levenshtein_or_sequence,0.6,2,0.6
mécontentemer,1,0,1,1,mécontenter,colere,fuzzy_levenshtein_or_sequence,0.9167,2,0.9167
mécontentemer,1,0,1,2,mécontentement,colere,fuzzy_levenshtein_or_sequence,0.8889,2,0.8889
mécontentemer,1,0,1,3,mécontent,colere,lexicon_prefix_of_marker,0.6923,4,0.8182
mécontentemer,1,0,1,4,content,joie,lexicon_substring_of_marker,0.5385,6,0.7
méfiante,0,1,1,1,méfiant,peur,lexicon_prefix_of_marker,0.875,1,0.9333
méfiante,0,1,1,2,méfiance,peur,fuzzy_levenshtein_or_sequence,0.875,1,0.875
méfiante,0,1,1,3,défiant,audace,fuzzy_levenshtein_or_sequence,0.8,2,0.8
méfiante,0,1,1,4,défiance,audace,fuzzy_levenshtein_or_sequence,0.75,2,0.75
perd,1,0,1,1,péril,peur,fuzzy_levenshtein_or_sequence,0.6667,2,0.6667
ragoûter,1,0,1,1,redouter,peur,fuzzy_levenshtein_or_sequence,0.75,2,0.75
ragoûter,1,0,1,2,dégoûter,degout,fuzzy_levenshtein_or_sequence,0.75,2,0.75
redémarrer,1,0,1,1,marrer,joie,lexicon_substring_of_marker,0.6,4,0.75
rend,1,0,1,1,tendu,deplaisir,fuzzy_levenshtein_or_sequence,0.6667,2,0.6667
rendre,0,1,1,1,tendre,amour,fuzzy_levenshtein_or_sequence,0.8333,1,0.8333
rendre,0,1,1,2,surprendre,surprise,marker_substring_of_lexicon_term,0.6,4,0.75
retenir,1,0,1,1,repentir,culpabilite,fuzzy_levenshtein_or_sequence,0.8,2,0.8
rigolot,0,1,1,1,rigolo,joie,lexicon_prefix_of_marker,0.8571,1,0.9231
rigolot,0,1,1,2,rigoler,joie,fuzzy_levenshtein_or_sequence,0.7143,2,0.7143
réagir,0,1,1,1,ravir,joie,fuzzy_levenshtein_or_sequence,0.7273,2,0.7273
réagir,0,1,1,2,rager,colere,fuzzy_levenshtein_or_sequence,0.7273,2,0.7273
réagir,0,1,1,3,rougir,comportement,fuzzy_levenshtein_or_sequence,0.6667,2,0.6667
sévir,1,0,1,1,ravir,joie,fuzzy_levenshtein_or_sequence,0.6,2,0.6
sévir,1,0,1,2,gémir,tristesse,fuzzy_levenshtein_or_sequence,0.6,2,0.6
sévir,1,0,1,3,désir,desir,fuzzy_levenshtein_or_sequence,0.6,2,0.6
taire,1,0,1,1,plaire,amour,fuzzy_levenshtein_or_sequence,0.7273,2,0.7273
taire,1,0,1,2,rire,joie,fuzzy_levenshtein_or_sequence,0.6667,2,0.6667
taire,1,0,1,3,haïr,ressentiment,fuzzy_levenshtein_or_sequence,0.6667,2,0.6667
taire,1,0,1,4,haine,ressentiment,fuzzy_levenshtein_or_sequence,0.6,2,0.6
taire,1,0,1,5,gaîté,joie,fuzzy_levenshtein_or_sequence,0.6,2,0.6
traumatiser,1,0,1,1,dramatiser,tristesse,fuzzy_levenshtein_or_sequence,0.8571,2,0.8571
écrouler,0,1,1,1,éprouver,non_specifiee,fuzzy_levenshtein_or_sequence,0.75,2,0.75
écœurer,1,0,1,1,épeurer,peur,fuzzy_levenshtein_or_sequence,0.7143,2,0.7143
épouvant,1,0,1,1,épouvante,peur,marker_prefix_of_lexicon_term,0.8889,1,0.9412
épouvant,1,0,1,2,émouvant,non_specifiee,fuzzy_levenshtein_or_sequence,0.875,1,0.875
épouvant,1,0,1,3,épouvanter,peur,marker_prefix_of_lexicon_term,0.8,2,0.8889
épouvant,1,0,1,4,épouvantail,peur,marker_prefix_of_lexicon_term,0.7273,3,0.8421
épouvant,1,0,1,5,épouvantable,peur,marker_prefix_of_lexicon_term,0.6667,4,0.8
