marker_value,spacy_count,stanza_count
"""",2,2
',21,21
(,4,4
),4,4
",",42,42
-,22,22
.,2,2
abasourdi,2,2
abattus,2,2
aborder,2,2
abusivement,2,2
accablés,2,2
accepter,2,2
accord,2,2
achever,1,1
achevé,1,1
activité,1,1
activités,1,1
actrice,1,2
actuel,2,2
adjuvant,1,1
adjuvants,1,1
admirable,4,4
admirait,2,4
admiratif,1,1
admiratifs,1,1
admiration,4,4
admire,2,1
admirent,2,1
admirer,9,9
admiré,2,1
admirée,1,2
adulte,4,4
adultes,2,2
adversaire,2,2
affligés,1,1
affolé,2,2
affolée,2,4
affreuse,2,4
affront,2,2
afin,2,2
agace,2,2
agacer,2,2
agaçant,2,2
agir,2,2
agressif,2,2
agression,4,4
agroalimentaire,1,1
agroalimentaires,1,1
agréable,6,6
agung,2,2
aient,1,1
air,2,2
aise,12,12
ait,2,2
ajouter,2,2
akhenaton,4,4
alarmant,5,4
alarmante,2,4
alarmantes,1,1
alarmants,1,1
alerte,2,2
alimentaire,2,2
amazonienne,2,4
amour,3,3
amusant,13,8
amusante,3,8
amusantes,2,2
amuse,5,10
amusent,4,4
amuser,7,4
amusé,2,4
amusée,1,2
américain,1,1
américaine,1,1
an,4,4
ancien,2,2
ancêtre,1,1
ancêtres,1,1
angoissantes,1,1
angoisse,9,9
angoisser,5,4
angoisses,2,2
angoissé,2,3
angoissés,1,1
animal,5,5
animaux,3,3
animé,1,2
année,2,2
années,2,2
anonymement,2,2
ans,4,4
antenne,1,1
antennes,1,1
antibiotique,1,1
antibiotiques,1,1
anéanti,2,2
anéantis,2,2
apparition,2,2
appartenaient,1,1
appartenir,1,1
apprendre,2,2
apprécier,2,2
apprécié,2,2
après,2,2
arbre,2,2
argent,4,4
arme,2,2
armstrong,4,4
arrive,1,1
arriver,2,2
arrivé,1,1
arrivée,4,4
arrêtent,1,1
arrêter,1,1
artiste,3,3
artistes,1,1
assez,38,38
athlète,1,1
athlètes,1,1
attaque,1,1
attaquent,2,2
attaquer,2,2
attaques,1,1
attentat,5,5
attentats,1,1
atterrés,2,2
attristant,1,2
attristé,1,2
au-delà,1,1
augmentation,4,4
augmente,1,1
autant,6,6
autoriser,1,1
autorisé,1,1
autour,2,2
avant,10,10
avenir,2,2
avril,2,2
bactérie,1,1
bactéries,1,1
baigner,2,2
banal,2,2
bd,2,2
beau,1,1
beaucoup,36,36
beauté,2,2
beaux,1,1
besoin,3,3
besoins,1,1
bien-être,1,1
blague,4,4
blagues,4,4
blessant,1,1
blessants,1,1
blessent,2,4
blessée,1,1
boire,2,2
bolos,2,1
bon,7,7
bonbon,1,1
bonbons,1,1
bonheur,24,24
bonne,4,4
bonnes,1,1
bouchers-charcutiers,1,1
boudeuse,1,2
brexit,2,2
bâtiment,1,1
bâtiments,1,1
bégayer,2,2
c'est,2,2
calédoniens,1,2
campagne,4,4
cancer,4,4
carburant,6,6
cas,2,2
cauchemar,7,7
cauchemars,1,1
cause,4,4
centrale,2,1
certain,3,4
certaine,2,1
certaines,1,1
chagrin,4,4
challenger,2,2
chambre,2,2
chanceux,2,2
changement,2,2
chapeau,2,2
chercher,2,2
chien,2,2
chimique,1,1
chimiques,1,1
chine,6,6
chinois,4,4
chirac,2,2
choc,8,8
choisie,1,1
choisir,1,1
choquait,2,4
choquant,6,8
choquante,16,18
choquantes,14,14
choquent,1,2
choquer,46,37
choqué,25,25
choquée,3,5
choquées,2,2
choqués,5,5
chose,5,5
choses,5,5
chouette,2,2
citoyen,3,3
citoyens,3,3
civil,1,1
civile,1,1
climatique,4,4
clinton,2,2
coeur,2,2
colonie,2,2
colère,92,104
colérique,2,2
comblé,1,2
comment,2,2
commun,2,2
communique,1,1
complot,2,2
complètement,4,4
comprendre,4,4
concerne,1,1
concerner,1,1
condition,2,2
conditions,2,2
conflit,4,4
consoler,2,2
consterner,1,1
consterné,1,1
consternée,2,2
conséquence,1,1
conséquences,1,1
contamination,1,1
contaminations,1,1
content,34,34
contente,12,12
contentes,2,2
contents,16,16
contradiction,2,2
contrarie,2,1
contre,24,24
contrecœur,2,2
conversation,2,2
cool,12,12
coqueluche,2,2
coquillette,1,1
coquillettes,1,1
corps,4,4
corée,8,8
couloir,1,1
couloirs,1,1
coup,1,1
coupable,6,6
coups,1,1
cours,4,4
couvert,2,2
covid,2,3
coût,2,2
craignaient,6,3
craignait,1,1
craignant,1,1
craignent,31,18
craignon,1,1
craignons,1,1
craindre,24,40
crains,1,1
craint,9,8
crainte,1,3
craintes,1,1
craintives,1,1
crise,4,4
croc,1,1
crocs,1,1
croie,1,2
croient,1,1
croire,4,3
croiser,2,2
culpabilisé,1,2
curieuse,1,2
cyclone,2,2
célébré,2,1
cérémonie,2,2
côte,1,1
côtes,1,1
d'amour,1,1
d'angoisse,1,1
d'autre,1,1
d'autres,1,1
d'avoir,1,1
danger,60,60
dangereuse,18,13
dangereuses,11,11
dangereux,93,134
dangers,2,2
decu,2,2
degeulasse,4,4
degoute,4,4
degouter,6,4
degoutez,1,2
degoutée,1,2
dernier,2,2
derniers,1,1
dernières,1,1
derrière,2,2
desole,2,2
dessin,2,2
deuil,2,2
deuxième,2,2
devant,2,2
devraient,1,1
deçu,2,2
dictature,2,2
dieu,3,3
dieux,1,1
différent,1,1
différents,1,1
dirigeant,3,3
dirigeants,1,1
diriger,1,1
dirigé,1,1
divertissement,2,2
doigt,2,2
doigts,2,2
dommage,2,2
donald,6,6
dramatique,3,3
dramatiques,1,1
drame,4,4
droit,1,1
droits,1,1
drole,6,6
drôle,40,40
drôles,2,2
débouche,1,1
déception,2,2
décevoir,7,17
décider,1,1
décidé,1,1
déclenchement,2,2
décontenancée,1,2
décourage,6,6
découragés,1,1
découvre,1,1
découvrir,1,1
déforestation,2,2
dégager,4,4
dégeulasse,1,2
dégoute,2,2
dégouteeee,1,2
dégoutée,1,1
dégoût,2,2
dégoûtant,2,4
dégoûtantes,1,1
dégoûtants,1,1
dégoûtée,1,2
dégradant,1,1
dégradantes,1,1
déguster,2,2
dégât,1,1
dégâts,1,1
déjà,4,4
délice,1,2
démoralisé,1,1
démoralisés,1,1
dépenser,2,2
dépressif,2,2
dépression,13,13
dépressions,1,1
déprime,2,2
déprimer,2,2
dérange,16,16
dérangera,1,2
désagréable,4,4
désapprouvent,2,1
désavantagés,1,1
désespérer,4,3
désespéré,2,3
désespérément,1,2
désespérés,2,2
déshonorant,2,2
désolé,2,3
désolée,1,1
détresse,6,6
détruire,6,6
dévalorisant,1,1
dévalorisants,1,1
développement,2,2
déçu,11,5
déçue,10,6
déçus,4,4
dû,1,1
eau,1,1
eaux,1,1
effet,1,1
effets,1,1
effondrer,5,5
effondrée,1,1
effraie,1,2
effraient,1,1
effrayant,9,11
effrayante,1,2
effrayants,5,5
effrayer,11,8
effrayé,5,5
effrayée,2,2
effrayés,2,2
elizabeth,2,2
emballés,1,1
embarrassée,2,2
embêtant,8,8
embête,6,6
embêter,7,2
embêté,2,4
embêtée,2,5
embêtées,1,1
emmanuel,4,4
employé,1,1
employés,1,1
emporte,1,1
emporter,1,1
encore,6,6
encourageant,2,2
endeuillée,2,2
endroit,2,2
enfant,6,6
enfants,2,2
engager,3,3
engagé,1,1
engouement,4,4
ennui,2,2
ennuie,1,1
ennuis,2,2
ennuyer,1,1
enrager,3,3
enragé,1,1
ensuite,2,2
enthousiasmante,2,2
enthousiasme,9,12
entière,1,1
entières,1,1
entoure,1,1
entraîne,1,1
entraîner,1,1
environnement,4,4
er,2,2
erreur,1,1
erreurs,1,1
espionner,1,1
espionnées,1,1
etats-unis,2,2
europe,4,4
européen,1,1
européens,1,1
exaspération,2,2
exaspérés,1,1
exceptionnel,6,9
exceptionnelle,6,3
exceptionnels,2,2
excitant,2,2
excitée,2,4
excuse,1,2
exemple,2,2
existant,1,1
existants,1,1
existe,1,1
existent,1,1
exister,2,2
exploit,6,6
exploitation,2,2
exploiter,2,2
exploits,2,2
expulsion,2,2
extension,2,2
extraordinaire,5,5
extraordinaires,1,1
extrêmement,4,4
fabuleux,4,4
facilement,2,2
facteur,1,1
facteurs,1,1
faisaient,1,1
faisait,1,1
faisant,2,2
falloir,1,1
famille,2,2
fan,6,6
fans,2,2
fascinée,2,4
fasse,1,1
faut,1,1
faute,6,6
façon,4,4
femme,5,5
femmes,3,3
ferait,1,1
fesse,1,1
fesses,1,1
festival,2,2
feu,2,2
fi,2,2
fier,24,24
fiere,2,2
fiers,2,2
fierté,12,14
fille,1,1
filles,1,1
film,2,2
finie,1,1
finisse,1,2
fissurée,1,2
fière,11,11
fières,3,3
fois,4,4
folâtre,4,4
fonctionnent,1,1
fonctionner,1,1
forme,2,2
formidable,6,6
fortement,6,6
forêt,6,6
fou,18,18
foyer,1,1
foyers,1,1
france,6,6
français,5,4
françaises,1,1
frappé,2,1
frayeur,2,2
frein,2,2
frimer,4,4
froid,2,2
froissé,1,2
frustrant,2,4
frustrée,1,2
frère,4,4
fuir,2,2
fun,4,4
fureur,2,2
furieuses,1,1
furieux,7,6
fâchais,1,2
fâcher,4,2
fâché,6,7
fâchée,1,2
fâchés,5,5
félicite,1,1
féliciter,2,2
félicité,2,1
félicitée,1,2
gagner,6,6
gaie,2,2
gaîment,2,2
genre,2,2
gens,6,6
glace,2,2
globalement,2,2
godzilla,2,2
gouvernement,2,2
gouverner,1,1
gouverné,1,1
grand,25,25
grande,9,9
grave,9,9
graves,1,1
grognon,2,2
gronde,1,2
gros,9,9
grosse,1,1
guerre,10,10
génia,2,2
génial,18,18
général,2,2
gênant,2,4
gêne,4,4
gêner,5,2
gêné,3,4
habitant,2,2
habitants,2,2
habitation,1,1
habitations,1,1
hallucinant,2,2
hantise,2,2
happy,2,2
harceleur,1,1
harceleurs,1,1
harry,2,2
hasard,2,2
hassan,2,2
hausse,2,2
haut,2,2
heureuse,5,5
heureusement,28,28
heureuses,3,3
heureux,60,57
hilare,1,1
hilares,1,1
hillary,2,2
histoire,3,3
homme,4,4
hommes,2,2
homophobe,4,4
homophobes,2,2
homosexualité,4,4
homosexuel,2,1
homosexuelles,1,1
homosexuels,1,1
honneur,8,8
honorer,2,2
honte,12,20
honteux,2,2
horrible,24,24
horribles,2,2
hors,4,4
humain,3,3
humains,1,1
humanisent,1,2
humanitaire,2,2
humeur,4,4
humiliante,2,4
humiliation,2,2
humiliations,2,2
humiliées,1,1
humiliés,1,1
hurle,1,1
hurler,1,1
héros,2,2
hôtel-restaurant,1,1
identité,2,2
idole,1,2
idée,2,2
idées,2,2
ii,2,2
ile-de-france,1,1
imaginer,2,2
immense,3,3
immenses,1,1
immonde,4,4
impatiente,2,4
important,1,1
importante,1,1
impressionnant,19,29
impressionnante,2,2
impressionnantes,4,4
impressionnants,3,3
impressionnent,1,2
impressionner,23,8
impressionné,4,8
impressionnés,2,2
inattendu,3,3
inattendue,1,1
inconfortable,2,2
incroyable,10,10
incroyables,6,6
indignation,4,4
industrie,1,1
industries,1,1
indépendant,1,1
indépendants,1,1
influence,1,1
infâme,2,2
injecter,1,1
injectés,1,1
inquiet,57,26
inquiets,14,14
inquiète,31,31
inquiètent,14,14
inquiétant,10,11
inquiétante,5,2
inquiétantes,3,3
inquiéter,24,58
inquiétude,16,16
inquiétudes,6,6
inquiété,2,2
inquiétée,1,2
insolite,10,10
insolites,2,2
installation,1,1
installations,1,1
installer,4,4
insulte,20,20
insulter,15,10
insultes,14,14
insulté,5,10
insultées,1,1
insultés,1,1
insécurité,2,2
intentionné,1,1
intentionnées,1,1
intimidation,1,1
intimidations,1,1
intimider,2,2
intrigant,2,2
intrigué,1,3
intrigués,1,1
introduisent,1,2
intérieur,2,2
iran,2,2
iront,1,1
isoler,1,1
isolées,1,1
jacques,2,2
jalouse,2,2
jalousie,1,1
jalousies,1,1
jaloux,12,7
jean-marie,1,1
jeune,1,1
jeunes,1,1
joie,28,28
jolie,4,2
jong-un,2,2
jouer,2,2
jour,4,4
journaliste,1,1
journalistes,1,1
joviales,1,1
joyeuse,1,1
joyeusement,2,2
joyeux,7,7
jubile,2,2
jubiles,2,2
juif,2,2
juifs,2,2
kiffer,2,2
kim,4,4
l'histoire,1,1
l'influence,1,1
laisse,2,1
laisser,2,3
lassée,3,4
liberté,3,3
libertés,1,1
librement,1,2
licenciées,1,1
loi,7,7
lois,1,1
longtemps,2,2
loup,3,3
loups,1,1
lui-même,1,1
lutter,2,2
là-bas,1,1
léger,1,1
légère,1,1
m'aurait,1,1
macron,4,4
magique,7,7
magiques,1,1
magnifique,3,3
magnifiques,1,1
maillot,2,2
maison,1,1
maisons,1,1
maladie,4,4
maladies,2,2
malaise,4,4
malheur,30,30
malheureuse,1,2
malheureusement,12,12
malheureuses,1,1
malheureux,4,3
maltraité,1,1
maltraités,1,1
manger,2,2
mariage,2,2
markle,2,2
marrant,16,14
marrantes,3,3
marre,10,10
mars,2,2
massif,1,1
massive,1,1
mauvais,6,6
mauvaise,5,5
mauvaises,1,1
maximum,2,2
mdrrrrrr,2,2
mdrrrrrrrrrrrrrrrr,2,2
meghan,2,2
meilleur,1,1
meilleure,1,1
membre,1,1
membres,1,1
menace,30,42
menacent,7,7
menacer,56,43
menaces,6,6
menacé,7,7
menacée,3,3
menacées,1,1
menacés,6,6
menaçaient,1,2
menaçait,3,3
menaçant,4,7
menaçante,7,4
menaçants,1,1
mer,2,2
merci,2,2
merveilleux,10,10
mette,1,1
mettre,3,3
mieux,4,4
milieu,2,2
militaire,2,2
militaires,2,2
million,1,1
millions,1,1
minable,8,8
ministre,5,5
ministres,1,1
misère,4,4
moche,2,2
monde,6,6
mont,2,2
montagne,4,4
montre,3,2
montrer,2,4
montée,2,2
moquerie,1,1
moqueries,1,1
moqué,1,2
mordre,4,4
mort,8,8
mortalité,2,2
mourir,6,6
mouvement,2,2
mskn,2,2
musulman,1,1
musulmans,1,1
mystérieusement,2,2
mène,2,1
mécontent,10,9
mécontente,1,2
mécontentement,30,31
mécontentements,3,3
mécontentent,1,2
mécontentes,1,1
mécontents,8,8
méfiance,10,10
méfiant,2,1
méfiantes,1,1
méfiants,1,1
mélancolie,2,2
métier,2,2
mêmes,1,1
n'avais,1,1
nap,2,2
napoléon,2,2
national,2,2
nature,4,4
nauséabonde,1,2
neige,1,1
neiges,1,1
nerveuse,1,1
nerveux,1,1
noir,2,2
noires,1,1
noirs,1,1
nom,2,2
nombre,2,2
nombreuses,3,3
nombreux,5,5
nord,6,6
nord-coréens,1,1
nostalgie,2,2
notamment,2,2
nouveau,4,4
nouvelle,1,1
nouvelles,1,1
nt,2,2
nucléaire,3,3
nucléaires,1,1
objectif,2,2
objet,2,2
objets,2,2
obliger,3,2
obligerait,1,2
obligés,2,2
obéir,2,2
occasion,2,2
océan,1,1
océans,1,1
oiseau,1,1
oiseaux,1,1
oncle,2,2
onde,1,1
ondes,1,1
opposer,1,1
opposé,1,1
optimiste,2,2
opération,1,1
opérations,1,1
original,1,1
originale,1,1
oscar,2,2
oscars,2,2
ouragan,1,1
ouragans,1,1
ours,2,2
paix,2,2
panique,18,18
paniquer,4,2
paniqué,4,6
paranoïa,2,2
paraître,2,2
parce,4,4
pardon,2,2
parlait,1,1
parler,9,9
parmi,2,2
part,4,4
parti,4,4
particularité,2,2
particulier,5,5
particulièrement,6,6
particulières,1,1
partie,2,3
parties,1,1
parvenaient,1,2
passe,1,1
passer,3,3
patron,1,1
patrons,1,1
pavoise,2,2
pavoises,2,2
pays,32,32
paysage,1,1
paysages,1,1
pd,2,2
peine,7,7
peines,1,1
peinture,1,1
peintures,1,1
pen,2,2
pendant,4,4
pension,2,2
perde,1,2
perdre,5,5
perdues,1,1
personnes,3,3
persécution,3,3
persécutions,3,3
persécutées,2,2
pestilentielle,2,2
petit,11,11
petite,1,1
peu,68,68
peuple,3,3
peuples,1,1
peur,262,262
photographie,1,1
photographies,1,1
piste,1,1
pistes,1,1
plaire,2,1
plaisant,1,9
plaisante,14,7
plaisanterie,2,2
plaisent,1,2
plaisir,44,44
planète,6,6
plaît,2,1
plein,4,6
pleine,4,2
pleurer,2,2
pleuvoir,1,1
plu,1,1
plutôt,6,6
pointu,1,1
pointus,1,1
poisson,1,1
poissons,1,1
pokémon,2,2
police,2,2
politique,4,4
politiques,2,2
pollution,4,4
polémique,2,2
portable,2,2
porter,2,2
porterait,2,2
positif,1,1
positive,1,1
possible,1,1
possibles,1,1
possèdent,1,1
posséder,1,1
potentielle,6,3
pourraient,1,1
pourrait,2,2
poussin,2,2
premier,3,3
première,3,3
prendre,2,2
prestige,4,4
prestigieuse,2,2
prestigieuses,1,1
prestigieux,7,7
prison,2,2
prix,6,6
problème,3,3
problèmes,1,1
produire,2,2
produit,2,2
produits,2,2
profiter,2,2
projet,2,2
promettre,1,1
promis,1,1
proposent,1,1
proposer,1,1
protéger,4,4
protégé,1,1
protégés,1,1
province,1,1
provinces,1,1
provoquant,1,1
provoque,1,1
provoquer,2,2
près,2,2
préoccupant,3,3
préoccupants,1,1
préoccupation,5,5
préoccupations,3,3
préoccupe,1,2
présent,2,2
présenter,1,1
présentés,1,1
président,14,12
présidente,2,4
psychologique,1,1
psychologiques,1,1
psychose,2,2
pu,2,2
public,2,2
puisse,1,1
puissent,2,2
puni,1,1
punir,1,1
punition,2,2
père,8,8
pénible,6,6
qu'il,1,1
qu'on,3,3
quelqu,1,1
quotidien,1,1
quotidiennes,1,1
rabaisser,2,2
racisme,2,2
rage,2,2
ragoûtant,1,2
ranger,2,2
rapportent,2,2
rapporter,2,2
rapprochement,2,2
ravi,8,15
ravie,5,5
ravir,9,2
ravis,2,2
raz-de-marée,1,1
recevoir,3,3
redoutables,2,1
redoutaient,1,2
redoutant,1,1
redoute,12,6
redoutent,2,4
redouter,7,10
redouté,1,1
redémarrera,1,2
refuser,1,1
refusé,1,1
regret,2,2
regrettable,2,2
regrettaient,2,2
regrette,8,8
regretter,8,8
reine,2,2
rejeter,1,1
rejetés,1,1
relais,2,2
remette,1,1
remettre,1,1
remords,4,2
rencontrer,2,2
rende,1,1
renvoyer,3,2
renvoyés,1,1
représaille,1,1
représailles,1,1
représentent,1,1
représenter,1,1
respectent,1,1
respecter,1,1
responsable,1,1
responsables,1,1
retiennent,1,2
retraité,1,1
retraités,1,1
retrouver,2,2
revenant,1,1
revendiquent,1,1
revendiquer,1,1
revenir,2,2
revienne,1,1
revit,4,2
reçoivent,1,1
riche,2,2
ridicule,3,3
ridicules,1,1
rigolo,7,5
rigolos,1,1
rigolote,1,2
rigolotes,1,1
rire,4,6
risque,20,20
risquer,4,3
risquerait,1,1
risques,6,6
risqué,1,2
rohani,2,2
rompe,1,2
ronchonner,2,2
rouge,1,1
rouges,1,1
royal,2,2
royaume-uni,1,1
rès,1,2
ré-autoriser,1,1
réagi,2,1
réalisable,2,2
réaliser,2,2
réalisé,1,1
réalisées,1,1
réchauffement,4,4
réclamer,2,2
récréation,2,2
réduire,1,1
réduites,1,1
région,2,2
réjouir,3,3
réjouissent,1,1
réjouit,2,2
réponde,1,1
répondre,1,1
répression,2,2
réserver,1,1
réservoir,1,1
réservoirs,1,1
réservée,1,1
résultat,1,1
résultats,1,1
réunir,2,2
réussir,2,2
réveiller,2,2
révolte,2,2
révolté,2,2
révoltée,1,2
rêve,2,2
s'inquiète,1,1
s'étonner,2,2
sacrer,1,1
sacrée,1,1
salarié,1,1
salariés,1,1
salle,2,2
salles,2,2
santé,12,12
satisfaction,4,4
satisfaire,11,9
satisfait,3,5
satisfaites,1,1
satisfaits,1,1
saucisson,2,2
scandale,10,10
scandalisé,2,4
sculpture,1,1
sculptures,1,1
second,2,2
secret,1,1
secrètes,1,1
seize,2,2
sens,2,2
sensible,1,1
sensibles,1,1
senti,3,3
sentiment,2,2
sentir,3,3
sentirais,1,2
serait,1,1
serveuse,1,1
serveuses,1,1
service,2,2
servir,2,2
seul,2,2
sidéré,1,1
sidérés,1,1
site,1,1
sites,1,1
situation,2,2
slip,2,2
soient,4,3
soit,6,6
somme,2,2
sortent,2,1
sortir,2,3
souci,5,5
soucis,1,1
souffert,2,4
souffle,2,2
souffraient,4,4
souffrait,1,2
souffrance,4,4
souffrant,1,1
souffre,1,1
souffrent,3,3
souffrir,28,25
source,1,1
sources,1,1
sourire,2,2
soutenir,1,1
soutiennent,1,1
spectaculaire,14,14
stress,4,4
stressant,4,4
stresse,2,2
stressé,3,6
stressée,1,2
stupeur,2,2
stupéfait,4,6
stupéfaite,2,2
stupéfaits,2,2
subi,1,1
subir,13,15
subissent,4,4
subit,4,2
submersion,2,2
succulent,2,2
sud,2,2
suffisamment,2,2
suffit,2,1
suite,2,2
sujet,2,2
super,10,10
surprenant,13,13
surprenante,4,4
surprenants,1,1
surprend,1,1
surprendre,13,18
surpris,19,11
surprise,82,85
surprises,5,5
surveillance,2,2
susceptible,2,2
sympa,7,7
sympas,1,1
système,2,2
sécurité,2,2
sérieusement,2,2
sévit,1,2
sévère,2,2
sévères,2,2
t'inquiète,2,2
technologie,2,2
tellement,12,12
tendu,1,6
tendue,4,4
tension,5,5
tensions,5,5
terrassés,2,2
terre,1,1
terres,1,1
terreur,2,2
terrible,26,26
terribles,2,2
terrifiant,1,1
terrifiants,1,1
territoire,2,2
terroriser,3,2
terroriste,8,8
terroristes,2,2
terrorisé,3,4
timide,3,3
timidement,4,4
timides,1,1
timidité,4,4
toilette,1,1
toilettes,1,1
top,2,2
tort,2,2
totalement,2,2
touchent,1,1
toucher,2,2
touchées,1,1
tour,2,2
trac,2,2
tracasse,1,2
tradition,1,1
traditions,1,1
train,2,2
traite,2,1
traiter,7,3
traité,5,10
tranche,2,2
transformer,2,2
transport,1,1
transports,1,1
traumatisme,4,4
traumatisé,1,2
travail,8,8
travailler,4,4
travailleur,1,1
travailleurs,1,1
triste,48,48
tristes,8,8
tristesse,20,20
troublé,1,3
troublée,2,1
troupeau,1,1
troupeaux,1,1
trouver,2,2
truc,2,2
trump,8,8
trône,2,2
tsunami,2,2
tuer,2,2
tumulte,1,2
téléphone,2,2
télévision,2,2
tête,6,6
ue,2,2
urgent,2,2
utilisation,2,2
utiliser,3,3
utilisées,1,1
vaccin,2,2
vague,2,2
vaincre,2,2
venir,5,6
ventre,2,2
verre,2,2
vexe,4,8
vexer,4,2
vexé,6,6
victime,6,6
victimes,2,2
vie,16,16
vienne,2,1
viennent,1,1
village,2,2
violence,5,5
violences,3,3
virus,4,4
voie,2,2
voir,16,16
volcan,2,2
vote,2,2
voter,4,4
voulaient,3,3
vraie,8,4
vraiment,16,16
vrombissement,1,2
végan,1,1
végans,1,1
vénère,2,2
vénérer,2,2
véritable,10,10
william,2,2
yeux,2,2
zone,1,1
zones,1,1
«,12,12
»,12,12
ébahi,4,4
ébahie,2,2
éblouis,1,1
éclater,1,1
éclaté,1,1
école,6,6
économie,2,2
écraser,1,1
écrasés,1,1
écroule,1,1
écœurée,1,2
égard,2,2
égayer,2,2
électoral,2,2
électorale,2,2
électrique,2,2
électrisée,1,2
électromagnétique,1,1
électromagnétiques,1,1
élevé,1,1
élevée,1,1
éliminer,2,2
élire,1,4
élu,6,3
élue,1,1
élève,1,1
élèves,1,1
émerveiller,6,6
émerveillée,4,4
émerveillés,1,2
émises,1,1
émue,3,6
énervait,1,2
énerve,3,6
énervé,2,4
énorme,16,16
épanouir,2,2
épanouissant,2,2
épaté,2,2
épatés,2,2
épidémie,2,2
épidémique,1,1
épidémiques,1,1
épouvante,1,1
équipage,2,2
états-unis,2,2
éternel,1,1
éternelle,1,1
étonnant,38,38
étonnante,10,10
étonne,5,5
étonnement,8,8
étonner,13,18
étonnerait,1,2
étonné,5,5
étonnée,2,1
étonnés,5,5
étouffé,2,2
étrange,11,11
étranger,2,2
étranges,1,1
étudier,2,2
évoluent,1,1
évoluer,1,1
événement,2,2
île,2,2
œuvre,1,1
œuvres,1,1
…,1,1
